"<iframe src=""https://es.pornhub.com/embed/ph5e0e007e9d037"" frameborder=""0"" width=""560"" height=""340"" scrolling=""no"" allowfullscreen></iframe>"TAB"Culos Grandes;Tetas Grandes;Morenas;Mamadas;Sexo Duro;Latinas;Estrellas Porno;Adolescentes;POV;Realidad Virtual;60FPS;180°;3D;POV"TAB"VR BANGERS Sex Practice With Hot Latin Friend VR Porn"TAB"vrbangers,virtual,reality,latin,big;boobs,butt,vrporn,vr;porn,latina,curvy,big;ass,blowjob,cowgirl,riding,missionary,titsjob"TAB"309"TAB"Violet Myers"TAB"https://ci.phncdn.com/videos/202001/02/273261961/original/(m=qHGI8GVbeGcEGgaaaa)(mh=kiKPThVJM6yOPucp)0.jpg"
"<iframe src=""https://es.pornhub.com/embed/ph5e0139f0cf14d"" frameborder=""0"" width=""560"" height=""340"" scrolling=""no"" allowfullscreen></iframe>"TAB"Culos Grandes;Tetas Grandes;Juguetes;Lesbianas;Estrellas Porno;Realidad Virtual;Lamidas de Coño;Tijereta;Al  Dedo;180°;3D"TAB"VRConk Chubby Girls Masturbating With Double Dildo VR Porn"TAB"czech,vrconk,huge;tits,masturbate,adult;toys,virtual,reality,chubby,vrporn,vr;porn,lesbian,bbw,big;ass,big;boobs,dildo,masturbation,office"TAB"215"TAB"Krystal Swift"TAB"https://ci.phncdn.com/videos/201912/23/270858731/original/(m=qRVYIGVbeGcEGgaaaa)(mh=hkyOFT1ERFh9OCDS)0.jpg"
"<iframe src=""https://es.pornhub.com/embed/ph5df23bcb86b08"" frameborder=""0"" width=""560"" height=""340"" scrolling=""no"" allowfullscreen></iframe>"TAB"Rubias;Masturbación;POV;Realidad Virtual;60FPS;180°;3D"TAB"SinsVR - 180 VR Porn - Adira Allure - Im such a tease!"TAB"sinsvr,virtual,reality,petite,masturbate,fingering,striptease,trimmed;pussy,young,natural;tits,180;vr,60;fps,english;spanking,lapdance,tease,virtual;pov"TAB"301"TAB""TAB"https://ci.phncdn.com/videos/201912/12/268109782/original/(m=qH4ZK-UbeGcEGgaaaa)(mh=k7Msn6pETKmaSkDg)0.jpg"
"<iframe src=""https://es.pornhub.com/embed/ph5defb54423f45"" frameborder=""0"" width=""560"" height=""340"" scrolling=""no"" allowfullscreen></iframe>"TAB"Vergas grandes;Rubias;Estrellas Porno;Adolescentes;POV;Tetas pequeñas;Tríos;Realidad Virtual;60FPS;180°;3D"TAB"BaDoinkVR Jill Kassidy and Kiara Cole Need Big Cock For Their Game"TAB"virtual;reality,pov,3d,badoink;vr,vr;porn,teen,petite,small;tits,girl;on;girl,threesome,babe,big;cock,thick;dick,deep;throat,brunette,orgasm"TAB"301"TAB"Jill Kassidy;Kiara Cole"TAB"https://ci.phncdn.com/videos/201912/10/267644062/original/(m=qI6Y-_UbeGcEGgaaaa)(mh=DIXg25SSobryUyKW)0.jpg"
"<iframe src=""https://es.pornhub.com/embed/ph5e04cd8910dcf"" frameborder=""0"" width=""560"" height=""340"" scrolling=""no"" allowfullscreen></iframe>"TAB"Culos Grandes;Rubias;Mamadas;Estrellas Porno;Adolescentes;POV;Tetas pequeñas;Realidad Virtual;180°;3D;POV"TAB"SexBabesVR - 180 VR Porn - Sexy Guitar Solo with Alecia Fox"TAB"sexbabesvr,virtual,reality,180;vr,60;fps,trimmed;pussy,guitar,musician,student,art,blowjob,cowgirl,missionary,doggy;style"TAB"363"TAB"Alecia Fox"TAB"https://ci.phncdn.com/videos/201912/26/271474801/original/(m=q8_1PGVbeGcEGgaaaa)(mh=I3eIPZlslT8Megko)0.jpg"
"<iframe src=""https://es.pornhub.com/embed/ph5deb8f8bb9af9"" frameborder=""0"" width=""560"" height=""340"" scrolling=""no"" allowfullscreen></iframe>"TAB"Culos Grandes;Tetas Grandes;Sexo Duro;POV;Realidad Virtual;60FPS;180°;3D"TAB"Pov Morning Fucking"TAB"virtual,reality,pov,young,pawg,whooty,slim;thicc,reverse;cowgirl,curvy,ginger,red;heard,big;white;cock,big;natural;tits,missionary"TAB"2345"TAB""TAB"https://ci.phncdn.com/videos/201912/07/266878482/original/(m=eGcEGgaaaa)(mh=wfseBH7y8huK0XJU)6.jpg"
"<iframe src=""https://es.pornhub.com/embed/ph5e1aac1df3c71"" frameborder=""0"" width=""560"" height=""340"" scrolling=""no"" allowfullscreen></iframe>"TAB"Asiáticas;Vergas grandes;Morenas;MILF;Anal;POV;Tetas pequeñas;Transgénero;Realidad Virtual;60FPS;180°;3D"TAB"Virtual Venus"TAB"mtf,shemale,trans,small;boobs,big;cock,point;of;view,asian,milf,mom,virtual;reality,big;dick,riding,handjob,doggystyle"TAB"1011"TAB""TAB"https://ci.phncdn.com/videos/202001/12/275930561/original/(m=eGcEGgaaaa)(mh=dGXjQEiGz1ajleNv)8.jpg"
"<iframe src=""https://es.pornhub.com/embed/ph5dd3ec8d802b4"" frameborder=""0"" width=""560"" height=""340"" scrolling=""no"" allowfullscreen></iframe>"TAB"Tetas Grandes;Morenas;MILF;Estrellas Porno;Realidad Virtual;60FPS;Solitaria;180°;3D"TAB"Must-see fuckdoll solo with VR bombshell Krystal Webb in POV masturbation"TAB"ddfnetwork,ddfnetworkvr,big;boobs,masturbate,mom,mother,virtual,reality,ddf;vr,ddf;porn,vr;porn,masturbation;porn,big;tits;porn,brunette;hair;porn,sex;toys;porn,virual;reality;porn"TAB"511"TAB"Krystal Webb"TAB"https://ci.phncdn.com/videos/201911/19/262734092/original/(m=eGcEGgaaaa)(mh=eYBM0OU1ylaTsxMc)10.jpg"
"<iframe src=""https://es.pornhub.com/embed/ph5d52ee7392615"" frameborder=""0"" width=""560"" height=""340"" scrolling=""no"" allowfullscreen></iframe>"TAB"Culos Grandes;Babe;Tetas Grandes;Morenas;Pajas;Sexo Duro;Estrellas Porno;Realidad Virtual;60FPS;180°;3D"TAB"Naughty America - Ivy LeBelle Fucks you in VR"TAB"butt,big;boobs,virtual,reality,naughtyamericavr,bubble;butt,caucasian,cum;on;pussy,cum;on;stomach,deepthroating,fake;tits,hairy;bush,hand;job,high;heels,lingerie,masturbation"TAB"845"TAB"Ivy Lebelle"TAB"https://ci.phncdn.com/videos/201908/13/241526971/original/(m=eGcEGgaaaa)(mh=A_-mVpTXWOWfUPcb)12.jpg"
"<iframe src=""https://es.pornhub.com/embed/ph5e0fa9fc0f1d3"" frameborder=""0"" width=""560"" height=""340"" scrolling=""no"" allowfullscreen></iframe>"TAB"Morenas;Mamadas;Sexo Duro;Estrellas Porno;Realidad Virtual;60FPS;180°;3D"TAB"WETVR Soon To Be Evicted Girl Fucks in VR To Pay Rent"TAB"wetvr,big;boobs,virtual,reality,vr,vrporn,brunette,big;tits,busdty,alexis;adams,pov,blowjob,hardcore,sex,oral;sex,shaved;pussy"TAB"385"TAB"Alexis Adams"TAB"https://ci.phncdn.com/videos/202001/03/273615121/original/(m=qRXT-GVbeGcEGgaaaa)(mh=9sKC0jDJ9Xo-vLbV)0.jpg"
"<iframe src=""https://es.pornhub.com/embed/ph5db2d53c89ca9"" frameborder=""0"" width=""560"" height=""340"" scrolling=""no"" allowfullscreen></iframe>"TAB"Rubias;Estrellas Porno;POV;Realidad Virtual;Mujeres Tatuadas;180°;3D"TAB"VRCosplayX XXX BABES IN LATEX Parody Compilation In POV Virtual Reality"TAB"badoink,virtual;reality,3d,pov,vr;porn,cosplay,parody,compilation,latex,babe,the;wizard;of;oz,power;rangers,x;men;psylocke,stripperella,natural;tits,cumshot"TAB"741"TAB"Ava Austen;Bunny Colby;Jill Kassidy;Liv Revamped"TAB"https://ci.phncdn.com/videos/201910/25/257120761/original/(m=q1M5L7UbeGcEGgaaaa)(mh=s1tHVA0hr1IVlENN)0.jpg"
"<iframe src=""https://es.pornhub.com/embed/ph5daea02dc4f4f"" frameborder=""0"" width=""560"" height=""340"" scrolling=""no"" allowfullscreen></iframe>"TAB"Tetas Grandes;Pajas;Adolescentes;POV;Realidad Virtual;Japonésas;180°;3D;POV"TAB"TEST_016"TAB"virtual,reality,big;boobs"TAB"2386"TAB""TAB"https://ci.phncdn.com/videos/201910/22/256462411/original/(m=eGcEGgaaaa)(mh=lQ52PrwOsnWe4QqD)3.jpg"
"<iframe src=""https://es.pornhub.com/embed/ph5e174e8bb7b8a"" frameborder=""0"" width=""560"" height=""340"" scrolling=""no"" allowfullscreen></iframe>"TAB"Morenas;Sexo Duro;Tetas pequeñas;Realidad Virtual;180°;3D;POV"TAB"VR 180 - Kimber Woods Goes To The Sauna To Hook Up"TAB"vr,virtual;reality,vr180,vr;pov,pov,brunette,natural;tits,small;tits,fingering,bj,blowjob,sucking;dick,shaved;pussy,cumshot,cum,sauna"TAB"300"TAB""TAB"https://ci.phncdn.com/videos/202001/09/275222651/original/(m=eGcEGgaaaa)(mh=wR8SzW_tR6KmYzvs)0.jpg"
"<iframe src=""https://es.pornhub.com/embed/ph5ddf854d244b6"" frameborder=""0"" width=""560"" height=""340"" scrolling=""no"" allowfullscreen></iframe>"TAB"Tetas Grandes;Morenas;Sexo Duro;Latinas;Estriptís;Adolescentes;POV;Realidad Virtual;360°;2D"TAB"VRLatina - Stunning Latin Beauty Strips And Fucks You"TAB"vrlatina,butt,big;boobs,latin,teenager,young,point;of;view,virtual,reality,latina,pov,vr,virtual;reality,vr;porn,curvy,hottie"TAB"308"TAB""TAB"https://ci.phncdn.com/videos/201911/28/264751652/original/(m=q_GQ-9UbeGcEGgaaaa)(mh=UwA_9lMuxZL5mTYv)0.jpg"
"<iframe src=""https://es.pornhub.com/embed/ph5df2b0db9100a"" frameborder=""0"" width=""560"" height=""340"" scrolling=""no"" allowfullscreen></iframe>"TAB"Culos Grandes;Babe;Tetas Grandes;Morenas;Mamadas;Creampie;Latinas;POV;Realidad Virtual;60FPS;180°;3D;POV"TAB"Sahara Leone - MilfVR - Practice Makes Perfect"TAB"milfvr,virtual,reality,mom,mother,chubby,big;boobs,latin,hardcore,sex,pov,thick,curvy,milf,cougar,blowjob"TAB"208"TAB""TAB"https://ci.phncdn.com/videos/201912/12/268200352/original/(m=eGcEGgaaaa)(mh=7APmCsa2ElLH7cMT)10.jpg"
"<iframe src=""https://es.pornhub.com/embed/ph5dfb562295862"" frameborder=""0"" width=""560"" height=""340"" scrolling=""no"" allowfullscreen></iframe>"TAB"Culos Grandes;Vergas grandes;Tetas Grandes;Sexo Duro;Estrellas Porno;Adolescentes;POV;Realidad Virtual;60FPS;Mujeres Tatuadas;180°;3D;POV"TAB"18VR Make-Up Sex With Busty Inked Teen GF Liya Silver"TAB"virtual;reality,pov,teen,vr;porn,3d,18vr,brunette,big;tits,tattoo,inked,make;up,shower,big;cock,licking;pussy,blowjob,hardcore"TAB"315"TAB"Liya Silver"TAB"https://ci.phncdn.com/videos/201912/19/269777581/original/(m=q_N52-UbeGcEGgaaaa)(mh=VGbFQxvX0ILWOhR1)0.jpg"
"<iframe src=""https://es.pornhub.com/embed/ph5defb02ed754e"" frameborder=""0"" width=""560"" height=""340"" scrolling=""no"" allowfullscreen></iframe>"TAB"Babe;Morenas;Mamadas;Masturbación;Estrellas Porno;Adolescentes;Tetas pequeñas;Realidad Virtual;60FPS;180°;3D"TAB"TmwVRnet - Adelle & Cindy Shine - Dude feeds two hot cuties"TAB"tmwvrnet,masturbate,petite,teenager,young,virtual,reality,bgg,blowjob,brunette,cowgirl,cum;in;mouth,fingering,group,hairy,handjob"TAB"409"TAB"Cindy Shine"TAB"https://ci.phncdn.com/videos/201912/10/267635882/original/(m=eGcEGgaaaa)(mh=QThPFFcOCKf8GCg4)13.jpg"
"<iframe src=""https://es.pornhub.com/embed/ph5e05f927ac9e6"" frameborder=""0"" width=""560"" height=""340"" scrolling=""no"" allowfullscreen></iframe>"TAB"Culos Grandes;Babe;Mamadas;Estrellas Porno;POV;Pelirojas;Tetas pequeñas;Realidad Virtual;60FPS;180°;3D;POV"TAB"VR BANGERS Alluring Redhead Escort Girl In Hot Lingerie In Your Bed VR Porn"TAB"vrbangers,petite,redhead,virtual,reality,vrporn,vr;porn,small;tits,blowjob,cowgirl,riding,stockings,lingerie,pov,doggy;style,missionary"TAB"318"TAB"Jillian Janson"TAB"https://ci.phncdn.com/videos/201912/27/271693681/original/(m=qHWNSGVbeGcEGgaaaa)(mh=y8IZIwnziWSK-KiY)0.jpg"
"<iframe src=""https://es.pornhub.com/embed/ph5de824fa58a1d"" frameborder=""0"" width=""560"" height=""340"" scrolling=""no"" allowfullscreen></iframe>"TAB"Vergas grandes;Morenas;Eyaculaciones;Sexo Duro;Estrellas Porno;POV;Tetas pequeñas;Realidad Virtual;60FPS;180°;3D"TAB"VRHUSH Fucking the food delivery driver Alex Coal"TAB"vrhush,petite,virtual,reality,pov,hardcore,handjob,brunette,natural;tits,shaved,doggystyle,blowjob,swallowing,vr;180,virtual;reality;pov,virtual;reality;sex"TAB"361"TAB"Alex Coal;Quinton James"TAB"https://ci.phncdn.com/videos/201912/04/266281512/original/(m=q5JQW_UbeGcEGgaaaa)(mh=913wZ64FmeiZYLqV)0.jpg"
"<iframe src=""https://es.pornhub.com/embed/ph5df3db80dfef9"" frameborder=""0"" width=""560"" height=""340"" scrolling=""no"" allowfullscreen></iframe>"TAB"Vergas grandes;Rubias;Sexo Duro;Juguetes;Adolescentes;Realidad Virtual;60FPS;Fantasias  de Padrastro;180°;3D"TAB"BaDoinkVR Step Sister Angelika Grays Changes Sex Toy For A Big D"TAB"virtual;reality,pov,3d,badoink;vr,vr;porn,teen,petite,small;tits,female,sex;toys,step;sister,taboo,stepfamily;roleplay,big;cock,doggystyle,riding"TAB"301"TAB""TAB"https://ci.phncdn.com/videos/201912/13/268414372/original/(m=q7K7N-UbeGcEGgaaaa)(mh=GNQh-IZ-tJtn6DXj)0.jpg"
"<iframe src=""https://es.pornhub.com/embed/ph5e01229fa8146"" frameborder=""0"" width=""560"" height=""340"" scrolling=""no"" allowfullscreen></iframe>"TAB"Sexo Duro;Realidad Virtual;180°;3D;POV"TAB"VR 180 - Ella Knox wakes up early to surprise Charles for his Birthday"TAB"virtual;reality,ella;knox,charles;dera,brunette,big;tits,big;boobs,big;butt,big;ass,doggystyle,bj,blowjob,sucking;dick,cowgirl,riding;cock,reverse;cowgirl,vr"TAB"300"TAB""TAB"https://ci.phncdn.com/videos/201912/23/270839061/original/(m=eGcEGgaaaa)(mh=Qw5M3fR_2sByNmzt)0.jpg"
"<iframe src=""https://es.pornhub.com/embed/ph5db17088903d7"" frameborder=""0"" width=""560"" height=""340"" scrolling=""no"" allowfullscreen></iframe>"TAB"Tetas Grandes;Rubias;Masturbación;MILF;Estrellas Porno;Realidad Virtual;Fantasias  de Padrastro;180°;3D"TAB"VIRTUAL OO - Big Titty Club"TAB"czech,virtualtaboo,busty,masturbate,butt,big;boobs,stepmom,role;play,taboo,virtual;reality,piercing,shaved;pussy,big;tits,big;natural;tits,solo,blonde,babe"TAB"359"TAB"Angel Wicky"TAB"https://ci.phncdn.com/videos/201910/24/256898461/original/(m=qGK9I7UbeGcEGgaaaa)(mh=dQx0QIQy9Ez1r_35)0.jpg"
"<iframe src=""https://es.pornhub.com/embed/ph5c6be34067393"" frameborder=""0"" width=""560"" height=""340"" scrolling=""no"" allowfullscreen></iframe>"TAB"Tetas Grandes;Estrellas Porno;POV;Pelirojas;Realidad Virtual;60FPS;180°;3D"TAB"Redhead Star"TAB"realjamvr,big;boobs,redhead,skinny,virtual,reality,hardcore,pov,brunette,perky;tits,slim,petite,sensual,erotic,casting"TAB"305"TAB"Dani Jensen"TAB"https://ci.phncdn.com/videos/201902/19/208606271/original/(m=eGcEGgaaaa)(mh=Zp_ik6lTXew-iw_k)13.jpg"
"<iframe src=""https://es.pornhub.com/embed/ph5dfb82ce21c23"" frameborder=""0"" width=""560"" height=""340"" scrolling=""no"" allowfullscreen></iframe>"TAB"Rubias;Eyaculaciones;Sexo Duro;Transgénero;Francesas;Realidad Virtual;60FPS;Trans con Chicos;180°;3D"TAB"New Year's Dreams Cum True POV"TAB"tsvirtuallovers,angelina;torres,virtual,reality,virtual;reality;sex,vr,vr;porn,vr;shemale,vr;tranny,new;years;eve,party,cock;sucking,doggystyle,titty;fuck"TAB"868"TAB""TAB"https://ci.phncdn.com/videos/201912/19/269805031/original/(m=q6XK3-UbeGcEGgaaaa)(mh=ly-Wo_htplksHiYH)0.jpg"
"<iframe src=""https://es.pornhub.com/embed/ph5dbbc80135e09"" frameborder=""0"" width=""560"" height=""340"" scrolling=""no"" allowfullscreen></iframe>"TAB"Culos Grandes;Babe;Tetas Grandes;Mamadas;Fetiches;Adolescentes;Realidad Virtual;60FPS;Japonésas"TAB"CUTE OILED UP ASIAN MAID IN VR - [WAVR-058] 4K/VR/POV"TAB"teenager,young,big;boobs,butt,virtual,reality,teen,asian,japanese,vr,pov,oil,oiled;sex,maid,stockings,jav"TAB"3720"TAB""TAB"https://ci.phncdn.com/videos/201911/01/258578042/original/(m=eGcEGgaaaa)(mh=YysnpQwZuIHskzpR)12.jpg"
"<iframe src=""https://es.pornhub.com/embed/ph5df28af0612cd"" frameborder=""0"" width=""560"" height=""340"" scrolling=""no"" allowfullscreen></iframe>"TAB"Vergas grandes;Morenas;Mamadas;Sexo Duro;Estrellas Porno;Realidad Virtual;180°;3D"TAB"WETVR Round Booty Brunette Creams On Big Dick"TAB"wetvr,virtual,reality,big;cock,vr,brunette,harmony;wonder,small;tits,big;dick,blowjob,oral;sex,cowgirl,reverse;cowgirl,creampie,hardcore,sex"TAB"388"TAB"Harmony Wonder"TAB"https://ci.phncdn.com/videos/201912/12/268168812/original/(m=qR4ML-UbeGcEGgaaaa)(mh=oRfLRNEh70i7-l_M)0.jpg"
"<iframe src=""https://es.pornhub.com/embed/ph5db5acba0459b"" frameborder=""0"" width=""560"" height=""340"" scrolling=""no"" allowfullscreen></iframe>"TAB"Vergas grandes;Morenas;Mamadas;Eyaculaciones;Estrellas Porno;POV;Realidad Virtual;360°;3D"TAB"EvilEyeVR - A Desert Fantasy with very horny Moka Mora"TAB"evileyevr,big;cock,point;of;view,virtual;reality,vrporn,vr;porn,360;Vr,60fps,4k;60fps,blowjob,big;boobs,desert,doggystyle,cowgirl,reverse;cowgirl"TAB"416"TAB"Moka Mora"TAB"https://ci.phncdn.com/videos/201910/27/257571661/original/(m=eGcEGgaaaa)(mh=CiP6QV-Slnsh-83U)10.jpg"
"<iframe src=""https://es.pornhub.com/embed/ph5daa2d43081e6"" frameborder=""0"" width=""560"" height=""340"" scrolling=""no"" allowfullscreen></iframe>"TAB"Orgías;Culos Grandes;Vergas grandes;Tetas Grandes;Rubias;Mamadas;Adolescentes;POV;Realidad Virtual;60FPS;180°;3D"TAB"Naughty America - Cum visit The Big Tits Bar"TAB"naughtyamericavr,big;boobs,big;cock,butt,four;or;more,foursome,4some,naughty;america;vr,virtual;reality,vr;porn,blonde,teen,young,busty"TAB"767"TAB""TAB"https://ci.phncdn.com/videos/201910/18/255724421/original/(m=q75S06UbeGcEGgaaaa)(mh=8N14gMGGdJTIPjpQ)0.jpg"
"<iframe src=""https://es.pornhub.com/embed/ph56f2f2fa1975f"" frameborder=""0"" width=""560"" height=""340"" scrolling=""no"" allowfullscreen></iframe>"TAB"Culos Grandes;Tetas Grandes;Eyaculaciones;POV;Realidad Virtual;Música;180°;3D"TAB"After Party"TAB"teasing,point;of;view,virtual;reality,pov,vr,brunette,bubble;butt,big;boobs,fake;tits,music,fingering,masturbation,cock;sucking,cowgirl,reverse;cowgirl,cumshot"TAB"1021"TAB""TAB"https://ci.phncdn.com/videos/201603/23/71838732/original/(m=eGcEGgaaaa)(mh=k9IxtXPmBqoS8_Qy)8.jpg"
"<iframe src=""https://es.pornhub.com/embed/ph5b65aec11fd14"" frameborder=""0"" width=""560"" height=""340"" scrolling=""no"" allowfullscreen></iframe>"TAB"Culos Grandes;Morenas;Masturbación;MILF;Realidad Virtual;Fantasias  de Padrastro;360°;3D"TAB"STEP MOM HELPS SON TO LOSE VIRGINITY VR"TAB"big;tits,pov,vr,sensual,babe,brunette,tease,masturbation,erotic,tattoo,bald;pussy,cowgirl"TAB"1003"TAB""TAB"https://ci.phncdn.com/videos/201808/04/177253111/original/(m=eGcEGgaaaa)(mh=-Nymi9Ksdc1BEvBC)4.jpg"
"<iframe src=""https://es.pornhub.com/embed/ph5de545a7e968c"" frameborder=""0"" width=""560"" height=""340"" scrolling=""no"" allowfullscreen></iframe>"TAB"Vergas grandes;Tetas Grandes;Estrellas Porno;Adolescentes;Realidad Virtual;Japonésas;Parodia;Cosplay;180°;3D"TAB"VRCosplayX Asian Babe Akira Got A New Sexual Robot"TAB"vr;porn,virtual;reality,3d,vrcosplayx,pov,cosplay,babe,teen,asian,videogame,big;tits,akira,robot,astral;chain;xxx,japanese,riding"TAB"301"TAB"Jade Kush"TAB"https://ci.phncdn.com/videos/201912/02/265765242/original/(m=qT8QS_UbeGcEGgaaaa)(mh=X3r36gs4PXBnG2Lt)0.jpg"
"<iframe src=""https://es.pornhub.com/embed/ph5df225391c666"" frameborder=""0"" width=""560"" height=""340"" scrolling=""no"" allowfullscreen></iframe>"TAB"Tetas Grandes;Morenas;Mamadas;Fetiches;Sexo Duro;Estrellas Porno;Realidad Virtual;60FPS;Mujeres Tatuadas;180°;3D"TAB"SexBabesVR - 180 VR Porn - Soft and Sweet with Ashley Woods"TAB"sexbabesvr,virtual,reality,big;boobs,shaved;pussy,footjob,busty,long;hair,pool,180;vr,60;fps,standing;doggystyle,cowgirl,reverse;cowgirl,virtual;sex,virtual;sex;pov"TAB"360"TAB"Ashley Woods"TAB"https://ci.phncdn.com/videos/201912/12/268094112/original/(m=q3NTK-UbeGcEGgaaaa)(mh=3iXWiPXZFbzZvYWy)0.jpg"
"<iframe src=""https://es.pornhub.com/embed/ph5db2cbd72b952"" frameborder=""0"" width=""560"" height=""340"" scrolling=""no"" allowfullscreen></iframe>"TAB"POV;Realidad Virtual;Japonésas;180°;3D"TAB"VR_008-3"TAB"big;boobs,virtual,reality"TAB"1351"TAB""TAB"https://ci.phncdn.com/videos/201910/25/257133831/original/(m=eGcEGgaaaa)(mh=FeNimo9jY-nD-j1n)15.jpg"
"<iframe src=""https://es.pornhub.com/embed/ph59a5d8cd3ed53"" frameborder=""0"" width=""560"" height=""340"" scrolling=""no"" allowfullscreen></iframe>"TAB"Culos Grandes;Tetas Grandes;Mamadas;Eyaculaciones;Sexo Duro;MILF;Estrellas Porno;Adolescentes;POV;Recopilación;Realidad Virtual;Música;180°;3D"TAB"VR PMV - Propaganda"TAB"point;of;view,virtual,reality,vr,pov,pmv,porn;music;video,ass,pussy,face;sitting,twerk,riding,reverse;cowgirl,doggy;stile,cum;shot,tits"TAB"317"TAB""TAB"https://ci.phncdn.com/videos/201708/29/130509441/original/(m=eGcEGgaaaa)(mh=HzK3SsNhgurze2hL)10.jpg"
"<iframe src=""https://es.pornhub.com/embed/ph5da0e9b535bae"" frameborder=""0"" width=""560"" height=""340"" scrolling=""no"" allowfullscreen></iframe>"TAB"Orgías;Rubias;Morenas;Mamadas;Estrellas Porno;Anal;Adolescentes;Masajes;Realidad Virtual;60FPS;180°;3D"TAB"Naughty America Fuck the masseuse"TAB"naughtyamerica,american,anal,athletic;body,big;ass,blonde,blow;job,blue;eyes,brunette,bubble;butt,caucasian,cum;on;ass,group;sex,medium;tits,natural;tits,pov"TAB"792"TAB"Daisy Stone;Jennifer White;Riley Reyes;Sam Shock"TAB"https://ci.phncdn.com/videos/201910/11/254238291/original/(m=q3W9H6UbeGcEGgaaaa)(mh=f6_F-SZg1xwrQ3G2)0.jpg"
"<iframe src=""https://es.pornhub.com/embed/ph5dd3db5f1d426"" frameborder=""0"" width=""560"" height=""340"" scrolling=""no"" allowfullscreen></iframe>"TAB"Mamadas;Sexo Duro;Estrellas Porno;Adolescentes;Tetas pequeñas;Realidad Virtual;60FPS;180°;3D"TAB"VR BANGERS Naughty Teen Gets Fucked Hard On The Hoverboard VR Porn"TAB"vrbangers,virtual,reality,vrporn,vr;porn,pov,blowjob,brunette,teen,petite,skinny,cowgirl,riding"TAB"313"TAB"Jaye Summers"TAB"https://ci.phncdn.com/videos/201911/19/262724092/original/(m=q2W8N9UbeGcEGgaaaa)(mh=PHdtZAzh4PS9ke1s)0.jpg"
"<iframe src=""https://es.pornhub.com/embed/ph5d4e238feb10f"" frameborder=""0"" width=""560"" height=""340"" scrolling=""no"" allowfullscreen></iframe>"TAB"Aficionado;Fetiches;Adolescentes;POV;Tetas pequeñas;Realidad Virtual;Japonésas;360°;2D;POV"TAB"bzvr010"TAB"kink,virtual,reality"TAB"2364"TAB""TAB"https://ci.phncdn.com/videos/201908/10/240746331/original/(m=eGcEGgaaaa)(mh=F76dG7K_Jgm0CyYk)2.jpg"
"<iframe src=""https://es.pornhub.com/embed/ph5dfa461c16b77"" frameborder=""0"" width=""560"" height=""340"" scrolling=""no"" allowfullscreen></iframe>"TAB"Culos Grandes;Morenas;Sexo Duro;Juguetes;Estrellas Porno;Adolescentes;Realidad Virtual;60FPS;Fantasias  de Padrastro;180°;3D"TAB"BaDoinkVR Step Sister Carolina Abril Caught Being Naughty And Fucked After"TAB"spanish,virtual;reality,pov,3d,badoink;vr,vr;porn,teen,petite,small;tits,sex;toys,step;sister,taboo,stepfamily;roleplay,babe,big;cock,missionary,riding"TAB"301"TAB"Carolina Abril"TAB"https://ci.phncdn.com/videos/201912/18/269588801/original/(m=q3Z02-UbeGcEGgaaaa)(mh=XM1TryMdiNKD5Iiq)0.jpg"
"<iframe src=""https://es.pornhub.com/embed/ph5e01228fde17b"" frameborder=""0"" width=""560"" height=""340"" scrolling=""no"" allowfullscreen></iframe>"TAB"Morenas;Sexo Duro;Realidad Virtual;180°;3D;POV"TAB"VR 180 - Kendra Spade Wants To Get Fucked For Her New Years Resolution"TAB"brazzers,virtual;reality,vr,vr180,brunette,bj,blowjob,sucking;dick,kendra;spade,logan;long,cowgirl,riding;cock,revere;cowgirl,new;years,bubble;butt,natural;tits"TAB"300"TAB""TAB"https://ci.phncdn.com/videos/201912/23/270838741/original/(m=eGcEGgaaaa)(mh=boLxZjM7VqPR7bOv)0.jpg"
"<iframe src=""https://es.pornhub.com/embed/ph5dde8131898f1"" frameborder=""0"" width=""560"" height=""340"" scrolling=""no"" allowfullscreen></iframe>"TAB"Vergas grandes;Morenas;Sexo Duro;Estrellas Porno;Anal;Adolescentes;Realidad Virtual;60FPS;180°;3D"TAB"18VR Anal French Touch By Personal Trainer Lina Luxa"TAB"virtual;reality,pov,teen,vr;porn,3d,18vr,brunette,big;ass,butt,anal,small;tits,personal;trainer,licking;pussy,blowjob,hardcore,shaved;pussy"TAB"301"TAB"Lina Luxa"TAB"https://ci.phncdn.com/videos/201911/27/264573992/original/(m=q88Q99UbeGcEGgaaaa)(mh=LbnAGJvFfAxlRtWT)0.jpg"
"<iframe src=""https://es.pornhub.com/embed/ph5d554e1e6cb9a"" frameborder=""0"" width=""560"" height=""340"" scrolling=""no"" allowfullscreen></iframe>"TAB"Morenas;Mamadas;Sexo Duro;Estrellas Porno;Adolescentes;Realidad Virtual;180°;3D"TAB"VR Goddess Kate Rich lets you bang her juicy pussy until you cum in POV"TAB"ddfnetworkvr,virtual;reality,ddf;network;vr,ddf;porn,blowjob;porn,black;hair;porn,teen;porn,cowgirl;porn,fingering;porn,cum;on;ass,kate;rich,pov,young"TAB"442"TAB"Kate Rich"TAB"https://ci.phncdn.com/videos/201908/15/241886221/original/(m=eGcEGgaaaa)(mh=xpX3VyYHMx0qvhCo)10.jpg"
"<iframe src=""https://es.pornhub.com/embed/ph5dce87e06da69"" frameborder=""0"" width=""560"" height=""340"" scrolling=""no"" allowfullscreen></iframe>"TAB"Culos Grandes;Babe;Tetas Grandes;Sexo Duro;Latinas;POV;Realidad Virtual;60FPS;360°;2D"TAB"VRLatina - Beautiful Latina Babe With Big Tits Hard Fuck"TAB"vrlatina,big;boobs,butt,latin,virtual,reality,vr,vr;porn,vr;porno,big;tits,big;ass,natural;tits,drilled,shaved;pussy,brunette,fishnet;stockings"TAB"309"TAB""TAB"https://ci.phncdn.com/videos/201911/15/261826502/original/(m=qZWJ98UbeGcEGgaaaa)(mh=QKtpdBmcFfAAI2Co)0.jpg"
"<iframe src=""https://es.pornhub.com/embed/ph5dfa55aa25860"" frameborder=""0"" width=""560"" height=""340"" scrolling=""no"" allowfullscreen></iframe>"TAB"Tetas Grandes;Sexo Duro;Estrellas Porno;Realidad Virtual;180°;3D;POV"TAB"VR 180 - Blue Haired Elf Jewelz Blu rides Santa's big cock "TAB"big;dick,virtual;reality,blue;hair,christmas,elf,bj,blowjob,sucking;dick,big;tits,fake;tits,cowgirl,riding;cock,shaved;pussy,reverse;cowgirl,doggystyle,jewelz;blu,charles;dera"TAB"230"TAB"Charles Dera;Jewelz Blu"TAB"https://ci.phncdn.com/videos/201912/18/269592381/original/(m=eGcEGgaaaa)(mh=szsI1g9FHHbl0BvK)0.jpg"
"<iframe src=""https://es.pornhub.com/embed/ph5d9eef2d99b8a"" frameborder=""0"" width=""560"" height=""340"" scrolling=""no"" allowfullscreen></iframe>"TAB"Mamadas;MILF;POV;Tetas pequeñas;Realidad Virtual;60FPS;Japonésas;360°;3D;POV"TAB"BANG The Boss Wife, Mao Chinen"TAB"virtual,reality,old"TAB"1592"TAB""TAB"https://ci.phncdn.com/videos/201910/10/253926241/original/(m=eGcEGgaaaa)(mh=5HREftFX1ZOdFNbF)2.jpg"
"<iframe src=""https://es.pornhub.com/embed/ph5dfbd1edb9b33"" frameborder=""0"" width=""560"" height=""340"" scrolling=""no"" allowfullscreen></iframe>"TAB"Tetas Grandes;Morenas;Mamadas;MILF;Estrellas Porno;Anal;Realidad Virtual;60FPS;180°;3D"TAB"WETVR First Anal Scene in VR On Christmas With Lisa Ann"TAB"italian,wetvr,ass;fuck,mom,big;boobs,huge;tits,virtual,reality,vr,vr;porn,lisa;ann,toys,christmas,xmas,big;tits,busty,blowjob,brunette,milf"TAB"389"TAB"Lisa Ann"TAB"https://ci.phncdn.com/videos/201912/19/269867631/original/(m=qSU23-UbeGcEGgaaaa)(mh=DGan0fF2A8ALjKBu)0.jpg"
"<iframe src=""https://es.pornhub.com/embed/ph5da6443b86211"" frameborder=""0"" width=""560"" height=""340"" scrolling=""no"" allowfullscreen></iframe>"TAB"Adolescentes;Realidad Virtual;Japonésas;Solitaria;180°;3D"TAB"Co gai de thuong"TAB"ass;fuck,virtual,reality,celeb,fuck;and;love,cute,teen,xinh"TAB"1882"TAB""TAB"https://ci.phncdn.com/videos/201910/15/255104891/original/(m=eGcEGgaaaa)(mh=8C2cFSEN1fMBEo_V)5.jpg"
"<iframe src=""https://es.pornhub.com/embed/ph5dd4374a24410"" frameborder=""0"" width=""560"" height=""340"" scrolling=""no"" allowfullscreen></iframe>"TAB"Babe;Tetas Grandes;Mamadas;Pajas;Sexo Duro;MILF;Estrellas Porno;POV;Realidad Virtual;60FPS;Lamidas de Coño;180°;3D"TAB"Naughty America - Gabbie Carter has the goodies and all for you"TAB"naughtyamericavr,virtual;reality,big;boobs,cum;on;tits,deepthroating,hand;job,high;heels,innie;pussy,lingerie,medium;ass,natural;tits,pov,shaved,stockings,swallowing,tattoos"TAB"833"TAB"Gabbie Carter"TAB"https://ci.phncdn.com/videos/201911/19/262790722/original/(m=eGcEGgaaaa)(mh=K7yedGwCmRG5BOnt)12.jpg"
"<iframe src=""https://es.pornhub.com/embed/ph5dee6086d17f2"" frameborder=""0"" width=""560"" height=""340"" scrolling=""no"" allowfullscreen></iframe>"TAB"Tetas Grandes;Sexo Duro;Masturbación;MILF;Pelirojas;Realidad Virtual;60FPS;Cosplay;180°;3D"TAB"VRCosplay Black Widow Help's Hulk To Destress"TAB"vrcosplayx,masturbate,big;boobs,redhead,vr;porn,virtual;reality,3d,pov,cosplay,parody,superhero,catsuit,latex,blowjob,virtual,reality"TAB"301"TAB""TAB"https://ci.phncdn.com/videos/201912/09/267383472/original/(m=q08K-_UbeGcEGgaaaa)(mh=ZBUAoW2KBvMvNwFV)0.jpg"
"<iframe src=""https://es.pornhub.com/embed/ph5dfcd1d910974"" frameborder=""0"" width=""560"" height=""340"" scrolling=""no"" allowfullscreen></iframe>"TAB"Rubias;Fetiches;Sexo Duro;Realidad Virtual;60FPS;180°;3D"TAB"Fetishlord Fucks Latex Girl VR"TAB"xvirtual,virtual,reality,bdsm,anal,bizarre,blonde,fetish,fucking,machines,gloves,hardcore,latex,mask,kink"TAB"367"TAB""TAB"https://ci.phncdn.com/videos/201912/20/270052741/original/(m=eGcEGgaaaa)(mh=h7RN7oeFRxlHSGiZ)4.jpg"
"<iframe src=""https://es.pornhub.com/embed/ph5d3b7d26b2a88"" frameborder=""0"" width=""560"" height=""340"" scrolling=""no"" allowfullscreen></iframe>"TAB"Vergas grandes;Tetas Grandes;Rubias;Mamadas;Eyaculaciones;Sexo Duro;Estrellas Porno;Adolescentes;Realidad Virtual;60FPS;180°;3D"TAB"VRHUSH Fourth of July fun with hot blonde Serena Avary"TAB"vrhush,big;boobs,big;cock,virtual;reality,pov,hardcore,blowjob,big;tits,blonde,missionary,doggystyle,cumshot,swallow,busty,virtual;reality;sex,teen"TAB"360"TAB"Mike Mancini"TAB"https://ci.phncdn.com/videos/201907/26/237818581/original/(m=qUZ34ZUbeGcEGgaaaa)(mh=k5H71IsQPuIaiB9c)0.jpg"
"<iframe src=""https://es.pornhub.com/embed/ph5dd3e19cd7e4d"" frameborder=""0"" width=""560"" height=""340"" scrolling=""no"" allowfullscreen></iframe>"TAB"Babe;Morenas;Masturbación;Adolescentes;Tetas pequeñas;Realidad Virtual;60FPS;180°;3D"TAB"TmwVRnet - Free Dee & Julia Parker - Blonde-on-brunette sex games"TAB"tmwvrnet,masturbate,petite,teenager,young,virtual,reality,blonde,brunette,fingering,group,lesbian,masturbation,shaved,small;tits,striptease"TAB"414"TAB""TAB"https://ci.phncdn.com/videos/201911/19/262727562/original/(m=eGcEGgaaaa)(mh=QpjZvAuHNYA4Ta5O)15.jpg"
"<iframe src=""https://es.pornhub.com/embed/ph5dcf4fc2bc1ea"" frameborder=""0"" width=""560"" height=""340"" scrolling=""no"" allowfullscreen></iframe>"TAB"Babe;Morenas;Masturbación;Juguetes;Estrellas Porno;Tetas pequeñas;Realidad Virtual;60FPS;180°;3D"TAB"VRALLURE I Want To Cum Really Hard For You!"TAB"vrallure,virtual;reality,masturbate,adult;toys,petite,solo,pornstar,small;tits,brunette,masturbation,toys,cowgirl,reverse;cowgirl,natural;tits,sex;doll,masturbating"TAB"359"TAB"Sabina Rouge"TAB"https://ci.phncdn.com/videos/201911/16/261966422/original/(m=qUYWL9UbeGcEGgaaaa)(mh=lmNnBvNNkJEpckKj)0.jpg"
"<iframe src=""https://es.pornhub.com/embed/ph5c76d1d4ab616"" frameborder=""0"" width=""560"" height=""340"" scrolling=""no"" allowfullscreen></iframe>"TAB"Aficionado;Babe;Morenas;Adolescentes;Tetas pequeñas;Realidad Virtual;60FPS;Solitaria;180°;3D"TAB"Hot blonde amateur teen stripping her red skirt"TAB"stasyq,virtual;reality,petite,softcore,erotic,solo,amateur,russian,lingerie,teasing,dancing,pov,vr,teen,brunette"TAB"579"TAB""TAB"https://ci.phncdn.com/videos/201902/27/210237871/original/(m=eGcEGgaaaa)(mh=s6df4IpB29xMTgWN)3.jpg"
"<iframe src=""https://es.pornhub.com/embed/ph5ded26f3af4c7"" frameborder=""0"" width=""560"" height=""340"" scrolling=""no"" allowfullscreen></iframe>"TAB"Tetas Grandes;Mamadas;Negras;Latinas;POV;Transgénero;Pies;Realidad Virtual;180°;2D"TAB"2 Shemale pornstar with Guy in 3D"TAB"big;boobs,black,latina,point;of;view,pantyhose,bubble;butt,cock;sucking,handjob,footjob,missionary,3some,shemale,trans,mtf"TAB"1232"TAB""TAB"https://ci.phncdn.com/videos/201912/08/267166592/original/(m=eGcEGgaaaa)(mh=jkYOW2XbJ7IowKRX)9.jpg"
"<iframe src=""https://es.pornhub.com/embed/ph5c31e8f1500bf"" frameborder=""0"" width=""560"" height=""340"" scrolling=""no"" allowfullscreen></iframe>"TAB"Aficionado;Tetas Grandes;Morenas;MILF;POV;Popular entre mujeres;Realidad Virtual;Japonésas;180°;2D;POV"TAB"mdvr00029d"TAB"virtual,japan,jav,point;of;view,raven;hair,bent;over,doggystyle,hairy;pussy,busty,big;boobs,natural;tits,clit;rubbing,missionary"TAB"754"TAB""TAB"https://ci.phncdn.com/videos/201901/06/200396831/original/(m=eGcEGgaaaa)(mh=ubr23Y57Bmn7f-28)9.jpg"
"<iframe src=""https://es.pornhub.com/embed/ph5db174dd91c11"" frameborder=""0"" width=""560"" height=""340"" scrolling=""no"" allowfullscreen></iframe>"TAB"Culos Grandes;Tetas Grandes;Rubias;Creampie;MILF;Estrellas Porno;POV;Realidad Virtual;Fantasias  de Padrastro;180°;3D"TAB"VIRTUAL OO - Cum For Mom"TAB"virtualtaboo,butt,stepmom,stepmother,role;play,taboo,virtual;reality,point;of;view,shaved;pussy,big;tits,milf,blonde,creampie,stockings"TAB"359"TAB"Amber Jane"TAB"https://ci.phncdn.com/videos/201910/24/256900561/original/(m=q1G_I7UbeGcEGgaaaa)(mh=LuMjpYX9UBXtO6Uv)0.jpg"
"<iframe src=""https://es.pornhub.com/embed/ph5d8877855cec9"" frameborder=""0"" width=""560"" height=""340"" scrolling=""no"" allowfullscreen></iframe>"TAB"Tetas Grandes;Rubias;Sexo Duro;Latinas;Estrellas Porno;Adolescentes;POV;Realidad Virtual;60FPS;180°;3D"TAB"SexBabesVR - 180 VR Porn - The Squirting Orgasm with Veronica Leal"TAB"sexbabesvr,virtual;reality,latin,180;vr,60;fps,colombian,teen,young,squirt,standing;doggystyle,reverse;cowgirl,pornstar,busty,blonde,pov"TAB"360"TAB"Veronica Leal"TAB"https://ci.phncdn.com/videos/201909/23/250245261/original/(m=qS8RX4UbeGcEGgaaaa)(mh=eYUE7Dw11dJRvXur)0.jpg"
"<iframe src=""https://es.pornhub.com/embed/ph5de7d9f7a60cd"" frameborder=""0"" width=""560"" height=""340"" scrolling=""no"" allowfullscreen></iframe>"TAB"Tetas Grandes;Morenas;Mamadas;MILF;Estrellas Porno;Realidad Virtual;60FPS;180°;3D"TAB"VR BANGERS Naughty Mom Cherie Deville On Vacay VR Porn"TAB"big;tits,vrbangers,virtual,reality,big;boobs,milf,blowjob,vr;porn,vrporn,cowgirl,titsjob,riding,reverse;cowgirl,fingering,masturbation"TAB"314"TAB"Cherie DeVille"TAB"https://ci.phncdn.com/videos/201912/04/266224172/original/(m=q793V_UbeGcEGgaaaa)(mh=1ZMsZjghteTtJN08)0.jpg"
"<iframe src=""https://es.pornhub.com/embed/ph5d97378f51f5d"" frameborder=""0"" width=""560"" height=""340"" scrolling=""no"" allowfullscreen></iframe>"TAB"Babe;Morenas;Mamadas;Sexo Duro;Estrellas Porno;Adolescentes;Squirt;Realidad Virtual;60FPS;180°;3D"TAB"BaDoinkVR Sex Addicted Teen Adriana Chechik Squirts All Over You"TAB"virtual;reality,pov,3d,badoink;vr,vr;porn,teen,squirting,natural;tits,nympho,foot;fetish,babe,big;cock,thick;dick,fingering,deep;throat,brunette"TAB"300"TAB"Adriana Chechik"TAB"https://ci.phncdn.com/videos/201910/04/252682711/original/(m=qH90U5UbeGcEGgaaaa)(mh=T47qKRHDJZVKCNdu)0.jpg"
"<iframe src=""https://es.pornhub.com/embed/ph5de97a8a0f3f6"" frameborder=""0"" width=""560"" height=""340"" scrolling=""no"" allowfullscreen></iframe>"TAB"Morenas;Mamadas;MILF;Tetas pequeñas;Realidad Virtual;60FPS;180°;3D"TAB"WETVR First Time VR Fuck With Excited Pole Dancer"TAB"wetvr,virtual;reality,vr,brunette,grae;stokes,small;tits,big;dick,blowjob,oral;sex,doggystyle,hardcore;sex,cumshot,milf,mom,riding"TAB"400"TAB""TAB"https://ci.phncdn.com/videos/201912/05/266511612/original/(m=q17GZ_UbeGcEGgaaaa)(mh=Wft_E7tCiH5V1jx9)0.jpg"
"<iframe src=""https://es.pornhub.com/embed/ph5dd809295b81b"" frameborder=""0"" width=""560"" height=""340"" scrolling=""no"" allowfullscreen></iframe>"TAB"Orgías;Eyaculaciones;Sexo Duro;Estrellas Porno;Adolescentes;Recopilación;Tríos;Realidad Virtual;60FPS;180°;3D"TAB"18VR POV THREESOME And FOURSOME Compilation In Virtual Reality Part 1"TAB"virtual;reality,badoink;vr,vr;porn,3d,pov,compilation,teen,anal,group;sex,lesbian,threesome,foursome,sex;toy,strapon,blonde,riding"TAB"736"TAB"Cayenne Klein;Chelsy Sun;Katrin Tequila;Kristy Black"TAB"https://ci.phncdn.com/videos/201911/22/263449262/original/(m=qZMMW9UbeGcEGgaaaa)(mh=Iz87PBuzcmzMqMW5)0.jpg"
"<iframe src=""https://es.pornhub.com/embed/ph5cd0c753a544e"" frameborder=""0"" width=""560"" height=""340"" scrolling=""no"" allowfullscreen></iframe>"TAB"Babe;Morenas;Eyaculaciones;Sexo Duro;Real;Adolescentes;POV;Tetas pequeñas;Universitarios;Realidad Virtual;60FPS;180°;3D"TAB"Kelsey Kage Fucks to Graduate"TAB"vr3000,petite,teenager,young,virtual,reality,cumshot,facial,doggy,brunette,teen,vr,vr;porn,60;fps,american,big;dick"TAB"300"TAB""TAB"https://ci.phncdn.com/videos/201905/06/222241161/original/(m=qS2I7ZUbeGcEGgaaaa)(mh=pvjlOQg_3RVebinP)0.jpg"
"<iframe src=""https://es.pornhub.com/embed/ph5d9354bdc527f"" frameborder=""0"" width=""560"" height=""340"" scrolling=""no"" allowfullscreen></iframe>"TAB"Creampie;Sexo Duro;POV;Tetas pequeñas;Pies;Realidad Virtual;60FPS;Japonésas;180°;3D"TAB"KMVR-675 VR - 180cm Tall Race Queen - Shoko Otani"TAB"virtual,reality,vr,tall,japanese,180,cm,legs"TAB"4604"TAB""TAB"https://ci.phncdn.com/videos/201910/03/252481802/original/(m=eGcEGgaaaa)(mh=g0HnY9Dt435-zGOs)13.jpg"
"<iframe src=""https://es.pornhub.com/embed/ph5dd2cb8288c53"" frameborder=""0"" width=""560"" height=""340"" scrolling=""no"" allowfullscreen></iframe>"TAB"Babe;Vergas grandes;Morenas;Sexo Duro;Estrellas Porno;Realidad Virtual;60FPS;Parodia;Cosplay;180°;3D"TAB"VRCosplayX Fierce TANYA Putting You To The Test In MORTAL KOMBAT XXX"TAB"vr;porn,virtual;reality,3d,vrcosplayx,pov,cosplay,parody,babe,videogame,big;cock,thick;dick,titjob,brunette,deep;throat,cowgirl,mortal;kombat"TAB"301"TAB"Alyssia Kent"TAB"https://ci.phncdn.com/videos/201911/18/262543202/original/(m=qXKVN9UbeGcEGgaaaa)(mh=oFLPCR6BQybftVLK)0.jpg"
"<iframe src=""https://es.pornhub.com/embed/ph5dd421e03526f"" frameborder=""0"" width=""560"" height=""340"" scrolling=""no"" allowfullscreen></iframe>"TAB"Babe;Tetas Grandes;Mamadas;Pajas;Sexo Duro;Estrellas Porno;Realidad Virtual;60FPS;180°;3D"TAB"Naughty America - Savannah Bond is just what you need"TAB"naughtyamericavr,deepthroating,fake;tits,foreign;accent,hand;job,high;heels,innie;pussy,lingerie,masturbation,blonde,medium;ass,piercings,pov,virtual;reality,vr;porn"TAB"836"TAB"Savannah Bond"TAB"https://ci.phncdn.com/videos/201911/19/262773622/original/(m=eGcEGgaaaa)(mh=66TPrdzcEcirouF2)3.jpg"
"<iframe src=""https://es.pornhub.com/embed/ph5df23fa3e05b2"" frameborder=""0"" width=""560"" height=""340"" scrolling=""no"" allowfullscreen></iframe>"TAB"Babe;Rubias;Masturbación;Estrellas Porno;Realidad Virtual;60FPS;Lamidas de Coño;Orgasmo Femenino;180°;3D"TAB"SinsVR - 180 VR Porn - Eyla Moore and Lola Myluv - Hands on..."TAB"czech,sinsvr,natural;tits,virtual,reality,masturbate,lesbian,kissing,camera;movement,180;vr,60;fps,cunilingus,lingerie,young,virtual;pov,virtual;reality"TAB"300"TAB"Lola Myluv"TAB"https://ci.phncdn.com/videos/201912/12/268112582/original/(m=qY5ZK-UbeGcEGgaaaa)(mh=D1FAhn13mQsri70o)0.jpg"
"<iframe src=""https://es.pornhub.com/embed/ph598099518f9bc"" frameborder=""0"" width=""560"" height=""340"" scrolling=""no"" allowfullscreen></iframe>"TAB"Adolescentes;Tríos;Realidad Virtual;60FPS;Japonésas;180°;3D"TAB"Let's Enjoy Two Japanese Maids Japanese VR Porn"TAB"jvrporn,teenager,young,virtual,reality,japanese,asian,brunette,slim,perky;tits,licking,pov,hand;job"TAB"315"TAB""TAB"https://ci.phncdn.com/videos/201708/01/126776881/original/(m=eGcEGgaaaa)(mh=rIcSSMoCD4FbsEMX)7.jpg"
"<iframe src=""https://es.pornhub.com/embed/ph5dd7f707741f7"" frameborder=""0"" width=""560"" height=""340"" scrolling=""no"" allowfullscreen></iframe>"TAB"Orgías;Babe;Latinas;Tríos;Realidad Virtual;60FPS;Mujeres Tatuadas"TAB"VRLatina - Two Sexy Girls One Cock - 5K VR"TAB"vr,virtual;reality,tattooed,interracial,pawg,whooty,reverse;cowgirl,slim;thick,curvy,grinding,big;booty;ebony,babe,hottie,latina"TAB"374"TAB""TAB"https://ci.phncdn.com/videos/201911/22/263512862/original/(m=q4JQ-9UbeGcEGgaaaa)(mh=3TYF6n0_WoJHuVzK)0.jpg"
"<iframe src=""https://es.pornhub.com/embed/ph5c76dc7def166"" frameborder=""0"" width=""560"" height=""340"" scrolling=""no"" allowfullscreen></iframe>"TAB"Aficionado;Babe;Morenas;Adolescentes;Realidad Virtual;60FPS;Solitaria;180°;3D"TAB"Lovely blonde amateur with natural tits stripping in VR"TAB"softcore,erotic,solo,amateur,russian,teen,young,lingerie,teasing,dancing,pov,vr,virtual;reality,blonde,big;tits,stasyq"TAB"591"TAB""TAB"https://ci.phncdn.com/videos/201902/27/210245121/original/(m=eGcEGgaaaa)(mh=2N8VKibPQhl75EKu)9.jpg"
"<iframe src=""https://es.pornhub.com/embed/ph5da478f47e372"" frameborder=""0"" width=""560"" height=""340"" scrolling=""no"" allowfullscreen></iframe>"TAB"Tetas Grandes;Adolescentes;Tríos;Realidad Virtual;60FPS;Japonésas;Cosplay;180°;3D"TAB"EBVR-006-C"TAB"virtual,reality,vr;jav,japanese;vr,vr;hd,big;boobs"TAB"1227"TAB""TAB"https://ci.phncdn.com/videos/201910/14/254802861/original/(m=eGcEGgaaaa)(mh=WZNOwi1REU9PZolW)15.jpg"
"<iframe src=""https://es.pornhub.com/embed/ph5d9304ddb9271"" frameborder=""0"" width=""560"" height=""340"" scrolling=""no"" allowfullscreen></iframe>"TAB"Vergas grandes;Morenas;Mamadas;Eyaculaciones;Masturbación;Estrellas Porno;Realidad Virtual;60FPS;Fantasias  de Padrastro;180°;3D"TAB"VRBangers - Farmers Step Daughter Fucked Hard By Step Dad VR Porn"TAB"vrbangers,big;cock,virtual;reality,masturbate,vr;porn,vrporn,blowjob,brunette,cumshot,european,natural;tits,outdoor,shaved;pussy,doggystyle,tattoo"TAB"318"TAB"Cassie Del Isla"TAB"https://ci.phncdn.com/videos/201910/01/252031012/original/(m=qTIRM5UbeGcEGgaaaa)(mh=-NBTNwJ_e52e7TCJ)0.jpg"
"<iframe src=""https://es.pornhub.com/embed/ph5d9c81206a4f8"" frameborder=""0"" width=""560"" height=""340"" scrolling=""no"" allowfullscreen></iframe>"TAB"Culos Grandes;Babe;Vergas grandes;Tetas Grandes;Rubias;Sexo Duro;Estrellas Porno;Realidad Virtual;60FPS;180°;3D"TAB"BaDoinkVR Your Main Job Is To Maintain Kenzie Taylor's Pussy"TAB"virtual;reality,pov,3d,badoink;vr,vr;porn,blonde,big;tits,stockings,office,footjob,babe,big;cock,thick;dick,pussy;licking,deep;throat,job;interview"TAB"300"TAB"Kenzie Taylor"TAB"https://ci.phncdn.com/videos/201910/08/253540701/original/(m=q3NJ55UbeGcEGgaaaa)(mh=gBiIio2Ae1knlPH_)0.jpg"
"<iframe src=""https://es.pornhub.com/embed/ph5db96d2b6e63c"" frameborder=""0"" width=""560"" height=""340"" scrolling=""no"" allowfullscreen></iframe>"TAB"Morenas;Mamadas;Adolescentes;POV;Tetas pequeñas;Realidad Virtual;Fantasias  de Padrastro;180°;3D"TAB"VIRTUAL OO - Halloween Special With Hot Sis"TAB"virtualtaboo,petite,teenager,young,virtual;reality,point;of;view,shaved;pussy,cowgirl,small;tits,stepbrother,stepsister,role;play,taboo,pov,natural;tits"TAB"359"TAB""TAB"https://ci.phncdn.com/videos/201910/30/258197462/original/(m=qZ6_Y7UbeGcEGgaaaa)(mh=aUm1pRzI1Pu3PYv3)0.jpg"
"<iframe src=""https://es.pornhub.com/embed/ph5dcf384197f2b"" frameborder=""0"" width=""560"" height=""340"" scrolling=""no"" allowfullscreen></iframe>"TAB"Morenas;Fetiches;Anal;Juegos de Rol;Transgénero;Realidad Virtual;60FPS;Trans con Chicos;180°;3D"TAB"Futa fucks your ass [VR] (voiced roleplay)"TAB"kink,rough,virtual,reality,anal,transgender,futa,roleplay,femdom,hand;job,sensual,erotic,romantic,missionary,hardcore,rough;sex"TAB"761"TAB""TAB"https://ci.phncdn.com/videos/201911/15/261952992/original/(m=eGcEGgaaaa)(mh=qcxyzNcd32z-gHxg)4.jpg"
"<iframe src=""https://es.pornhub.com/embed/ph5b20fcd410aee"" frameborder=""0"" width=""560"" height=""340"" scrolling=""no"" allowfullscreen></iframe>"TAB"Tetas Grandes;Rubias;MILF;Estrellas Porno;POV;Italianas;Realidad Virtual;60FPS;Mujeres Tatuadas;180°;3D"TAB"MatureReality - I don't give a Fuck about your grades"TAB"blonde,maturereality,big;boobs,mom,mother,point;of;view,virtual,reality,vr,virtual;sex,virtual;reality;sex,vr;porn,virtual;sex;pov,glasses,italian,titjob,teacher"TAB"714"TAB"Lara De Santis"TAB"https://ci.phncdn.com/videos/201806/13/170247411/original/(m=eGcEGgaaaa)(mh=v_0VTJ0IAV7Ik4tn)7.jpg"
"<iframe src=""https://es.pornhub.com/embed/ph5dcf01f0552b8"" frameborder=""0"" width=""560"" height=""340"" scrolling=""no"" allowfullscreen></iframe>"TAB"Pajas;Sexo Duro;POV;Tetas pequeñas;Transgénero;Realidad Virtual;60FPS;360°;3D"TAB"TG Best Friends Forever"TAB"petite,pov,point;of;view,virtual,reality,shemale;fuck;shemale,shemale,hardcore,missionary,rough;sex,erotic"TAB"1010"TAB""TAB"https://ci.phncdn.com/videos/201911/15/261916062/original/(m=eGcEGgaaaa)(mh=eMSO_E7VYi_1ufhC)5.jpg"
"<iframe src=""https://es.pornhub.com/embed/ph5dcd7de35ba4f"" frameborder=""0"" width=""560"" height=""340"" scrolling=""no"" allowfullscreen></iframe>"TAB"Tetas Grandes;Mamadas;Sexo Duro;Adolescentes;Pelirojas;Realidad Virtual;60FPS;180°;3D"TAB"TmwVRnet - Sweet Angelina - Lazy student gets sex chance"TAB"tmwvrnet,big;boobs,teenager,young,redhead,virtual,reality,blowjob,cowgirl,cum;in;mouth,doggy;style,facial,handjob,hardcore,medium;tits,pov"TAB"415"TAB""TAB"https://ci.phncdn.com/videos/201911/14/261646152/original/(m=eGcEGgaaaa)(mh=6Hj4MrTjJ6nWz9ya)4.jpg"
"<iframe src=""https://es.pornhub.com/embed/ph5de9bd2e6e172"" frameborder=""0"" width=""560"" height=""340"" scrolling=""no"" allowfullscreen></iframe>"TAB"Rubias;Real;Adolescentes;Tetas pequeñas;Escuela;Realidad Virtual;180°;3D"TAB"VR 180 - Schoolgirl Riley Star Fucking Her Teacher To Get Out Of Detention"TAB"riley;star,chad;white,blonde,schoolgirl,detention,teen,teenager,bj,blowjob,sucking;dick,cowgirl,riding;cock,small;tits,natural;tits"TAB"215"TAB""TAB"https://ci.phncdn.com/videos/201912/06/266558262/original/(m=eGcEGgaaaa)(mh=NfVP0d7dCe-xmb0-)0.jpg"
"<iframe src=""https://es.pornhub.com/embed/ph5db73211bfbcf"" frameborder=""0"" width=""560"" height=""340"" scrolling=""no"" allowfullscreen></iframe>"TAB"Vergas grandes;Morenas;Mamadas;Creampie;Sexo Duro;Estrellas Porno;Realidad Virtual;180°;3D"TAB"WETVR Lucky Hung Creep Virtual Reality Bathing Fuck And Creampie"TAB"wetvr,virtual,reality,big;cock,vr,virtual;reality,spying,brunette,nami;swann,small;tits,big;dick,blowjob,doggystyle,hardcore,sex,creampie"TAB"365"TAB"Naomi Swann"TAB"https://ci.phncdn.com/videos/201910/28/257835961/original/(m=q22TU7UbeGcEGgaaaa)(mh=ncN7kPP-xcAQbnJM)0.jpg"
"<iframe src=""https://es.pornhub.com/embed/ph58e6c4d6e7d11"" frameborder=""0"" width=""560"" height=""340"" scrolling=""no"" allowfullscreen></iframe>"TAB"Aficionado;Morenas;Masturbación;Realidad Virtual;Solitaria;180°;3D;Mirones"TAB"Hope Gold's Orgasm Treasure"TAB"yanksvr,masturbate,virtual,3d;vr;vids,asian,clit;play,tasting;oneself,virtual;reality,oculus;rift;vr,vr;180,solo,natural;tits,strip,teasing"TAB"320"TAB""TAB"https://ci.phncdn.com/videos/201704/06/112317971/original/(m=eGcEGgaaaa)(mh=-_xd35LgQtkKdf2b)12.jpg"
"<iframe src=""https://es.pornhub.com/embed/ph5d888f8714dcd"" frameborder=""0"" width=""560"" height=""340"" scrolling=""no"" allowfullscreen></iframe>"TAB"Estrellas Porno;Adolescentes;POV;Pelirojas;Europeos;Realidad Virtual;180°;3D"TAB"SexBabesVR - 180 VR Porn - College Roommate with Paula Shy"TAB"sexbabesvr,virtual;reality,redhead,180;vr,60;fps,trimmed;pussy,standing;doggystyle,long;hair,blowjob,footjob,kitchen,teen,young,point;of;view,pov"TAB"360"TAB"Paula Shy"TAB"https://ci.phncdn.com/videos/201909/23/250257991/original/(m=qL9RX4UbeGcEGgaaaa)(mh=HMxfOrgF0YMU3TaP)0.jpg"
"<iframe src=""https://es.pornhub.com/embed/ph5d4948efbde5c"" frameborder=""0"" width=""560"" height=""340"" scrolling=""no"" allowfullscreen></iframe>"TAB"Tetas Grandes;Mamadas;Sexo Duro;MILF;Estrellas Porno;Realidad Virtual;60FPS;180°;3D"TAB"Get ready for an unforgettable POV Hardcore fuck with VR girl Aletta Ocean"TAB"brunette,ddfnetworkvr,hungarian,big;boobs,fake;tits,raven,big;tits,mom,mother,virtual;reality,ddf;network;vr,ddf;porn,big;tits;porn,black;hair;porn,milf;porn,reverse;cowgirl,cum;on;tits,aletta;ocean,big;ass"TAB"452"TAB"Aletta Ocean"TAB"https://ci.phncdn.com/videos/201908/06/239961971/original/(m=eGcEGgaaaa)(mh=-tu10IxrOlFfElA3)9.jpg"
"<iframe src=""https://es.pornhub.com/embed/ph5c618a35857d9"" frameborder=""0"" width=""560"" height=""340"" scrolling=""no"" allowfullscreen></iframe>"TAB"Tetas Grandes;Morenas;Sexo Duro;Estrellas Porno;Anal;POV;Realidad Virtual;60FPS;180°;3D"TAB"Special Police"TAB"big;tits,realjamvr,ass;fuck,fake;tits,big;boobs,virtual,reality,uniform,police,police;woman,brunette,pov,sensual,erotic,romantic"TAB"306"TAB"Britney Amber"TAB"https://ci.phncdn.com/videos/201902/11/207126191/original/(m=eGcEGgaaaa)(mh=WKYfb835avjVZvzE)15.jpg"
"<iframe src=""https://es.pornhub.com/embed/ph5dcf4f53222bd"" frameborder=""0"" width=""560"" height=""340"" scrolling=""no"" allowfullscreen></iframe>"TAB"Morenas;Masturbación;Juguetes;Adolescentes;Tetas pequeñas;Realidad Virtual;60FPS;180°;3D"TAB"VRALLURE Come Join Me In The Kitchen!"TAB"vrallure,adult;toys,masturbate,teenager,young,virtual;reality,petite,solo,pornstar,teens,tattoos,brunette,masturbation,wet;pussy,toys,brooklyn;grey"TAB"362"TAB""TAB"https://ci.phncdn.com/videos/201911/16/261966172/original/(m=qMZWL9UbeGcEGgaaaa)(mh=NwhnCQLNgGtTYPq4)0.jpg"
"<iframe src=""https://es.pornhub.com/embed/ph5d86e999d0ed5"" frameborder=""0"" width=""560"" height=""340"" scrolling=""no"" allowfullscreen></iframe>"TAB"Morenas;Mamadas;Sexo Duro;Estrellas Porno;POV;Realidad Virtual;60FPS;180°;3D"TAB"VRHUSH Brooklyn Gray fucked by a guy that she just met"TAB"vrhush,virtual;reality,point;of;view,pov,hardcore,blowjob,natural;tits,brunette,bush,missionary,doggystyle,cowgirl,virtual;reality;sex,virtual;reality;pov,vr;sex"TAB"366"TAB"Mike Mancini"TAB"https://ci.phncdn.com/videos/201909/22/249980331/original/(m=q-S8T4UbeGcEGgaaaa)(mh=X8ReyU_RzMCEZvl3)0.jpg"
"<iframe src=""https://es.pornhub.com/embed/ph5db71491219c5"" frameborder=""0"" width=""560"" height=""340"" scrolling=""no"" allowfullscreen></iframe>"TAB"Aficionado;Morenas;Real;Adolescentes;Masajes;Audiciones;Realidad Virtual;180°;3D"TAB"Sanija first nude virtual reality 3d video interview (feelmevr)"TAB"domingoview,virtual,reality,teenager,young,vr180,virtual;reality,interview,teen,pretty,supergirl,perfect;titties,creamed,real,18yo,real;life"TAB"606"TAB""TAB"https://ci.phncdn.com/videos/201910/28/257814761/original/(m=eGcEGgaaaa)(mh=ddsdMKO2feO6Z622)7.jpg"
"<iframe src=""https://es.pornhub.com/embed/ph5dcbe1371395d"" frameborder=""0"" width=""560"" height=""340"" scrolling=""no"" allowfullscreen></iframe>"TAB"Vergas grandes;Sexo Duro;Estrellas Porno;Adolescentes;Squirt;Realidad Virtual;60FPS;Parodia;Cosplay;180°;3D"TAB"VRCosplayX Teen Stunner C.C. Squirts All Over Your Dick In Code Geass XXX"TAB"vr;porn,virtual;reality,3d,vrcosplayx,pov,cosplay,parody,teen,comic,manga,squirting,small;tits,big;cock,anime,thick;dick,blonde"TAB"300"TAB"Zoe Sparx"TAB"https://ci.phncdn.com/videos/201911/13/261361742/original/(m=qM-638UbeGcEGgaaaa)(mh=uSud-QAOoArWBth1)0.jpg"
"<iframe src=""https://es.pornhub.com/embed/ph5dc1ed35af814"" frameborder=""0"" width=""560"" height=""340"" scrolling=""no"" allowfullscreen></iframe>"TAB"Vergas grandes;Rubias;Mamadas;MILF;Estrellas Porno;Realidad Virtual;60FPS;180°;3D"TAB"StockingsVR - DD cup Pornstar Blanche sucks Martin cock"TAB"blowjob,czech,bj,stockings,milf,nylon,lingerie,big;boobs,big;cock,mom,mother,virtual,reality,stockingsvr"TAB"308"TAB"Blanche Bradburry;Steve Q"TAB"https://ci.phncdn.com/videos/201911/05/259626582/original/(m=eGcEGgaaaa)(mh=uoQ5aL0Tvv3OCahI)16.jpg"
"<iframe src=""https://es.pornhub.com/embed/ph5ddd5a143bb7b"" frameborder=""0"" width=""560"" height=""340"" scrolling=""no"" allowfullscreen></iframe>"TAB"Babe;Vergas grandes;Rubias;Estrellas Porno;Real;POV;Realidad Virtual;180°;3D;POV"TAB" VR 180 - Sexy Anny Aurora Gives A Private Lap Dance And Rides Big Cock "TAB"vr;180,vr,blonde,babe,natural;tits,titty;fucking,shaved;pussy,cock;sucking,oral,bj,reverse;cowgirl,cumshot,stocking"TAB"131"TAB"Anny Aurora;Chad White"TAB"https://ci.phncdn.com/videos/201911/26/264378262/original/(m=eGcEGgaaaa)(mh=bNNzeNC0BxScGJlH)0.jpg"
"<iframe src=""https://es.pornhub.com/embed/ph5d70d812b3583"" frameborder=""0"" width=""560"" height=""340"" scrolling=""no"" allowfullscreen></iframe>"TAB"Rubias;Sexo Duro;Estrellas Porno;Adolescentes;Escuela;Realidad Virtual;60FPS;180°;3D"TAB"Hey, Teacher - Reality Lovers"TAB"realitylovers,teenager,young,virtual;reality,virtual;sex,vr;porn,russian;teen,vr,blonde,school,perky;tits,blowjob,deepthroat,missionary,doggy;style"TAB"464"TAB"Gina Gerson"TAB"https://ci.phncdn.com/videos/201909/05/246360601/original/(m=qHV_N9UbeGcEGgaaaa)(mh=tDSMAp5W_spgb59F)0.jpg"
"<iframe src=""https://es.pornhub.com/embed/ph5c51638570e66"" frameborder=""0"" width=""560"" height=""340"" scrolling=""no"" allowfullscreen></iframe>"TAB"Babe;Masturbación;Juguetes;POV;Tetas pequeñas;Realidad Virtual;60FPS;Solitaria;180°;3D;POV"TAB"VirtualRealPorn.com - Wake up and fuck"TAB"virtualrealporn,virtual,reality,3d,5k,60fps,vr,virtual;reality,pornstar,anal,brunette,full,full;sex,nelya"TAB"386"TAB""TAB"https://ci.phncdn.com/videos/201901/30/204713411/original/(m=eGcEGgaaaa)(mh=K6yFWlr8336vYWrP)11.jpg"
"<iframe src=""https://es.pornhub.com/embed/ph5d8915b8d607f"" frameborder=""0"" width=""560"" height=""340"" scrolling=""no"" allowfullscreen></iframe>"TAB"Rubias;Sexo Duro;Adolescentes;POV;Pelirojas;Realidad Virtual;60FPS;180°;3D"TAB"Naughty America -College Girls Show Clerk A Good Time"TAB"naughtyamericavr,virtual;reality,point;of;view,rough,naughty;america,blonde,redhead,blowjob,cowgirl,foursome,reverse;cowgirl,doggy;style"TAB"728"TAB""TAB"https://ci.phncdn.com/videos/201909/23/250351341/original/(m=qQRQY4UbeGcEGgaaaa)(mh=kLUqg_fhSNU8nvJe)0.jpg"
"<iframe src=""https://es.pornhub.com/embed/ph5d82275f306c3"" frameborder=""0"" width=""560"" height=""340"" scrolling=""no"" allowfullscreen></iframe>"TAB"Vergas grandes;Tetas Grandes;Rubias;Sexo Duro;Adolescentes;POV;Realidad Virtual;60FPS;Fantasias  de Padrastro;180°;3D"TAB"18VR Slutty Seductive Stepsister Eyla Moore Cheats On Her BF With You"TAB"virtual;reality,pov,teen,vr;porn,3d,18vr,blonde,step;sister,step;fantasy,step;family,cheating,big;cock,natural;tits,titjob,fingering,blowjob"TAB"300"TAB""TAB"https://ci.phncdn.com/videos/201909/18/249218881/original/(m=q24TK4UbeGcEGgaaaa)(mh=6M_8zHN5q8-JLFB4)0.jpg"
"<iframe src=""https://es.pornhub.com/embed/ph5bcdb7ea2a8d0"" frameborder=""0"" width=""560"" height=""340"" scrolling=""no"" allowfullscreen></iframe>"TAB"Morenas;Masturbación;Juguetes;MILF;Estrellas Porno;Checas;Realidad Virtual;Solitaria;180°;2D"TAB"Pornstar Naomi Bennet in whitebox - premium clips trailer - 3DVR180 SBS"TAB"bravomodels,adult;toys,masturbate,mom,virtual;reality,naomi;bennet,vr,solo;girl,babe,pussy;play,masturbation,milf"TAB"365"TAB"Naomi Bennet"TAB"https://ci.phncdn.com/videos/201810/22/188601691/original/(m=eGcEGgaaaa)(mh=L_ofYHMjx5ujYg-c)4.jpg"
"<iframe src=""https://es.pornhub.com/embed/ph5db74e9ff28c1"" frameborder=""0"" width=""560"" height=""340"" scrolling=""no"" allowfullscreen></iframe>"TAB"Babe;Tetas Grandes;Morenas;POV;Rusas;Realidad Virtual;Solitaria;180°;3D"TAB"Beautiful busty brunette teasing in exclusive StasyQ VR video"TAB"stasyq,big;boobs,virtual;reality,vr,point;of;view,softcore,erotic,closeup,solo,russian,stripping,pov,teasing,babe,brunette,big;tits"TAB"606"TAB""TAB"https://ci.phncdn.com/videos/201910/28/257859261/original/(m=eGcEGgaaaa)(mh=5mwXUJruDRCykkDl)4.jpg"
"<iframe src=""https://es.pornhub.com/embed/ph5d93ab44387bc"" frameborder=""0"" width=""560"" height=""340"" scrolling=""no"" allowfullscreen></iframe>"TAB"Orgías;Culos Grandes;Babe;Tetas Grandes;Mamadas;Sexo Duro;Tetas pequeñas;Realidad Virtual;60FPS;180°;3D"TAB"Naughty America Interns fuck their bosses in this naughty office"TAB"naughtyoffice,american,big;ass,big;fake;tits,big;tits,blonde,blow;job,blue;eyes,brunette,caucasian,cum;in;mouth,fake;tits,hazel;eyes,mature,natural;tits,pov"TAB"821"TAB""TAB"https://ci.phncdn.com/videos/201910/01/252131242/original/(m=qZH5P5UbeGcEGgaaaa)(mh=NwmD39dkIkMyeVzi)0.jpg"
"<iframe src=""https://es.pornhub.com/embed/ph5ddebb951459e"" frameborder=""0"" width=""560"" height=""340"" scrolling=""no"" allowfullscreen></iframe>"TAB"Tetas Grandes;Mamadas;Sexo Duro;Estrellas Porno;Realidad Virtual"TAB"WETVR Lisa Ann First Ever VR Scene On Thanksgiving"TAB"italian,wetvr,mom,virtual,huge;tits,reality,big;boobs,vr,big;tits,busty,blowjob,oral;sex,hardcore,creampie,lisa;ann,pornstar,vr;porn,vr;hd"TAB"403"TAB"Lisa Ann"TAB"https://ci.phncdn.com/videos/201911/27/264617712/original/(m=qX5V99UbeGcEGgaaaa)(mh=k7goqgZtBU2bheFE)0.jpg"
"<iframe src=""https://es.pornhub.com/embed/ph5da9c277c8895"" frameborder=""0"" width=""560"" height=""340"" scrolling=""no"" allowfullscreen></iframe>"TAB"Culos Grandes;Babe;Vergas grandes;Tetas Grandes;Morenas;Sexo Duro;Estrellas Porno;Realidad Virtual;60FPS;180°;3D"TAB"BaDoinkVR Nobody Fucks Curvy Babe Angela White Better Than You"TAB"australian,natural;tits,virtual;reality,huge;tits,pov,3d,badoink;vr,vr;porn,big;tits,big;ass,curvy,babe,big;cock,thick;dick,deep;throat,brunette,titjob,pussy;licking,dry;humping"TAB"300"TAB"Angela White"TAB"https://ci.phncdn.com/videos/201910/18/255648632/original/(m=q57ZZ6UbeGcEGgaaaa)(mh=UAjudbT_46AqmsIa)0.jpg"
"<iframe src=""https://es.pornhub.com/embed/ph5d945ffb3acc9"" frameborder=""0"" width=""560"" height=""340"" scrolling=""no"" allowfullscreen></iframe>"TAB"Babe;Vergas grandes;Morenas;Mamadas;Estrellas Porno;Adolescentes;Realidad Virtual;180°;3D"TAB"VRBangers-Horny Slut Karter Foxx Strip Dance And Fucked Hard By The Pool VR"TAB"vrbangers,virtual;reality,vr;porn,vrporn,vr,babe,big;dick,blowjob,brunette,cowgirl,natural;tits,outdoor,shaved;pussy,reverse;cowgirl"TAB"318"TAB"Karter Foxx"TAB"https://ci.phncdn.com/videos/201910/02/252238052/original/(m=qV86O5UbeGcEGgaaaa)(mh=mJQjVwDmWTc26LoW)0.jpg"
"<iframe src=""https://es.pornhub.com/embed/ph5dd6e5b1963df"" frameborder=""0"" width=""560"" height=""340"" scrolling=""no"" allowfullscreen></iframe>"TAB"Mamadas;Creampie;Sexo Duro;Estrellas Porno;POV;Realidad Virtual;180°;3D"TAB"WETVR Sex Education Taught To Student In VR"TAB"wetvr,virtual,reality,point;of;view,vr,vr;porn,virtual;reality,pov,chanel;shortcake,teen,student,blonde,small;tits,big;dick,blowjob,hardcore"TAB"378"TAB"Chanel Shortcake"TAB"https://ci.phncdn.com/videos/201911/21/263251052/original/(m=qLL_T9UbeGcEGgaaaa)(mh=u1EY2cVGWLSzh2B_)0.jpg"
