"<iframe src=""https://es.pornhub.com/embed/ph5e20a4a5a8396"" frameborder=""0"" width=""560"" height=""340"" scrolling=""no"" allowfullscreen></iframe>","https://es.pornhub.com/view_video.php?viewkey=ph5e20a4a5a8396","Culos Grandes;Tetas Grandes;Morenas;Sexo Duro;Estrellas Porno;Real;Realidad Virtual;180°;3D;POV","0","pornhub","VR 180 - Australian Cop Angela White Interrogates Will Pounder ","australiancowgirlnatural;titsbjhuge;titsblowjobsucking;dickvrvr180vr;180riding;cockbrunettebig;titsbig;boobsdoggystylebig;buttbig;assvirtual;reality","300","Angela White;Will Pounder","https://ci.phncdn.com/videos/202001/16/277094641/original/(m=eafTGgaaaa)(mh=7a379FHWNI91hyHZ)0.jpg","https://ci.phncdn.com/videos/202001/16/277094641/original/(m=eafTGgaaaa)(mh=7a379FHWNI91hyHZ)1.jpg;https://ci.phncdn.com/videos/202001/16/277094641/original/(m=eafTGgaaaa)(mh=7a379FHWNI91hyHZ)2.jpg;https://ci.phncdn.com/videos/202001/16/277094641/original/(m=eafTGgaaaa)(mh=7a379FHWNI91hyHZ)3.jpg;https://ci.phncdn.com/videos/202001/16/277094641/original/(m=eafTGgaaaa)(mh=7a379FHWNI91hyHZ)4.jpg;https://ci.phncdn.com/videos/202001/16/277094641/original/(m=eafTGgaaaa)(mh=7a379FHWNI91hyHZ)5.jpg;https://ci.phncdn.com/videos/202001/16/277094641/original/(m=eafTGgaaaa)(mh=7a379FHWNI91hyHZ)6.jpg;https://ci.phncdn.com/videos/202001/16/277094641/original/(m=eafTGgaaaa)(mh=7a379FHWNI91hyHZ)7.jpg;https://ci.phncdn.com/videos/202001/16/277094641/original/(m=eafTGgaaaa)(mh=7a379FHWNI91hyHZ)8.jpg;https://ci.phncdn.com/videos/202001/16/277094641/original/(m=eafTGgaaaa)(mh=7a379FHWNI91hyHZ)9.jpg;https://ci.phncdn.com/videos/202001/16/277094641/original/(m=eafTGgaaaa)(mh=7a379FHWNI91hyHZ)10.jpg;https://ci.phncdn.com/videos/202001/16/277094641/original/(m=eafTGgaaaa)(mh=7a379FHWNI91hyHZ)11.jpg;https://ci.phncdn.com/videos/202001/16/277094641/original/(m=eafTGgaaaa)(mh=7a379FHWNI91hyHZ)12.jpg;https://ci.phncdn.com/videos/202001/16/277094641/original/(m=eafTGgaaaa)(mh=7a379FHWNI91hyHZ)13.jpg;https://ci.phncdn.com/videos/202001/16/277094641/original/(m=eafTGgaaaa)(mh=7a379FHWNI91hyHZ)14.jpg;https://ci.phncdn.com/videos/202001/16/277094641/original/(m=eafTGgaaaa)(mh=7a379FHWNI91hyHZ)15.jpg;https://ci.phncdn.com/videos/202001/16/277094641/original/(m=eafTGgaaaa)(mh=7a379FHWNI91hyHZ)16.jpg"
"<iframe src=""https://es.pornhub.com/embed/ph5e0e007e9d037"" frameborder=""0"" width=""560"" height=""340"" scrolling=""no"" allowfullscreen></iframe>","https://es.pornhub.com/view_video.php?viewkey=ph5e0e007e9d037","Culos Grandes;Tetas Grandes;Morenas;Mamadas;Sexo Duro;Latinas;Estrellas Porno;Adolescentes;POV;Realidad Virtual;60FPS;180°;3D;POV","0","vrbangers","VR BANGERS Sex Practice With Hot Latin Friend VR Porn","vrbangersvirtualrealitylatinbig;boobsbuttvrpornvr;pornlatinacurvybig;assblowjobcowgirlridingmissionarytitsjob","309","Violet Myers","https://ci.phncdn.com/videos/202001/02/273261961/original/(m=qHGI8GVbeafTGgaaaa)(mh=wmdLBTFsch1i6Jbq)0.jpg","https://ci.phncdn.com/videos/202001/02/273261961/original/(m=eafTGgaaaa)(mh=Nxn0eED0GSDViLNJ)1.jpg;https://ci.phncdn.com/videos/202001/02/273261961/original/(m=eafTGgaaaa)(mh=Nxn0eED0GSDViLNJ)2.jpg;https://ci.phncdn.com/videos/202001/02/273261961/original/(m=eafTGgaaaa)(mh=Nxn0eED0GSDViLNJ)3.jpg;https://ci.phncdn.com/videos/202001/02/273261961/original/(m=eafTGgaaaa)(mh=Nxn0eED0GSDViLNJ)4.jpg;https://ci.phncdn.com/videos/202001/02/273261961/original/(m=eafTGgaaaa)(mh=Nxn0eED0GSDViLNJ)5.jpg;https://ci.phncdn.com/videos/202001/02/273261961/original/(m=eafTGgaaaa)(mh=Nxn0eED0GSDViLNJ)6.jpg;https://ci.phncdn.com/videos/202001/02/273261961/original/(m=eafTGgaaaa)(mh=Nxn0eED0GSDViLNJ)7.jpg;https://ci.phncdn.com/videos/202001/02/273261961/original/(m=eafTGgaaaa)(mh=Nxn0eED0GSDViLNJ)8.jpg;https://ci.phncdn.com/videos/202001/02/273261961/original/(m=eafTGgaaaa)(mh=Nxn0eED0GSDViLNJ)9.jpg;https://ci.phncdn.com/videos/202001/02/273261961/original/(m=eafTGgaaaa)(mh=Nxn0eED0GSDViLNJ)10.jpg;https://ci.phncdn.com/videos/202001/02/273261961/original/(m=eafTGgaaaa)(mh=Nxn0eED0GSDViLNJ)11.jpg;https://ci.phncdn.com/videos/202001/02/273261961/original/(m=eafTGgaaaa)(mh=Nxn0eED0GSDViLNJ)12.jpg;https://ci.phncdn.com/videos/202001/02/273261961/original/(m=eafTGgaaaa)(mh=Nxn0eED0GSDViLNJ)13.jpg;https://ci.phncdn.com/videos/202001/02/273261961/original/(m=eafTGgaaaa)(mh=Nxn0eED0GSDViLNJ)14.jpg;https://ci.phncdn.com/videos/202001/02/273261961/original/(m=eafTGgaaaa)(mh=Nxn0eED0GSDViLNJ)15.jpg;https://ci.phncdn.com/videos/202001/02/273261961/original/(m=eafTGgaaaa)(mh=Nxn0eED0GSDViLNJ)16.jpg"
"<iframe src=""https://es.pornhub.com/embed/ph5e0139f0cf14d"" frameborder=""0"" width=""560"" height=""340"" scrolling=""no"" allowfullscreen></iframe>","https://es.pornhub.com/view_video.php?viewkey=ph5e0139f0cf14d","Culos Grandes;Tetas Grandes;Juguetes;Lesbianas;Estrellas Porno;Realidad Virtual;Lamidas de Coño;Tijereta;Al  Dedo;180°;3D","0","VRConk","VRConk Chubby Girls Masturbating With Double Dildo VR Porn","czechvrconkhuge;titsmasturbateadult;toysvirtualrealitychubbyvrpornvr;pornlesbianbbwbig;assbig;boobsdildomasturbationoffice","215","Krystal Swift","https://ci.phncdn.com/videos/201912/23/270858731/original/(m=qRVYIGVbeafTGgaaaa)(mh=jPYce-826c0tBnMB)0.jpg","https://ci.phncdn.com/videos/201912/23/270858731/original/(m=eafTGgaaaa)(mh=8ZZ8SV-iOfDeU_V7)1.jpg;https://ci.phncdn.com/videos/201912/23/270858731/original/(m=eafTGgaaaa)(mh=8ZZ8SV-iOfDeU_V7)2.jpg;https://ci.phncdn.com/videos/201912/23/270858731/original/(m=eafTGgaaaa)(mh=8ZZ8SV-iOfDeU_V7)3.jpg;https://ci.phncdn.com/videos/201912/23/270858731/original/(m=eafTGgaaaa)(mh=8ZZ8SV-iOfDeU_V7)4.jpg;https://ci.phncdn.com/videos/201912/23/270858731/original/(m=eafTGgaaaa)(mh=8ZZ8SV-iOfDeU_V7)5.jpg;https://ci.phncdn.com/videos/201912/23/270858731/original/(m=eafTGgaaaa)(mh=8ZZ8SV-iOfDeU_V7)6.jpg;https://ci.phncdn.com/videos/201912/23/270858731/original/(m=eafTGgaaaa)(mh=8ZZ8SV-iOfDeU_V7)7.jpg;https://ci.phncdn.com/videos/201912/23/270858731/original/(m=eafTGgaaaa)(mh=8ZZ8SV-iOfDeU_V7)8.jpg;https://ci.phncdn.com/videos/201912/23/270858731/original/(m=eafTGgaaaa)(mh=8ZZ8SV-iOfDeU_V7)9.jpg;https://ci.phncdn.com/videos/201912/23/270858731/original/(m=eafTGgaaaa)(mh=8ZZ8SV-iOfDeU_V7)10.jpg;https://ci.phncdn.com/videos/201912/23/270858731/original/(m=eafTGgaaaa)(mh=8ZZ8SV-iOfDeU_V7)11.jpg;https://ci.phncdn.com/videos/201912/23/270858731/original/(m=eafTGgaaaa)(mh=8ZZ8SV-iOfDeU_V7)12.jpg;https://ci.phncdn.com/videos/201912/23/270858731/original/(m=eafTGgaaaa)(mh=8ZZ8SV-iOfDeU_V7)13.jpg;https://ci.phncdn.com/videos/201912/23/270858731/original/(m=eafTGgaaaa)(mh=8ZZ8SV-iOfDeU_V7)14.jpg;https://ci.phncdn.com/videos/201912/23/270858731/original/(m=eafTGgaaaa)(mh=8ZZ8SV-iOfDeU_V7)15.jpg;https://ci.phncdn.com/videos/201912/23/270858731/original/(m=eafTGgaaaa)(mh=8ZZ8SV-iOfDeU_V7)16.jpg"
"<iframe src=""https://es.pornhub.com/embed/ph5dc97768d1248"" frameborder=""0"" width=""560"" height=""340"" scrolling=""no"" allowfullscreen></iframe>","https://es.pornhub.com/view_video.php?viewkey=ph5dc97768d1248","Adolescentes;Japonésas","0","Unknown","JK VR01","jkvrpanchiratousatsu","1168","","https://ci.phncdn.com/videos/201911/11/260936532/original/(m=eafTGgaaaa)(mh=zW5eoSC8nG2e6O6P)7.jpg","https://ci.phncdn.com/videos/201911/11/260936532/original/(m=eafTGgaaaa)(mh=zW5eoSC8nG2e6O6P)1.jpg;https://ci.phncdn.com/videos/201911/11/260936532/original/(m=eafTGgaaaa)(mh=zW5eoSC8nG2e6O6P)2.jpg;https://ci.phncdn.com/videos/201911/11/260936532/original/(m=eafTGgaaaa)(mh=zW5eoSC8nG2e6O6P)3.jpg;https://ci.phncdn.com/videos/201911/11/260936532/original/(m=eafTGgaaaa)(mh=zW5eoSC8nG2e6O6P)4.jpg;https://ci.phncdn.com/videos/201911/11/260936532/original/(m=eafTGgaaaa)(mh=zW5eoSC8nG2e6O6P)5.jpg;https://ci.phncdn.com/videos/201911/11/260936532/original/(m=eafTGgaaaa)(mh=zW5eoSC8nG2e6O6P)6.jpg;https://ci.phncdn.com/videos/201911/11/260936532/original/(m=eafTGgaaaa)(mh=zW5eoSC8nG2e6O6P)7.jpg;https://ci.phncdn.com/videos/201911/11/260936532/original/(m=eafTGgaaaa)(mh=zW5eoSC8nG2e6O6P)8.jpg;https://ci.phncdn.com/videos/201911/11/260936532/original/(m=eafTGgaaaa)(mh=zW5eoSC8nG2e6O6P)9.jpg;https://ci.phncdn.com/videos/201911/11/260936532/original/(m=eafTGgaaaa)(mh=zW5eoSC8nG2e6O6P)10.jpg;https://ci.phncdn.com/videos/201911/11/260936532/original/(m=eafTGgaaaa)(mh=zW5eoSC8nG2e6O6P)11.jpg;https://ci.phncdn.com/videos/201911/11/260936532/original/(m=eafTGgaaaa)(mh=zW5eoSC8nG2e6O6P)12.jpg;https://ci.phncdn.com/videos/201911/11/260936532/original/(m=eafTGgaaaa)(mh=zW5eoSC8nG2e6O6P)13.jpg;https://ci.phncdn.com/videos/201911/11/260936532/original/(m=eafTGgaaaa)(mh=zW5eoSC8nG2e6O6P)14.jpg;https://ci.phncdn.com/videos/201911/11/260936532/original/(m=eafTGgaaaa)(mh=zW5eoSC8nG2e6O6P)15.jpg;https://ci.phncdn.com/videos/201911/11/260936532/original/(m=eafTGgaaaa)(mh=zW5eoSC8nG2e6O6P)16.jpg"
"<iframe src=""https://es.pornhub.com/embed/ph5df23bcb86b08"" frameborder=""0"" width=""560"" height=""340"" scrolling=""no"" allowfullscreen></iframe>","https://es.pornhub.com/view_video.php?viewkey=ph5df23bcb86b08","Rubias;Masturbación;POV;Realidad Virtual;60FPS;180°;3D","0","SinsVR","SinsVR - 180 VR Porn - Adira Allure - Im such a tease!","sinsvrvirtualrealitypetitemasturbatefingeringstripteasetrimmed;pussyyoungnatural;tits180;vr60;fpsenglish;spankinglapdanceteasevirtual;pov","301","","https://ci.phncdn.com/videos/201912/12/268109782/original/(m=qH4ZK-UbeafTGgaaaa)(mh=JK8abY9CDWWqrw7O)0.jpg","https://ci.phncdn.com/videos/201912/12/268109782/original/(m=eafTGgaaaa)(mh=OBIJwMvwmCm0TIsk)1.jpg;https://ci.phncdn.com/videos/201912/12/268109782/original/(m=eafTGgaaaa)(mh=OBIJwMvwmCm0TIsk)2.jpg;https://ci.phncdn.com/videos/201912/12/268109782/original/(m=eafTGgaaaa)(mh=OBIJwMvwmCm0TIsk)3.jpg;https://ci.phncdn.com/videos/201912/12/268109782/original/(m=eafTGgaaaa)(mh=OBIJwMvwmCm0TIsk)4.jpg;https://ci.phncdn.com/videos/201912/12/268109782/original/(m=eafTGgaaaa)(mh=OBIJwMvwmCm0TIsk)5.jpg;https://ci.phncdn.com/videos/201912/12/268109782/original/(m=eafTGgaaaa)(mh=OBIJwMvwmCm0TIsk)6.jpg;https://ci.phncdn.com/videos/201912/12/268109782/original/(m=eafTGgaaaa)(mh=OBIJwMvwmCm0TIsk)7.jpg;https://ci.phncdn.com/videos/201912/12/268109782/original/(m=eafTGgaaaa)(mh=OBIJwMvwmCm0TIsk)8.jpg;https://ci.phncdn.com/videos/201912/12/268109782/original/(m=eafTGgaaaa)(mh=OBIJwMvwmCm0TIsk)9.jpg;https://ci.phncdn.com/videos/201912/12/268109782/original/(m=eafTGgaaaa)(mh=OBIJwMvwmCm0TIsk)10.jpg;https://ci.phncdn.com/videos/201912/12/268109782/original/(m=eafTGgaaaa)(mh=OBIJwMvwmCm0TIsk)11.jpg;https://ci.phncdn.com/videos/201912/12/268109782/original/(m=eafTGgaaaa)(mh=OBIJwMvwmCm0TIsk)12.jpg;https://ci.phncdn.com/videos/201912/12/268109782/original/(m=eafTGgaaaa)(mh=OBIJwMvwmCm0TIsk)13.jpg;https://ci.phncdn.com/videos/201912/12/268109782/original/(m=eafTGgaaaa)(mh=OBIJwMvwmCm0TIsk)14.jpg;https://ci.phncdn.com/videos/201912/12/268109782/original/(m=eafTGgaaaa)(mh=OBIJwMvwmCm0TIsk)15.jpg;https://ci.phncdn.com/videos/201912/12/268109782/original/(m=eafTGgaaaa)(mh=OBIJwMvwmCm0TIsk)16.jpg"
"<iframe src=""https://es.pornhub.com/embed/ph5defb54423f45"" frameborder=""0"" width=""560"" height=""340"" scrolling=""no"" allowfullscreen></iframe>","https://es.pornhub.com/view_video.php?viewkey=ph5defb54423f45","Vergas grandes;Rubias;Estrellas Porno;Adolescentes;POV;Tetas pequeñas;Tríos;Realidad Virtual;60FPS;180°;3D","0","BaDoink","BaDoinkVR Jill Kassidy and Kiara Cole Need Big Cock For Their Game","virtual;realitypov3dbadoink;vrvr;pornteenpetitesmall;titsgirl;on;girlthreesomebabebig;cockthick;dickdeep;throatbrunetteorgasm","301","Jill Kassidy;Kiara Cole","https://ci.phncdn.com/videos/201912/10/267644062/original/(m=qI6Y-_UbeafTGgaaaa)(mh=0Z_Iyya_u5aR5iYy)0.jpg","https://ci.phncdn.com/videos/201912/10/267644062/original/(m=eafTGgaaaa)(mh=rABT0Muy5yc1Mdun)1.jpg;https://ci.phncdn.com/videos/201912/10/267644062/original/(m=eafTGgaaaa)(mh=rABT0Muy5yc1Mdun)2.jpg;https://ci.phncdn.com/videos/201912/10/267644062/original/(m=eafTGgaaaa)(mh=rABT0Muy5yc1Mdun)3.jpg;https://ci.phncdn.com/videos/201912/10/267644062/original/(m=eafTGgaaaa)(mh=rABT0Muy5yc1Mdun)4.jpg;https://ci.phncdn.com/videos/201912/10/267644062/original/(m=eafTGgaaaa)(mh=rABT0Muy5yc1Mdun)5.jpg;https://ci.phncdn.com/videos/201912/10/267644062/original/(m=eafTGgaaaa)(mh=rABT0Muy5yc1Mdun)6.jpg;https://ci.phncdn.com/videos/201912/10/267644062/original/(m=eafTGgaaaa)(mh=rABT0Muy5yc1Mdun)7.jpg;https://ci.phncdn.com/videos/201912/10/267644062/original/(m=eafTGgaaaa)(mh=rABT0Muy5yc1Mdun)8.jpg;https://ci.phncdn.com/videos/201912/10/267644062/original/(m=eafTGgaaaa)(mh=rABT0Muy5yc1Mdun)9.jpg;https://ci.phncdn.com/videos/201912/10/267644062/original/(m=eafTGgaaaa)(mh=rABT0Muy5yc1Mdun)10.jpg;https://ci.phncdn.com/videos/201912/10/267644062/original/(m=eafTGgaaaa)(mh=rABT0Muy5yc1Mdun)11.jpg;https://ci.phncdn.com/videos/201912/10/267644062/original/(m=eafTGgaaaa)(mh=rABT0Muy5yc1Mdun)12.jpg;https://ci.phncdn.com/videos/201912/10/267644062/original/(m=eafTGgaaaa)(mh=rABT0Muy5yc1Mdun)13.jpg;https://ci.phncdn.com/videos/201912/10/267644062/original/(m=eafTGgaaaa)(mh=rABT0Muy5yc1Mdun)14.jpg;https://ci.phncdn.com/videos/201912/10/267644062/original/(m=eafTGgaaaa)(mh=rABT0Muy5yc1Mdun)15.jpg;https://ci.phncdn.com/videos/201912/10/267644062/original/(m=eafTGgaaaa)(mh=rABT0Muy5yc1Mdun)16.jpg"
"<iframe src=""https://es.pornhub.com/embed/ph5e04cd8910dcf"" frameborder=""0"" width=""560"" height=""340"" scrolling=""no"" allowfullscreen></iframe>","https://es.pornhub.com/view_video.php?viewkey=ph5e04cd8910dcf","Culos Grandes;Rubias;Mamadas;Estrellas Porno;Adolescentes;POV;Tetas pequeñas;Realidad Virtual;180°;3D;POV","0","SexBabesVR","SexBabesVR - 180 VR Porn - Sexy Guitar Solo with Alecia Fox","sexbabesvrvirtualreality180;vr60;fpstrimmed;pussyguitarmusicianstudentartblowjobcowgirlmissionarydoggy;style","363","Alecia Fox","https://ci.phncdn.com/videos/201912/26/271474801/original/(m=q8_1PGVbeafTGgaaaa)(mh=sbUttOTEdnRToX3m)0.jpg","https://ci.phncdn.com/videos/201912/26/271474801/original/(m=eafTGgaaaa)(mh=wMXdWgcFZHPyR9_t)1.jpg;https://ci.phncdn.com/videos/201912/26/271474801/original/(m=eafTGgaaaa)(mh=wMXdWgcFZHPyR9_t)2.jpg;https://ci.phncdn.com/videos/201912/26/271474801/original/(m=eafTGgaaaa)(mh=wMXdWgcFZHPyR9_t)3.jpg;https://ci.phncdn.com/videos/201912/26/271474801/original/(m=eafTGgaaaa)(mh=wMXdWgcFZHPyR9_t)4.jpg;https://ci.phncdn.com/videos/201912/26/271474801/original/(m=eafTGgaaaa)(mh=wMXdWgcFZHPyR9_t)5.jpg;https://ci.phncdn.com/videos/201912/26/271474801/original/(m=eafTGgaaaa)(mh=wMXdWgcFZHPyR9_t)6.jpg;https://ci.phncdn.com/videos/201912/26/271474801/original/(m=eafTGgaaaa)(mh=wMXdWgcFZHPyR9_t)7.jpg;https://ci.phncdn.com/videos/201912/26/271474801/original/(m=eafTGgaaaa)(mh=wMXdWgcFZHPyR9_t)8.jpg;https://ci.phncdn.com/videos/201912/26/271474801/original/(m=eafTGgaaaa)(mh=wMXdWgcFZHPyR9_t)9.jpg;https://ci.phncdn.com/videos/201912/26/271474801/original/(m=eafTGgaaaa)(mh=wMXdWgcFZHPyR9_t)10.jpg;https://ci.phncdn.com/videos/201912/26/271474801/original/(m=eafTGgaaaa)(mh=wMXdWgcFZHPyR9_t)11.jpg;https://ci.phncdn.com/videos/201912/26/271474801/original/(m=eafTGgaaaa)(mh=wMXdWgcFZHPyR9_t)12.jpg;https://ci.phncdn.com/videos/201912/26/271474801/original/(m=eafTGgaaaa)(mh=wMXdWgcFZHPyR9_t)13.jpg;https://ci.phncdn.com/videos/201912/26/271474801/original/(m=eafTGgaaaa)(mh=wMXdWgcFZHPyR9_t)14.jpg;https://ci.phncdn.com/videos/201912/26/271474801/original/(m=eafTGgaaaa)(mh=wMXdWgcFZHPyR9_t)15.jpg;https://ci.phncdn.com/videos/201912/26/271474801/original/(m=eafTGgaaaa)(mh=wMXdWgcFZHPyR9_t)16.jpg"
"<iframe src=""https://es.pornhub.com/embed/ph5dd3ec8d802b4"" frameborder=""0"" width=""560"" height=""340"" scrolling=""no"" allowfullscreen></iframe>","https://es.pornhub.com/view_video.php?viewkey=ph5dd3ec8d802b4","Tetas Grandes;Morenas;MILF;Estrellas Porno;Realidad Virtual;60FPS;Solitaria;180°;3D","0","DDFCash","Must-see fuckdoll solo with VR bombshell Krystal Webb in POV masturbation","ddfnetworkddfnetworkvrbig;boobsmasturbatemommothervirtualrealityddf;vrddf;pornvr;pornmasturbation;pornbig;tits;pornbrunette;hair;pornsex;toys;pornvirual;reality;porn","511","Krystal Webb","https://ci.phncdn.com/videos/201911/19/262734092/original/(m=eafTGgaaaa)(mh=kdOIUslVULzEM_gx)10.jpg","https://ci.phncdn.com/videos/201911/19/262734092/original/(m=eafTGgaaaa)(mh=kdOIUslVULzEM_gx)1.jpg;https://ci.phncdn.com/videos/201911/19/262734092/original/(m=eafTGgaaaa)(mh=kdOIUslVULzEM_gx)2.jpg;https://ci.phncdn.com/videos/201911/19/262734092/original/(m=eafTGgaaaa)(mh=kdOIUslVULzEM_gx)3.jpg;https://ci.phncdn.com/videos/201911/19/262734092/original/(m=eafTGgaaaa)(mh=kdOIUslVULzEM_gx)4.jpg;https://ci.phncdn.com/videos/201911/19/262734092/original/(m=eafTGgaaaa)(mh=kdOIUslVULzEM_gx)5.jpg;https://ci.phncdn.com/videos/201911/19/262734092/original/(m=eafTGgaaaa)(mh=kdOIUslVULzEM_gx)6.jpg;https://ci.phncdn.com/videos/201911/19/262734092/original/(m=eafTGgaaaa)(mh=kdOIUslVULzEM_gx)7.jpg;https://ci.phncdn.com/videos/201911/19/262734092/original/(m=eafTGgaaaa)(mh=kdOIUslVULzEM_gx)8.jpg;https://ci.phncdn.com/videos/201911/19/262734092/original/(m=eafTGgaaaa)(mh=kdOIUslVULzEM_gx)9.jpg;https://ci.phncdn.com/videos/201911/19/262734092/original/(m=eafTGgaaaa)(mh=kdOIUslVULzEM_gx)10.jpg;https://ci.phncdn.com/videos/201911/19/262734092/original/(m=eafTGgaaaa)(mh=kdOIUslVULzEM_gx)11.jpg;https://ci.phncdn.com/videos/201911/19/262734092/original/(m=eafTGgaaaa)(mh=kdOIUslVULzEM_gx)12.jpg;https://ci.phncdn.com/videos/201911/19/262734092/original/(m=eafTGgaaaa)(mh=kdOIUslVULzEM_gx)13.jpg;https://ci.phncdn.com/videos/201911/19/262734092/original/(m=eafTGgaaaa)(mh=kdOIUslVULzEM_gx)14.jpg;https://ci.phncdn.com/videos/201911/19/262734092/original/(m=eafTGgaaaa)(mh=kdOIUslVULzEM_gx)15.jpg;https://ci.phncdn.com/videos/201911/19/262734092/original/(m=eafTGgaaaa)(mh=kdOIUslVULzEM_gx)16.jpg"
"<iframe src=""https://es.pornhub.com/embed/ph5d52ee7392615"" frameborder=""0"" width=""560"" height=""340"" scrolling=""no"" allowfullscreen></iframe>","https://es.pornhub.com/view_video.php?viewkey=ph5d52ee7392615","Culos Grandes;Babe;Tetas Grandes;Morenas;Pajas;Sexo Duro;Estrellas Porno;Realidad Virtual;60FPS;180°;3D","0","NaughtyAmerica","Naughty America - Ivy LeBelle Fucks you in VR","buttbig;boobsvirtualrealitynaughtyamericavrbubble;buttcaucasiancum;on;pussycum;on;stomachdeepthroatingfake;titshairy;bushhand;jobhigh;heelslingeriemasturbation","845","Ivy Lebelle","https://ci.phncdn.com/videos/201908/13/241526971/original/(m=eafTGgaaaa)(mh=fE-Ci5CMds9vUGJ2)12.jpg","https://ci.phncdn.com/videos/201908/13/241526971/original/(m=eafTGgaaaa)(mh=fE-Ci5CMds9vUGJ2)1.jpg;https://ci.phncdn.com/videos/201908/13/241526971/original/(m=eafTGgaaaa)(mh=fE-Ci5CMds9vUGJ2)2.jpg;https://ci.phncdn.com/videos/201908/13/241526971/original/(m=eafTGgaaaa)(mh=fE-Ci5CMds9vUGJ2)3.jpg;https://ci.phncdn.com/videos/201908/13/241526971/original/(m=eafTGgaaaa)(mh=fE-Ci5CMds9vUGJ2)4.jpg;https://ci.phncdn.com/videos/201908/13/241526971/original/(m=eafTGgaaaa)(mh=fE-Ci5CMds9vUGJ2)5.jpg;https://ci.phncdn.com/videos/201908/13/241526971/original/(m=eafTGgaaaa)(mh=fE-Ci5CMds9vUGJ2)6.jpg;https://ci.phncdn.com/videos/201908/13/241526971/original/(m=eafTGgaaaa)(mh=fE-Ci5CMds9vUGJ2)7.jpg;https://ci.phncdn.com/videos/201908/13/241526971/original/(m=eafTGgaaaa)(mh=fE-Ci5CMds9vUGJ2)8.jpg;https://ci.phncdn.com/videos/201908/13/241526971/original/(m=eafTGgaaaa)(mh=fE-Ci5CMds9vUGJ2)9.jpg;https://ci.phncdn.com/videos/201908/13/241526971/original/(m=eafTGgaaaa)(mh=fE-Ci5CMds9vUGJ2)10.jpg;https://ci.phncdn.com/videos/201908/13/241526971/original/(m=eafTGgaaaa)(mh=fE-Ci5CMds9vUGJ2)11.jpg;https://ci.phncdn.com/videos/201908/13/241526971/original/(m=eafTGgaaaa)(mh=fE-Ci5CMds9vUGJ2)12.jpg;https://ci.phncdn.com/videos/201908/13/241526971/original/(m=eafTGgaaaa)(mh=fE-Ci5CMds9vUGJ2)13.jpg;https://ci.phncdn.com/videos/201908/13/241526971/original/(m=eafTGgaaaa)(mh=fE-Ci5CMds9vUGJ2)14.jpg;https://ci.phncdn.com/videos/201908/13/241526971/original/(m=eafTGgaaaa)(mh=fE-Ci5CMds9vUGJ2)15.jpg;https://ci.phncdn.com/videos/201908/13/241526971/original/(m=eafTGgaaaa)(mh=fE-Ci5CMds9vUGJ2)16.jpg"
"<iframe src=""https://es.pornhub.com/embed/ph5e0fa9fc0f1d3"" frameborder=""0"" width=""560"" height=""340"" scrolling=""no"" allowfullscreen></iframe>","https://es.pornhub.com/view_video.php?viewkey=ph5e0fa9fc0f1d3","Morenas;Mamadas;Sexo Duro;Estrellas Porno;Realidad Virtual;60FPS;180°;3D","0","pornpros","WETVR Soon To Be Evicted Girl Fucks in VR To Pay Rent","wetvrbig;boobsvirtualrealityvrvrpornbrunettebig;titsbusdtyalexis;adamspovblowjobhardcoresexoral;sexshaved;pussy","385","Alexis Adams","https://ci.phncdn.com/videos/202001/03/273615121/original/(m=qRXT-GVbeafTGgaaaa)(mh=JgAuSQG19ecdT1EY)0.jpg","https://ci.phncdn.com/videos/202001/03/273615121/original/(m=eafTGgaaaa)(mh=vzLnKLRmwR9kv7gV)1.jpg;https://ci.phncdn.com/videos/202001/03/273615121/original/(m=eafTGgaaaa)(mh=vzLnKLRmwR9kv7gV)2.jpg;https://ci.phncdn.com/videos/202001/03/273615121/original/(m=eafTGgaaaa)(mh=vzLnKLRmwR9kv7gV)3.jpg;https://ci.phncdn.com/videos/202001/03/273615121/original/(m=eafTGgaaaa)(mh=vzLnKLRmwR9kv7gV)4.jpg;https://ci.phncdn.com/videos/202001/03/273615121/original/(m=eafTGgaaaa)(mh=vzLnKLRmwR9kv7gV)5.jpg;https://ci.phncdn.com/videos/202001/03/273615121/original/(m=eafTGgaaaa)(mh=vzLnKLRmwR9kv7gV)6.jpg;https://ci.phncdn.com/videos/202001/03/273615121/original/(m=eafTGgaaaa)(mh=vzLnKLRmwR9kv7gV)7.jpg;https://ci.phncdn.com/videos/202001/03/273615121/original/(m=eafTGgaaaa)(mh=vzLnKLRmwR9kv7gV)8.jpg;https://ci.phncdn.com/videos/202001/03/273615121/original/(m=eafTGgaaaa)(mh=vzLnKLRmwR9kv7gV)9.jpg;https://ci.phncdn.com/videos/202001/03/273615121/original/(m=eafTGgaaaa)(mh=vzLnKLRmwR9kv7gV)10.jpg;https://ci.phncdn.com/videos/202001/03/273615121/original/(m=eafTGgaaaa)(mh=vzLnKLRmwR9kv7gV)11.jpg;https://ci.phncdn.com/videos/202001/03/273615121/original/(m=eafTGgaaaa)(mh=vzLnKLRmwR9kv7gV)12.jpg;https://ci.phncdn.com/videos/202001/03/273615121/original/(m=eafTGgaaaa)(mh=vzLnKLRmwR9kv7gV)13.jpg;https://ci.phncdn.com/videos/202001/03/273615121/original/(m=eafTGgaaaa)(mh=vzLnKLRmwR9kv7gV)14.jpg;https://ci.phncdn.com/videos/202001/03/273615121/original/(m=eafTGgaaaa)(mh=vzLnKLRmwR9kv7gV)15.jpg;https://ci.phncdn.com/videos/202001/03/273615121/original/(m=eafTGgaaaa)(mh=vzLnKLRmwR9kv7gV)16.jpg"
"<iframe src=""https://es.pornhub.com/embed/ph5db2d53c89ca9"" frameborder=""0"" width=""560"" height=""340"" scrolling=""no"" allowfullscreen></iframe>","https://es.pornhub.com/view_video.php?viewkey=ph5db2d53c89ca9","Rubias;Estrellas Porno;POV;Realidad Virtual;Mujeres Tatuadas;180°;3D","0","BaDoink","VRCosplayX XXX BABES IN LATEX Parody Compilation In POV Virtual Reality","badoinkvirtual;reality3dpovvr;porncosplayparodycompilationlatexbabethe;wizard;of;ozpower;rangersx;men;psylockestripperellanatural;titscumshot","741","Ava Austen;Bunny Colby;Jill Kassidy;Liv Revamped","https://ci.phncdn.com/videos/201910/25/257120761/original/(m=q1M5L7UbeafTGgaaaa)(mh=tExIzOCR0GTTOfas)0.jpg","https://ci.phncdn.com/videos/201910/25/257120761/original/(m=eafTGgaaaa)(mh=fG9rJD1cIQEewm9Z)1.jpg;https://ci.phncdn.com/videos/201910/25/257120761/original/(m=eafTGgaaaa)(mh=fG9rJD1cIQEewm9Z)2.jpg;https://ci.phncdn.com/videos/201910/25/257120761/original/(m=eafTGgaaaa)(mh=fG9rJD1cIQEewm9Z)3.jpg;https://ci.phncdn.com/videos/201910/25/257120761/original/(m=eafTGgaaaa)(mh=fG9rJD1cIQEewm9Z)4.jpg;https://ci.phncdn.com/videos/201910/25/257120761/original/(m=eafTGgaaaa)(mh=fG9rJD1cIQEewm9Z)5.jpg;https://ci.phncdn.com/videos/201910/25/257120761/original/(m=eafTGgaaaa)(mh=fG9rJD1cIQEewm9Z)6.jpg;https://ci.phncdn.com/videos/201910/25/257120761/original/(m=eafTGgaaaa)(mh=fG9rJD1cIQEewm9Z)7.jpg;https://ci.phncdn.com/videos/201910/25/257120761/original/(m=eafTGgaaaa)(mh=fG9rJD1cIQEewm9Z)8.jpg;https://ci.phncdn.com/videos/201910/25/257120761/original/(m=eafTGgaaaa)(mh=fG9rJD1cIQEewm9Z)9.jpg;https://ci.phncdn.com/videos/201910/25/257120761/original/(m=eafTGgaaaa)(mh=fG9rJD1cIQEewm9Z)10.jpg;https://ci.phncdn.com/videos/201910/25/257120761/original/(m=eafTGgaaaa)(mh=fG9rJD1cIQEewm9Z)11.jpg;https://ci.phncdn.com/videos/201910/25/257120761/original/(m=eafTGgaaaa)(mh=fG9rJD1cIQEewm9Z)12.jpg;https://ci.phncdn.com/videos/201910/25/257120761/original/(m=eafTGgaaaa)(mh=fG9rJD1cIQEewm9Z)13.jpg;https://ci.phncdn.com/videos/201910/25/257120761/original/(m=eafTGgaaaa)(mh=fG9rJD1cIQEewm9Z)14.jpg;https://ci.phncdn.com/videos/201910/25/257120761/original/(m=eafTGgaaaa)(mh=fG9rJD1cIQEewm9Z)15.jpg;https://ci.phncdn.com/videos/201910/25/257120761/original/(m=eafTGgaaaa)(mh=fG9rJD1cIQEewm9Z)16.jpg"
"<iframe src=""https://es.pornhub.com/embed/ph582cb76326b3a"" frameborder=""0"" width=""560"" height=""340"" scrolling=""no"" allowfullscreen></iframe>","https://es.pornhub.com/view_video.php?viewkey=ph582cb76326b3a","Morenas;Sexo Duro;Masturbación;Estrellas Porno;POV","0","HoloGirlsVR","Virgin Learns to Fuck","big;titshologirlsvrpoint;of;viewmasturbatehandjobbig;cockfuckingblowjobcumshothdvrmasturbationdildopov","630","Alice Lighthouse","https://ci.phncdn.com/videos/201611/16/96339421/original/(m=eafTGgaaaa)(mh=JatzkpNSIywgV6h5)11.jpg","https://ci.phncdn.com/videos/201611/16/96339421/original/(m=eafTGgaaaa)(mh=JatzkpNSIywgV6h5)1.jpg;https://ci.phncdn.com/videos/201611/16/96339421/original/(m=eafTGgaaaa)(mh=JatzkpNSIywgV6h5)2.jpg;https://ci.phncdn.com/videos/201611/16/96339421/original/(m=eafTGgaaaa)(mh=JatzkpNSIywgV6h5)3.jpg;https://ci.phncdn.com/videos/201611/16/96339421/original/(m=eafTGgaaaa)(mh=JatzkpNSIywgV6h5)4.jpg;https://ci.phncdn.com/videos/201611/16/96339421/original/(m=eafTGgaaaa)(mh=JatzkpNSIywgV6h5)5.jpg;https://ci.phncdn.com/videos/201611/16/96339421/original/(m=eafTGgaaaa)(mh=JatzkpNSIywgV6h5)6.jpg;https://ci.phncdn.com/videos/201611/16/96339421/original/(m=eafTGgaaaa)(mh=JatzkpNSIywgV6h5)7.jpg;https://ci.phncdn.com/videos/201611/16/96339421/original/(m=eafTGgaaaa)(mh=JatzkpNSIywgV6h5)8.jpg;https://ci.phncdn.com/videos/201611/16/96339421/original/(m=eafTGgaaaa)(mh=JatzkpNSIywgV6h5)9.jpg;https://ci.phncdn.com/videos/201611/16/96339421/original/(m=eafTGgaaaa)(mh=JatzkpNSIywgV6h5)10.jpg;https://ci.phncdn.com/videos/201611/16/96339421/original/(m=eafTGgaaaa)(mh=JatzkpNSIywgV6h5)11.jpg;https://ci.phncdn.com/videos/201611/16/96339421/original/(m=eafTGgaaaa)(mh=JatzkpNSIywgV6h5)12.jpg;https://ci.phncdn.com/videos/201611/16/96339421/original/(m=eafTGgaaaa)(mh=JatzkpNSIywgV6h5)13.jpg;https://ci.phncdn.com/videos/201611/16/96339421/original/(m=eafTGgaaaa)(mh=JatzkpNSIywgV6h5)14.jpg;https://ci.phncdn.com/videos/201611/16/96339421/original/(m=eafTGgaaaa)(mh=JatzkpNSIywgV6h5)15.jpg;https://ci.phncdn.com/videos/201611/16/96339421/original/(m=eafTGgaaaa)(mh=JatzkpNSIywgV6h5)16.jpg"
"<iframe src=""https://es.pornhub.com/embed/ph5e174e8bb7b8a"" frameborder=""0"" width=""560"" height=""340"" scrolling=""no"" allowfullscreen></iframe>","https://es.pornhub.com/view_video.php?viewkey=ph5e174e8bb7b8a","Morenas;Sexo Duro;Tetas pequeñas;Realidad Virtual;180°;3D;POV","0","pornhub","VR 180 - Kimber Woods Goes To The Sauna To Hook Up","vrvirtual;realityvr180vr;povpovbrunettenatural;titssmall;titsfingeringbjblowjobsucking;dickshaved;pussycumshotcumsauna","300","","https://ci.phncdn.com/videos/202001/09/275222651/original/(m=eafTGgaaaa)(mh=0PsqIx7phBRzeiB7)0.jpg","https://ci.phncdn.com/videos/202001/09/275222651/original/(m=eafTGgaaaa)(mh=0PsqIx7phBRzeiB7)1.jpg;https://ci.phncdn.com/videos/202001/09/275222651/original/(m=eafTGgaaaa)(mh=0PsqIx7phBRzeiB7)2.jpg;https://ci.phncdn.com/videos/202001/09/275222651/original/(m=eafTGgaaaa)(mh=0PsqIx7phBRzeiB7)3.jpg;https://ci.phncdn.com/videos/202001/09/275222651/original/(m=eafTGgaaaa)(mh=0PsqIx7phBRzeiB7)4.jpg;https://ci.phncdn.com/videos/202001/09/275222651/original/(m=eafTGgaaaa)(mh=0PsqIx7phBRzeiB7)5.jpg;https://ci.phncdn.com/videos/202001/09/275222651/original/(m=eafTGgaaaa)(mh=0PsqIx7phBRzeiB7)6.jpg;https://ci.phncdn.com/videos/202001/09/275222651/original/(m=eafTGgaaaa)(mh=0PsqIx7phBRzeiB7)7.jpg;https://ci.phncdn.com/videos/202001/09/275222651/original/(m=eafTGgaaaa)(mh=0PsqIx7phBRzeiB7)8.jpg;https://ci.phncdn.com/videos/202001/09/275222651/original/(m=eafTGgaaaa)(mh=0PsqIx7phBRzeiB7)9.jpg;https://ci.phncdn.com/videos/202001/09/275222651/original/(m=eafTGgaaaa)(mh=0PsqIx7phBRzeiB7)10.jpg;https://ci.phncdn.com/videos/202001/09/275222651/original/(m=eafTGgaaaa)(mh=0PsqIx7phBRzeiB7)11.jpg;https://ci.phncdn.com/videos/202001/09/275222651/original/(m=eafTGgaaaa)(mh=0PsqIx7phBRzeiB7)12.jpg;https://ci.phncdn.com/videos/202001/09/275222651/original/(m=eafTGgaaaa)(mh=0PsqIx7phBRzeiB7)13.jpg;https://ci.phncdn.com/videos/202001/09/275222651/original/(m=eafTGgaaaa)(mh=0PsqIx7phBRzeiB7)14.jpg;https://ci.phncdn.com/videos/202001/09/275222651/original/(m=eafTGgaaaa)(mh=0PsqIx7phBRzeiB7)15.jpg;https://ci.phncdn.com/videos/202001/09/275222651/original/(m=eafTGgaaaa)(mh=0PsqIx7phBRzeiB7)16.jpg"
"<iframe src=""https://es.pornhub.com/embed/ph5cb9d530e8e69"" frameborder=""0"" width=""560"" height=""340"" scrolling=""no"" allowfullscreen></iframe>","https://es.pornhub.com/view_video.php?viewkey=ph5cb9d530e8e69","Asiáticas;Morenas;Hentai;POV;Tetas pequeñas;Verdaderos Aficionados;Orgasmo Femenino","0","VRWaifuChannel","Bunny Mai Sucks and Fucks You After School POV","animepoint;of;viewhentai3d;hentaimai;sakurajimabunnybunny;costumehentai;bunny;girlbunny;cosplaysakurajimakoikatsukoikatu;vrvrchatvrpovhentai;school","416","","https://ci.phncdn.com/videos/201904/19/219135871/original/(m=eafTGgaaaa)(mh=GkSo_9vNox3k5XVC)3.jpg","https://ci.phncdn.com/videos/201904/19/219135871/original/(m=eafTGgaaaa)(mh=GkSo_9vNox3k5XVC)1.jpg;https://ci.phncdn.com/videos/201904/19/219135871/original/(m=eafTGgaaaa)(mh=GkSo_9vNox3k5XVC)2.jpg;https://ci.phncdn.com/videos/201904/19/219135871/original/(m=eafTGgaaaa)(mh=GkSo_9vNox3k5XVC)3.jpg;https://ci.phncdn.com/videos/201904/19/219135871/original/(m=eafTGgaaaa)(mh=GkSo_9vNox3k5XVC)4.jpg;https://ci.phncdn.com/videos/201904/19/219135871/original/(m=eafTGgaaaa)(mh=GkSo_9vNox3k5XVC)5.jpg;https://ci.phncdn.com/videos/201904/19/219135871/original/(m=eafTGgaaaa)(mh=GkSo_9vNox3k5XVC)6.jpg;https://ci.phncdn.com/videos/201904/19/219135871/original/(m=eafTGgaaaa)(mh=GkSo_9vNox3k5XVC)7.jpg;https://ci.phncdn.com/videos/201904/19/219135871/original/(m=eafTGgaaaa)(mh=GkSo_9vNox3k5XVC)8.jpg;https://ci.phncdn.com/videos/201904/19/219135871/original/(m=eafTGgaaaa)(mh=GkSo_9vNox3k5XVC)9.jpg;https://ci.phncdn.com/videos/201904/19/219135871/original/(m=eafTGgaaaa)(mh=GkSo_9vNox3k5XVC)10.jpg;https://ci.phncdn.com/videos/201904/19/219135871/original/(m=eafTGgaaaa)(mh=GkSo_9vNox3k5XVC)11.jpg;https://ci.phncdn.com/videos/201904/19/219135871/original/(m=eafTGgaaaa)(mh=GkSo_9vNox3k5XVC)12.jpg;https://ci.phncdn.com/videos/201904/19/219135871/original/(m=eafTGgaaaa)(mh=GkSo_9vNox3k5XVC)13.jpg;https://ci.phncdn.com/videos/201904/19/219135871/original/(m=eafTGgaaaa)(mh=GkSo_9vNox3k5XVC)14.jpg;https://ci.phncdn.com/videos/201904/19/219135871/original/(m=eafTGgaaaa)(mh=GkSo_9vNox3k5XVC)15.jpg;https://ci.phncdn.com/videos/201904/19/219135871/original/(m=eafTGgaaaa)(mh=GkSo_9vNox3k5XVC)16.jpg"
"<iframe src=""https://es.pornhub.com/embed/ph5ddf854d244b6"" frameborder=""0"" width=""560"" height=""340"" scrolling=""no"" allowfullscreen></iframe>","https://es.pornhub.com/view_video.php?viewkey=ph5ddf854d244b6","Tetas Grandes;Morenas;Sexo Duro;Latinas;Estriptís;Adolescentes;POV;Realidad Virtual;360°;2D","0","vrlatina","VRLatina - Stunning Latin Beauty Strips And Fucks You","vrlatinabuttbig;boobslatinteenageryoungpoint;of;viewvirtualrealitylatinapovvrvirtual;realityvr;porncurvyhottie","308","","https://ci.phncdn.com/videos/201911/28/264751652/original/(m=q_GQ-9UbeafTGgaaaa)(mh=rIkKfvb-7-JL1yay)0.jpg","https://ci.phncdn.com/videos/201911/28/264751652/original/(m=eafTGgaaaa)(mh=OAxJIeLjLr_59qaE)1.jpg;https://ci.phncdn.com/videos/201911/28/264751652/original/(m=eafTGgaaaa)(mh=OAxJIeLjLr_59qaE)2.jpg;https://ci.phncdn.com/videos/201911/28/264751652/original/(m=eafTGgaaaa)(mh=OAxJIeLjLr_59qaE)3.jpg;https://ci.phncdn.com/videos/201911/28/264751652/original/(m=eafTGgaaaa)(mh=OAxJIeLjLr_59qaE)4.jpg;https://ci.phncdn.com/videos/201911/28/264751652/original/(m=eafTGgaaaa)(mh=OAxJIeLjLr_59qaE)5.jpg;https://ci.phncdn.com/videos/201911/28/264751652/original/(m=eafTGgaaaa)(mh=OAxJIeLjLr_59qaE)6.jpg;https://ci.phncdn.com/videos/201911/28/264751652/original/(m=eafTGgaaaa)(mh=OAxJIeLjLr_59qaE)7.jpg;https://ci.phncdn.com/videos/201911/28/264751652/original/(m=eafTGgaaaa)(mh=OAxJIeLjLr_59qaE)8.jpg;https://ci.phncdn.com/videos/201911/28/264751652/original/(m=eafTGgaaaa)(mh=OAxJIeLjLr_59qaE)9.jpg;https://ci.phncdn.com/videos/201911/28/264751652/original/(m=eafTGgaaaa)(mh=OAxJIeLjLr_59qaE)10.jpg;https://ci.phncdn.com/videos/201911/28/264751652/original/(m=eafTGgaaaa)(mh=OAxJIeLjLr_59qaE)11.jpg;https://ci.phncdn.com/videos/201911/28/264751652/original/(m=eafTGgaaaa)(mh=OAxJIeLjLr_59qaE)12.jpg;https://ci.phncdn.com/videos/201911/28/264751652/original/(m=eafTGgaaaa)(mh=OAxJIeLjLr_59qaE)13.jpg;https://ci.phncdn.com/videos/201911/28/264751652/original/(m=eafTGgaaaa)(mh=OAxJIeLjLr_59qaE)14.jpg;https://ci.phncdn.com/videos/201911/28/264751652/original/(m=eafTGgaaaa)(mh=OAxJIeLjLr_59qaE)15.jpg;https://ci.phncdn.com/videos/201911/28/264751652/original/(m=eafTGgaaaa)(mh=OAxJIeLjLr_59qaE)16.jpg"
"<iframe src=""https://es.pornhub.com/embed/ph5dff1c6059a25"" frameborder=""0"" width=""560"" height=""340"" scrolling=""no"" allowfullscreen></iframe>","https://es.pornhub.com/view_video.php?viewkey=ph5dff1c6059a25","Asiáticas;Sexo Duro;Masturbación;Juguetes;MILF;Estrellas Porno;Tetas pequeñas;180°;3D","0","VRAllure","VRALLURE Let Me Show You How I Rock Out!","vralluremasturbateadult;toyspetitevirtualrealityvr;allurevirtual;reality180asiansolopornstarbrunettemasturbatingtoynatural;tits","360","Lexi Mansfield","https://ci.phncdn.com/videos/201912/22/270461781/original/(m=q5XO_-UbeafTGgaaaa)(mh=y2AoCGxyxF2qtINT)0.jpg","https://ci.phncdn.com/videos/201912/22/270461781/original/(m=eafTGgaaaa)(mh=7gb6M7zyrt1tpxBk)1.jpg;https://ci.phncdn.com/videos/201912/22/270461781/original/(m=eafTGgaaaa)(mh=7gb6M7zyrt1tpxBk)2.jpg;https://ci.phncdn.com/videos/201912/22/270461781/original/(m=eafTGgaaaa)(mh=7gb6M7zyrt1tpxBk)3.jpg;https://ci.phncdn.com/videos/201912/22/270461781/original/(m=eafTGgaaaa)(mh=7gb6M7zyrt1tpxBk)4.jpg;https://ci.phncdn.com/videos/201912/22/270461781/original/(m=eafTGgaaaa)(mh=7gb6M7zyrt1tpxBk)5.jpg;https://ci.phncdn.com/videos/201912/22/270461781/original/(m=eafTGgaaaa)(mh=7gb6M7zyrt1tpxBk)6.jpg;https://ci.phncdn.com/videos/201912/22/270461781/original/(m=eafTGgaaaa)(mh=7gb6M7zyrt1tpxBk)7.jpg;https://ci.phncdn.com/videos/201912/22/270461781/original/(m=eafTGgaaaa)(mh=7gb6M7zyrt1tpxBk)8.jpg;https://ci.phncdn.com/videos/201912/22/270461781/original/(m=eafTGgaaaa)(mh=7gb6M7zyrt1tpxBk)9.jpg;https://ci.phncdn.com/videos/201912/22/270461781/original/(m=eafTGgaaaa)(mh=7gb6M7zyrt1tpxBk)10.jpg;https://ci.phncdn.com/videos/201912/22/270461781/original/(m=eafTGgaaaa)(mh=7gb6M7zyrt1tpxBk)11.jpg;https://ci.phncdn.com/videos/201912/22/270461781/original/(m=eafTGgaaaa)(mh=7gb6M7zyrt1tpxBk)12.jpg;https://ci.phncdn.com/videos/201912/22/270461781/original/(m=eafTGgaaaa)(mh=7gb6M7zyrt1tpxBk)13.jpg;https://ci.phncdn.com/videos/201912/22/270461781/original/(m=eafTGgaaaa)(mh=7gb6M7zyrt1tpxBk)14.jpg;https://ci.phncdn.com/videos/201912/22/270461781/original/(m=eafTGgaaaa)(mh=7gb6M7zyrt1tpxBk)15.jpg;https://ci.phncdn.com/videos/201912/22/270461781/original/(m=eafTGgaaaa)(mh=7gb6M7zyrt1tpxBk)16.jpg"
"<iframe src=""https://es.pornhub.com/embed/ph5dfb562295862"" frameborder=""0"" width=""560"" height=""340"" scrolling=""no"" allowfullscreen></iframe>","https://es.pornhub.com/view_video.php?viewkey=ph5dfb562295862","Culos Grandes;Vergas grandes;Tetas Grandes;Sexo Duro;Estrellas Porno;Adolescentes;POV;Realidad Virtual;60FPS;Mujeres Tatuadas;180°;3D;POV","0","BaDoink","18VR Make-Up Sex With Busty Inked Teen GF Liya Silver","virtual;realitypovteenvr;porn3d18vrbrunettebig;titstattooinkedmake;upshowerbig;cocklicking;pussyblowjobhardcore","315","Liya Silver","https://ci.phncdn.com/videos/201912/19/269777581/original/(m=q_N52-UbeafTGgaaaa)(mh=k1EaJelPaC7hFvoS)0.jpg","https://ci.phncdn.com/videos/201912/19/269777581/original/(m=eafTGgaaaa)(mh=xg9ejTL35Lb3DBeJ)1.jpg;https://ci.phncdn.com/videos/201912/19/269777581/original/(m=eafTGgaaaa)(mh=xg9ejTL35Lb3DBeJ)2.jpg;https://ci.phncdn.com/videos/201912/19/269777581/original/(m=eafTGgaaaa)(mh=xg9ejTL35Lb3DBeJ)3.jpg;https://ci.phncdn.com/videos/201912/19/269777581/original/(m=eafTGgaaaa)(mh=xg9ejTL35Lb3DBeJ)4.jpg;https://ci.phncdn.com/videos/201912/19/269777581/original/(m=eafTGgaaaa)(mh=xg9ejTL35Lb3DBeJ)5.jpg;https://ci.phncdn.com/videos/201912/19/269777581/original/(m=eafTGgaaaa)(mh=xg9ejTL35Lb3DBeJ)6.jpg;https://ci.phncdn.com/videos/201912/19/269777581/original/(m=eafTGgaaaa)(mh=xg9ejTL35Lb3DBeJ)7.jpg;https://ci.phncdn.com/videos/201912/19/269777581/original/(m=eafTGgaaaa)(mh=xg9ejTL35Lb3DBeJ)8.jpg;https://ci.phncdn.com/videos/201912/19/269777581/original/(m=eafTGgaaaa)(mh=xg9ejTL35Lb3DBeJ)9.jpg;https://ci.phncdn.com/videos/201912/19/269777581/original/(m=eafTGgaaaa)(mh=xg9ejTL35Lb3DBeJ)10.jpg;https://ci.phncdn.com/videos/201912/19/269777581/original/(m=eafTGgaaaa)(mh=xg9ejTL35Lb3DBeJ)11.jpg;https://ci.phncdn.com/videos/201912/19/269777581/original/(m=eafTGgaaaa)(mh=xg9ejTL35Lb3DBeJ)12.jpg;https://ci.phncdn.com/videos/201912/19/269777581/original/(m=eafTGgaaaa)(mh=xg9ejTL35Lb3DBeJ)13.jpg;https://ci.phncdn.com/videos/201912/19/269777581/original/(m=eafTGgaaaa)(mh=xg9ejTL35Lb3DBeJ)14.jpg;https://ci.phncdn.com/videos/201912/19/269777581/original/(m=eafTGgaaaa)(mh=xg9ejTL35Lb3DBeJ)15.jpg;https://ci.phncdn.com/videos/201912/19/269777581/original/(m=eafTGgaaaa)(mh=xg9ejTL35Lb3DBeJ)16.jpg"
"<iframe src=""https://es.pornhub.com/embed/ph5ae3df88e0a60"" frameborder=""0"" width=""560"" height=""340"" scrolling=""no"" allowfullscreen></iframe>","https://es.pornhub.com/view_video.php?viewkey=ph5ae3df88e0a60","Culos Grandes;Babe;Tetas Grandes;Rubias;Masturbación;Recopilación;Solitaria","0","christenyqmbf","Blonde teen old man Bruce is feeling a lil' under the weather... Well he","dpcelebchubbymasturbatepoint;of;view3someredheadvrbrunetteyoungteenteenagerdoggy;stylecowgirlthreesomereverse;cowgirl","268","","https://ci.phncdn.com/videos/201804/28/163828951/original/(m=eafTGgaaaa)(mh=PqknIUUfKMQnMEup)12.jpg","https://ci.phncdn.com/videos/201804/28/163828951/original/(m=eafTGgaaaa)(mh=PqknIUUfKMQnMEup)1.jpg;https://ci.phncdn.com/videos/201804/28/163828951/original/(m=eafTGgaaaa)(mh=PqknIUUfKMQnMEup)2.jpg;https://ci.phncdn.com/videos/201804/28/163828951/original/(m=eafTGgaaaa)(mh=PqknIUUfKMQnMEup)3.jpg;https://ci.phncdn.com/videos/201804/28/163828951/original/(m=eafTGgaaaa)(mh=PqknIUUfKMQnMEup)4.jpg;https://ci.phncdn.com/videos/201804/28/163828951/original/(m=eafTGgaaaa)(mh=PqknIUUfKMQnMEup)5.jpg;https://ci.phncdn.com/videos/201804/28/163828951/original/(m=eafTGgaaaa)(mh=PqknIUUfKMQnMEup)6.jpg;https://ci.phncdn.com/videos/201804/28/163828951/original/(m=eafTGgaaaa)(mh=PqknIUUfKMQnMEup)7.jpg;https://ci.phncdn.com/videos/201804/28/163828951/original/(m=eafTGgaaaa)(mh=PqknIUUfKMQnMEup)8.jpg;https://ci.phncdn.com/videos/201804/28/163828951/original/(m=eafTGgaaaa)(mh=PqknIUUfKMQnMEup)9.jpg;https://ci.phncdn.com/videos/201804/28/163828951/original/(m=eafTGgaaaa)(mh=PqknIUUfKMQnMEup)10.jpg;https://ci.phncdn.com/videos/201804/28/163828951/original/(m=eafTGgaaaa)(mh=PqknIUUfKMQnMEup)11.jpg;https://ci.phncdn.com/videos/201804/28/163828951/original/(m=eafTGgaaaa)(mh=PqknIUUfKMQnMEup)12.jpg;https://ci.phncdn.com/videos/201804/28/163828951/original/(m=eafTGgaaaa)(mh=PqknIUUfKMQnMEup)13.jpg;https://ci.phncdn.com/videos/201804/28/163828951/original/(m=eafTGgaaaa)(mh=PqknIUUfKMQnMEup)14.jpg;https://ci.phncdn.com/videos/201804/28/163828951/original/(m=eafTGgaaaa)(mh=PqknIUUfKMQnMEup)15.jpg;https://ci.phncdn.com/videos/201804/28/163828951/original/(m=eafTGgaaaa)(mh=PqknIUUfKMQnMEup)16.jpg"
"<iframe src=""https://es.pornhub.com/embed/ph5e05f927ac9e6"" frameborder=""0"" width=""560"" height=""340"" scrolling=""no"" allowfullscreen></iframe>","https://es.pornhub.com/view_video.php?viewkey=ph5e05f927ac9e6","Culos Grandes;Babe;Mamadas;Estrellas Porno;POV;Pelirojas;Tetas pequeñas;Realidad Virtual;60FPS;180°;3D;POV","0","vrbangers","VR BANGERS Alluring Redhead Escort Girl In Hot Lingerie In Your Bed VR Porn","vrbangerspetiteredheadvirtualrealityvrpornvr;pornsmall;titsblowjobcowgirlridingstockingslingeriepovdoggy;stylemissionary","318","Jillian Janson","https://ci.phncdn.com/videos/201912/27/271693681/original/(m=qHWNSGVbeafTGgaaaa)(mh=Jy6TMF1lmQNBQSNE)0.jpg","https://ci.phncdn.com/videos/201912/27/271693681/original/(m=eafTGgaaaa)(mh=ONWHv4ZBJkt2W8A1)1.jpg;https://ci.phncdn.com/videos/201912/27/271693681/original/(m=eafTGgaaaa)(mh=ONWHv4ZBJkt2W8A1)2.jpg;https://ci.phncdn.com/videos/201912/27/271693681/original/(m=eafTGgaaaa)(mh=ONWHv4ZBJkt2W8A1)3.jpg;https://ci.phncdn.com/videos/201912/27/271693681/original/(m=eafTGgaaaa)(mh=ONWHv4ZBJkt2W8A1)4.jpg;https://ci.phncdn.com/videos/201912/27/271693681/original/(m=eafTGgaaaa)(mh=ONWHv4ZBJkt2W8A1)5.jpg;https://ci.phncdn.com/videos/201912/27/271693681/original/(m=eafTGgaaaa)(mh=ONWHv4ZBJkt2W8A1)6.jpg;https://ci.phncdn.com/videos/201912/27/271693681/original/(m=eafTGgaaaa)(mh=ONWHv4ZBJkt2W8A1)7.jpg;https://ci.phncdn.com/videos/201912/27/271693681/original/(m=eafTGgaaaa)(mh=ONWHv4ZBJkt2W8A1)8.jpg;https://ci.phncdn.com/videos/201912/27/271693681/original/(m=eafTGgaaaa)(mh=ONWHv4ZBJkt2W8A1)9.jpg;https://ci.phncdn.com/videos/201912/27/271693681/original/(m=eafTGgaaaa)(mh=ONWHv4ZBJkt2W8A1)10.jpg;https://ci.phncdn.com/videos/201912/27/271693681/original/(m=eafTGgaaaa)(mh=ONWHv4ZBJkt2W8A1)11.jpg;https://ci.phncdn.com/videos/201912/27/271693681/original/(m=eafTGgaaaa)(mh=ONWHv4ZBJkt2W8A1)12.jpg;https://ci.phncdn.com/videos/201912/27/271693681/original/(m=eafTGgaaaa)(mh=ONWHv4ZBJkt2W8A1)13.jpg;https://ci.phncdn.com/videos/201912/27/271693681/original/(m=eafTGgaaaa)(mh=ONWHv4ZBJkt2W8A1)14.jpg;https://ci.phncdn.com/videos/201912/27/271693681/original/(m=eafTGgaaaa)(mh=ONWHv4ZBJkt2W8A1)15.jpg;https://ci.phncdn.com/videos/201912/27/271693681/original/(m=eafTGgaaaa)(mh=ONWHv4ZBJkt2W8A1)16.jpg"
"<iframe src=""https://es.pornhub.com/embed/ph5de824fa58a1d"" frameborder=""0"" width=""560"" height=""340"" scrolling=""no"" allowfullscreen></iframe>","https://es.pornhub.com/view_video.php?viewkey=ph5de824fa58a1d","Vergas grandes;Morenas;Eyaculaciones;Sexo Duro;Estrellas Porno;POV;Tetas pequeñas;Realidad Virtual;60FPS;180°;3D","0","VRHush","VRHUSH Fucking the food delivery driver Alex Coal","vrhushpetitevirtualrealitypovhardcorehandjobbrunettenatural;titsshaveddoggystyleblowjobswallowingvr;180virtual;reality;povvirtual;reality;sex","361","Alex Coal;Quinton James","https://ci.phncdn.com/videos/201912/04/266281512/original/(m=q5JQW_UbeafTGgaaaa)(mh=4LynPms6L4ycl-Ho)0.jpg","https://ci.phncdn.com/videos/201912/04/266281512/original/(m=eafTGgaaaa)(mh=L7X4SYmb2keBf2mx)1.jpg;https://ci.phncdn.com/videos/201912/04/266281512/original/(m=eafTGgaaaa)(mh=L7X4SYmb2keBf2mx)2.jpg;https://ci.phncdn.com/videos/201912/04/266281512/original/(m=eafTGgaaaa)(mh=L7X4SYmb2keBf2mx)3.jpg;https://ci.phncdn.com/videos/201912/04/266281512/original/(m=eafTGgaaaa)(mh=L7X4SYmb2keBf2mx)4.jpg;https://ci.phncdn.com/videos/201912/04/266281512/original/(m=eafTGgaaaa)(mh=L7X4SYmb2keBf2mx)5.jpg;https://ci.phncdn.com/videos/201912/04/266281512/original/(m=eafTGgaaaa)(mh=L7X4SYmb2keBf2mx)6.jpg;https://ci.phncdn.com/videos/201912/04/266281512/original/(m=eafTGgaaaa)(mh=L7X4SYmb2keBf2mx)7.jpg;https://ci.phncdn.com/videos/201912/04/266281512/original/(m=eafTGgaaaa)(mh=L7X4SYmb2keBf2mx)8.jpg;https://ci.phncdn.com/videos/201912/04/266281512/original/(m=eafTGgaaaa)(mh=L7X4SYmb2keBf2mx)9.jpg;https://ci.phncdn.com/videos/201912/04/266281512/original/(m=eafTGgaaaa)(mh=L7X4SYmb2keBf2mx)10.jpg;https://ci.phncdn.com/videos/201912/04/266281512/original/(m=eafTGgaaaa)(mh=L7X4SYmb2keBf2mx)11.jpg;https://ci.phncdn.com/videos/201912/04/266281512/original/(m=eafTGgaaaa)(mh=L7X4SYmb2keBf2mx)12.jpg;https://ci.phncdn.com/videos/201912/04/266281512/original/(m=eafTGgaaaa)(mh=L7X4SYmb2keBf2mx)13.jpg;https://ci.phncdn.com/videos/201912/04/266281512/original/(m=eafTGgaaaa)(mh=L7X4SYmb2keBf2mx)14.jpg;https://ci.phncdn.com/videos/201912/04/266281512/original/(m=eafTGgaaaa)(mh=L7X4SYmb2keBf2mx)15.jpg;https://ci.phncdn.com/videos/201912/04/266281512/original/(m=eafTGgaaaa)(mh=L7X4SYmb2keBf2mx)16.jpg"
"<iframe src=""https://es.pornhub.com/embed/ph5df3db80dfef9"" frameborder=""0"" width=""560"" height=""340"" scrolling=""no"" allowfullscreen></iframe>","https://es.pornhub.com/view_video.php?viewkey=ph5df3db80dfef9","Vergas grandes;Rubias;Sexo Duro;Juguetes;Adolescentes;Realidad Virtual;60FPS;Fantasias  de Padrastro;180°;3D","0","BaDoink","BaDoinkVR Step Sister Angelika Grays Changes Sex Toy For A Big D","virtual;realitypov3dbadoink;vrvr;pornteenpetitesmall;titsfemalesex;toysstep;sistertaboostepfamily;roleplaybig;cockdoggystyleriding","301","","https://ci.phncdn.com/videos/201912/13/268414372/original/(m=q7K7N-UbeafTGgaaaa)(mh=RxZnWcHD_Bz6lFin)0.jpg","https://ci.phncdn.com/videos/201912/13/268414372/original/(m=eafTGgaaaa)(mh=h-EpATGEZi39U6q-)1.jpg;https://ci.phncdn.com/videos/201912/13/268414372/original/(m=eafTGgaaaa)(mh=h-EpATGEZi39U6q-)2.jpg;https://ci.phncdn.com/videos/201912/13/268414372/original/(m=eafTGgaaaa)(mh=h-EpATGEZi39U6q-)3.jpg;https://ci.phncdn.com/videos/201912/13/268414372/original/(m=eafTGgaaaa)(mh=h-EpATGEZi39U6q-)4.jpg;https://ci.phncdn.com/videos/201912/13/268414372/original/(m=eafTGgaaaa)(mh=h-EpATGEZi39U6q-)5.jpg;https://ci.phncdn.com/videos/201912/13/268414372/original/(m=eafTGgaaaa)(mh=h-EpATGEZi39U6q-)6.jpg;https://ci.phncdn.com/videos/201912/13/268414372/original/(m=eafTGgaaaa)(mh=h-EpATGEZi39U6q-)7.jpg;https://ci.phncdn.com/videos/201912/13/268414372/original/(m=eafTGgaaaa)(mh=h-EpATGEZi39U6q-)8.jpg;https://ci.phncdn.com/videos/201912/13/268414372/original/(m=eafTGgaaaa)(mh=h-EpATGEZi39U6q-)9.jpg;https://ci.phncdn.com/videos/201912/13/268414372/original/(m=eafTGgaaaa)(mh=h-EpATGEZi39U6q-)10.jpg;https://ci.phncdn.com/videos/201912/13/268414372/original/(m=eafTGgaaaa)(mh=h-EpATGEZi39U6q-)11.jpg;https://ci.phncdn.com/videos/201912/13/268414372/original/(m=eafTGgaaaa)(mh=h-EpATGEZi39U6q-)12.jpg;https://ci.phncdn.com/videos/201912/13/268414372/original/(m=eafTGgaaaa)(mh=h-EpATGEZi39U6q-)13.jpg;https://ci.phncdn.com/videos/201912/13/268414372/original/(m=eafTGgaaaa)(mh=h-EpATGEZi39U6q-)14.jpg;https://ci.phncdn.com/videos/201912/13/268414372/original/(m=eafTGgaaaa)(mh=h-EpATGEZi39U6q-)15.jpg;https://ci.phncdn.com/videos/201912/13/268414372/original/(m=eafTGgaaaa)(mh=h-EpATGEZi39U6q-)16.jpg"
"<iframe src=""https://es.pornhub.com/embed/ph5e01229fa8146"" frameborder=""0"" width=""560"" height=""340"" scrolling=""no"" allowfullscreen></iframe>","https://es.pornhub.com/view_video.php?viewkey=ph5e01229fa8146","Sexo Duro;Realidad Virtual;180°;3D;POV","0","pornhub","VR 180 - Ella Knox wakes up early to surprise Charles for his Birthday","virtual;realityella;knoxcharles;derabrunettebig;titsbig;boobsbig;buttbig;assdoggystylebjblowjobsucking;dickcowgirlriding;cockreverse;cowgirlvr","300","","https://ci.phncdn.com/videos/201912/23/270839061/original/(m=eafTGgaaaa)(mh=FMOSB6HkUd9ziTth)0.jpg","https://ci.phncdn.com/videos/201912/23/270839061/original/(m=eafTGgaaaa)(mh=FMOSB6HkUd9ziTth)1.jpg;https://ci.phncdn.com/videos/201912/23/270839061/original/(m=eafTGgaaaa)(mh=FMOSB6HkUd9ziTth)2.jpg;https://ci.phncdn.com/videos/201912/23/270839061/original/(m=eafTGgaaaa)(mh=FMOSB6HkUd9ziTth)3.jpg;https://ci.phncdn.com/videos/201912/23/270839061/original/(m=eafTGgaaaa)(mh=FMOSB6HkUd9ziTth)4.jpg;https://ci.phncdn.com/videos/201912/23/270839061/original/(m=eafTGgaaaa)(mh=FMOSB6HkUd9ziTth)5.jpg;https://ci.phncdn.com/videos/201912/23/270839061/original/(m=eafTGgaaaa)(mh=FMOSB6HkUd9ziTth)6.jpg;https://ci.phncdn.com/videos/201912/23/270839061/original/(m=eafTGgaaaa)(mh=FMOSB6HkUd9ziTth)7.jpg;https://ci.phncdn.com/videos/201912/23/270839061/original/(m=eafTGgaaaa)(mh=FMOSB6HkUd9ziTth)8.jpg;https://ci.phncdn.com/videos/201912/23/270839061/original/(m=eafTGgaaaa)(mh=FMOSB6HkUd9ziTth)9.jpg;https://ci.phncdn.com/videos/201912/23/270839061/original/(m=eafTGgaaaa)(mh=FMOSB6HkUd9ziTth)10.jpg;https://ci.phncdn.com/videos/201912/23/270839061/original/(m=eafTGgaaaa)(mh=FMOSB6HkUd9ziTth)11.jpg;https://ci.phncdn.com/videos/201912/23/270839061/original/(m=eafTGgaaaa)(mh=FMOSB6HkUd9ziTth)12.jpg;https://ci.phncdn.com/videos/201912/23/270839061/original/(m=eafTGgaaaa)(mh=FMOSB6HkUd9ziTth)13.jpg;https://ci.phncdn.com/videos/201912/23/270839061/original/(m=eafTGgaaaa)(mh=FMOSB6HkUd9ziTth)14.jpg;https://ci.phncdn.com/videos/201912/23/270839061/original/(m=eafTGgaaaa)(mh=FMOSB6HkUd9ziTth)15.jpg;https://ci.phncdn.com/videos/201912/23/270839061/original/(m=eafTGgaaaa)(mh=FMOSB6HkUd9ziTth)16.jpg"
"<iframe src=""https://es.pornhub.com/embed/ph5a9d750fb85ca"" frameborder=""0"" width=""560"" height=""340"" scrolling=""no"" allowfullscreen></iframe>","https://es.pornhub.com/view_video.php?viewkey=ph5a9d750fb85ca","Aficionado;Tetas Grandes;Mamadas;Adolescentes;POV","0","lopahhhf","Swedish Homemade Fantastic Sex","swedishstep;momswedish;homemadelesbianstep;sisteroverwatchmilfsvenskvrteenmomanalmassageswedish;amateurcartoonswedish;teen","829","","https://ci.phncdn.com/videos/201803/05/156989952/original/(m=eafTGgaaaa)(mh=ZxucMOMqh8n18uPP)4.jpg","https://ci.phncdn.com/videos/201803/05/156989952/original/(m=eafTGgaaaa)(mh=ZxucMOMqh8n18uPP)1.jpg;https://ci.phncdn.com/videos/201803/05/156989952/original/(m=eafTGgaaaa)(mh=ZxucMOMqh8n18uPP)2.jpg;https://ci.phncdn.com/videos/201803/05/156989952/original/(m=eafTGgaaaa)(mh=ZxucMOMqh8n18uPP)3.jpg;https://ci.phncdn.com/videos/201803/05/156989952/original/(m=eafTGgaaaa)(mh=ZxucMOMqh8n18uPP)4.jpg;https://ci.phncdn.com/videos/201803/05/156989952/original/(m=eafTGgaaaa)(mh=ZxucMOMqh8n18uPP)5.jpg;https://ci.phncdn.com/videos/201803/05/156989952/original/(m=eafTGgaaaa)(mh=ZxucMOMqh8n18uPP)6.jpg;https://ci.phncdn.com/videos/201803/05/156989952/original/(m=eafTGgaaaa)(mh=ZxucMOMqh8n18uPP)7.jpg;https://ci.phncdn.com/videos/201803/05/156989952/original/(m=eafTGgaaaa)(mh=ZxucMOMqh8n18uPP)8.jpg;https://ci.phncdn.com/videos/201803/05/156989952/original/(m=eafTGgaaaa)(mh=ZxucMOMqh8n18uPP)9.jpg;https://ci.phncdn.com/videos/201803/05/156989952/original/(m=eafTGgaaaa)(mh=ZxucMOMqh8n18uPP)10.jpg;https://ci.phncdn.com/videos/201803/05/156989952/original/(m=eafTGgaaaa)(mh=ZxucMOMqh8n18uPP)11.jpg;https://ci.phncdn.com/videos/201803/05/156989952/original/(m=eafTGgaaaa)(mh=ZxucMOMqh8n18uPP)12.jpg;https://ci.phncdn.com/videos/201803/05/156989952/original/(m=eafTGgaaaa)(mh=ZxucMOMqh8n18uPP)13.jpg;https://ci.phncdn.com/videos/201803/05/156989952/original/(m=eafTGgaaaa)(mh=ZxucMOMqh8n18uPP)14.jpg;https://ci.phncdn.com/videos/201803/05/156989952/original/(m=eafTGgaaaa)(mh=ZxucMOMqh8n18uPP)15.jpg;https://ci.phncdn.com/videos/201803/05/156989952/original/(m=eafTGgaaaa)(mh=ZxucMOMqh8n18uPP)16.jpg"
"<iframe src=""https://es.pornhub.com/embed/ph5dfb82ce21c23"" frameborder=""0"" width=""560"" height=""340"" scrolling=""no"" allowfullscreen></iframe>","https://es.pornhub.com/view_video.php?viewkey=ph5dfb82ce21c23","Rubias;Eyaculaciones;Sexo Duro;Transgénero;Francesas;Realidad Virtual;60FPS;Trans con Chicos;180°;3D","0","RealityLovers","New Year's Dreams Cum True POV","tsvirtualloversangelina;torresvirtualrealityvirtual;reality;sexvrvr;pornvr;shemalevr;trannynew;years;evepartycock;suckingdoggystyletitty;fuck","868","","https://ci.phncdn.com/videos/201912/19/269805031/original/(m=q6XK3-UbeafTGgaaaa)(mh=XXZUJ-WyWp3Wqbnk)0.jpg","https://ci.phncdn.com/videos/201912/19/269805031/original/(m=eafTGgaaaa)(mh=DEulyhC-LCSL5DE_)1.jpg;https://ci.phncdn.com/videos/201912/19/269805031/original/(m=eafTGgaaaa)(mh=DEulyhC-LCSL5DE_)2.jpg;https://ci.phncdn.com/videos/201912/19/269805031/original/(m=eafTGgaaaa)(mh=DEulyhC-LCSL5DE_)3.jpg;https://ci.phncdn.com/videos/201912/19/269805031/original/(m=eafTGgaaaa)(mh=DEulyhC-LCSL5DE_)4.jpg;https://ci.phncdn.com/videos/201912/19/269805031/original/(m=eafTGgaaaa)(mh=DEulyhC-LCSL5DE_)5.jpg;https://ci.phncdn.com/videos/201912/19/269805031/original/(m=eafTGgaaaa)(mh=DEulyhC-LCSL5DE_)6.jpg;https://ci.phncdn.com/videos/201912/19/269805031/original/(m=eafTGgaaaa)(mh=DEulyhC-LCSL5DE_)7.jpg;https://ci.phncdn.com/videos/201912/19/269805031/original/(m=eafTGgaaaa)(mh=DEulyhC-LCSL5DE_)8.jpg;https://ci.phncdn.com/videos/201912/19/269805031/original/(m=eafTGgaaaa)(mh=DEulyhC-LCSL5DE_)9.jpg;https://ci.phncdn.com/videos/201912/19/269805031/original/(m=eafTGgaaaa)(mh=DEulyhC-LCSL5DE_)10.jpg;https://ci.phncdn.com/videos/201912/19/269805031/original/(m=eafTGgaaaa)(mh=DEulyhC-LCSL5DE_)11.jpg;https://ci.phncdn.com/videos/201912/19/269805031/original/(m=eafTGgaaaa)(mh=DEulyhC-LCSL5DE_)12.jpg;https://ci.phncdn.com/videos/201912/19/269805031/original/(m=eafTGgaaaa)(mh=DEulyhC-LCSL5DE_)13.jpg;https://ci.phncdn.com/videos/201912/19/269805031/original/(m=eafTGgaaaa)(mh=DEulyhC-LCSL5DE_)14.jpg;https://ci.phncdn.com/videos/201912/19/269805031/original/(m=eafTGgaaaa)(mh=DEulyhC-LCSL5DE_)15.jpg;https://ci.phncdn.com/videos/201912/19/269805031/original/(m=eafTGgaaaa)(mh=DEulyhC-LCSL5DE_)16.jpg"
"<iframe src=""https://es.pornhub.com/embed/ph5dbbc80135e09"" frameborder=""0"" width=""560"" height=""340"" scrolling=""no"" allowfullscreen></iframe>","https://es.pornhub.com/view_video.php?viewkey=ph5dbbc80135e09","Culos Grandes;Babe;Tetas Grandes;Mamadas;Fetiches;Adolescentes;Realidad Virtual;60FPS;Japonésas","0","JAV-VR","CUTE OILED UP ASIAN MAID IN VR - [WAVR-058] 4K/VR/POV","teenageryoungbig;boobsbuttvirtualrealityteenasianjapanesevrpovoiloiled;sexmaidstockingsjav","3720","","https://ci.phncdn.com/videos/201911/01/258578042/original/(m=eafTGgaaaa)(mh=t3pkUIKe9_rq1v7X)12.jpg","https://ci.phncdn.com/videos/201911/01/258578042/original/(m=eafTGgaaaa)(mh=t3pkUIKe9_rq1v7X)1.jpg;https://ci.phncdn.com/videos/201911/01/258578042/original/(m=eafTGgaaaa)(mh=t3pkUIKe9_rq1v7X)2.jpg;https://ci.phncdn.com/videos/201911/01/258578042/original/(m=eafTGgaaaa)(mh=t3pkUIKe9_rq1v7X)3.jpg;https://ci.phncdn.com/videos/201911/01/258578042/original/(m=eafTGgaaaa)(mh=t3pkUIKe9_rq1v7X)4.jpg;https://ci.phncdn.com/videos/201911/01/258578042/original/(m=eafTGgaaaa)(mh=t3pkUIKe9_rq1v7X)5.jpg;https://ci.phncdn.com/videos/201911/01/258578042/original/(m=eafTGgaaaa)(mh=t3pkUIKe9_rq1v7X)6.jpg;https://ci.phncdn.com/videos/201911/01/258578042/original/(m=eafTGgaaaa)(mh=t3pkUIKe9_rq1v7X)7.jpg;https://ci.phncdn.com/videos/201911/01/258578042/original/(m=eafTGgaaaa)(mh=t3pkUIKe9_rq1v7X)8.jpg;https://ci.phncdn.com/videos/201911/01/258578042/original/(m=eafTGgaaaa)(mh=t3pkUIKe9_rq1v7X)9.jpg;https://ci.phncdn.com/videos/201911/01/258578042/original/(m=eafTGgaaaa)(mh=t3pkUIKe9_rq1v7X)10.jpg;https://ci.phncdn.com/videos/201911/01/258578042/original/(m=eafTGgaaaa)(mh=t3pkUIKe9_rq1v7X)11.jpg;https://ci.phncdn.com/videos/201911/01/258578042/original/(m=eafTGgaaaa)(mh=t3pkUIKe9_rq1v7X)12.jpg;https://ci.phncdn.com/videos/201911/01/258578042/original/(m=eafTGgaaaa)(mh=t3pkUIKe9_rq1v7X)13.jpg;https://ci.phncdn.com/videos/201911/01/258578042/original/(m=eafTGgaaaa)(mh=t3pkUIKe9_rq1v7X)14.jpg;https://ci.phncdn.com/videos/201911/01/258578042/original/(m=eafTGgaaaa)(mh=t3pkUIKe9_rq1v7X)15.jpg;https://ci.phncdn.com/videos/201911/01/258578042/original/(m=eafTGgaaaa)(mh=t3pkUIKe9_rq1v7X)16.jpg"
"<iframe src=""https://es.pornhub.com/embed/ph5df28af0612cd"" frameborder=""0"" width=""560"" height=""340"" scrolling=""no"" allowfullscreen></iframe>","https://es.pornhub.com/view_video.php?viewkey=ph5df28af0612cd","Vergas grandes;Morenas;Mamadas;Sexo Duro;Estrellas Porno;Realidad Virtual;180°;3D","0","pornpros","WETVR Round Booty Brunette Creams On Big Dick","wetvrvirtualrealitybig;cockvrbrunetteharmony;wondersmall;titsbig;dickblowjoboral;sexcowgirlreverse;cowgirlcreampiehardcoresex","388","Harmony Wonder","https://ci.phncdn.com/videos/201912/12/268168812/original/(m=qR4ML-UbeafTGgaaaa)(mh=uBPPfe7Vvzn1_Sld)0.jpg","https://ci.phncdn.com/videos/201912/12/268168812/original/(m=eafTGgaaaa)(mh=X8SVKmXCt3mQATzo)1.jpg;https://ci.phncdn.com/videos/201912/12/268168812/original/(m=eafTGgaaaa)(mh=X8SVKmXCt3mQATzo)2.jpg;https://ci.phncdn.com/videos/201912/12/268168812/original/(m=eafTGgaaaa)(mh=X8SVKmXCt3mQATzo)3.jpg;https://ci.phncdn.com/videos/201912/12/268168812/original/(m=eafTGgaaaa)(mh=X8SVKmXCt3mQATzo)4.jpg;https://ci.phncdn.com/videos/201912/12/268168812/original/(m=eafTGgaaaa)(mh=X8SVKmXCt3mQATzo)5.jpg;https://ci.phncdn.com/videos/201912/12/268168812/original/(m=eafTGgaaaa)(mh=X8SVKmXCt3mQATzo)6.jpg;https://ci.phncdn.com/videos/201912/12/268168812/original/(m=eafTGgaaaa)(mh=X8SVKmXCt3mQATzo)7.jpg;https://ci.phncdn.com/videos/201912/12/268168812/original/(m=eafTGgaaaa)(mh=X8SVKmXCt3mQATzo)8.jpg;https://ci.phncdn.com/videos/201912/12/268168812/original/(m=eafTGgaaaa)(mh=X8SVKmXCt3mQATzo)9.jpg;https://ci.phncdn.com/videos/201912/12/268168812/original/(m=eafTGgaaaa)(mh=X8SVKmXCt3mQATzo)10.jpg;https://ci.phncdn.com/videos/201912/12/268168812/original/(m=eafTGgaaaa)(mh=X8SVKmXCt3mQATzo)11.jpg;https://ci.phncdn.com/videos/201912/12/268168812/original/(m=eafTGgaaaa)(mh=X8SVKmXCt3mQATzo)12.jpg;https://ci.phncdn.com/videos/201912/12/268168812/original/(m=eafTGgaaaa)(mh=X8SVKmXCt3mQATzo)13.jpg;https://ci.phncdn.com/videos/201912/12/268168812/original/(m=eafTGgaaaa)(mh=X8SVKmXCt3mQATzo)14.jpg;https://ci.phncdn.com/videos/201912/12/268168812/original/(m=eafTGgaaaa)(mh=X8SVKmXCt3mQATzo)15.jpg;https://ci.phncdn.com/videos/201912/12/268168812/original/(m=eafTGgaaaa)(mh=X8SVKmXCt3mQATzo)16.jpg"
"<iframe src=""https://es.pornhub.com/embed/ph5db5acba0459b"" frameborder=""0"" width=""560"" height=""340"" scrolling=""no"" allowfullscreen></iframe>","https://es.pornhub.com/view_video.php?viewkey=ph5db5acba0459b","Vergas grandes;Morenas;Mamadas;Eyaculaciones;Estrellas Porno;POV;Realidad Virtual;360°;3D","0","EvilEyeVR","EvilEyeVR - A Desert Fantasy with very horny Moka Mora","evileyevrbig;cockpoint;of;viewvirtual;realityvrpornvr;porn360;Vr60fps4k;60fpsblowjobbig;boobsdesertdoggystylecowgirlreverse;cowgirl","416","Moka Mora","https://ci.phncdn.com/videos/201910/27/257571661/original/(m=eafTGgaaaa)(mh=mhum-W1ZOn5agtW2)10.jpg","https://ci.phncdn.com/videos/201910/27/257571661/original/(m=eafTGgaaaa)(mh=mhum-W1ZOn5agtW2)1.jpg;https://ci.phncdn.com/videos/201910/27/257571661/original/(m=eafTGgaaaa)(mh=mhum-W1ZOn5agtW2)2.jpg;https://ci.phncdn.com/videos/201910/27/257571661/original/(m=eafTGgaaaa)(mh=mhum-W1ZOn5agtW2)3.jpg;https://ci.phncdn.com/videos/201910/27/257571661/original/(m=eafTGgaaaa)(mh=mhum-W1ZOn5agtW2)4.jpg;https://ci.phncdn.com/videos/201910/27/257571661/original/(m=eafTGgaaaa)(mh=mhum-W1ZOn5agtW2)5.jpg;https://ci.phncdn.com/videos/201910/27/257571661/original/(m=eafTGgaaaa)(mh=mhum-W1ZOn5agtW2)6.jpg;https://ci.phncdn.com/videos/201910/27/257571661/original/(m=eafTGgaaaa)(mh=mhum-W1ZOn5agtW2)7.jpg;https://ci.phncdn.com/videos/201910/27/257571661/original/(m=eafTGgaaaa)(mh=mhum-W1ZOn5agtW2)8.jpg;https://ci.phncdn.com/videos/201910/27/257571661/original/(m=eafTGgaaaa)(mh=mhum-W1ZOn5agtW2)9.jpg;https://ci.phncdn.com/videos/201910/27/257571661/original/(m=eafTGgaaaa)(mh=mhum-W1ZOn5agtW2)10.jpg;https://ci.phncdn.com/videos/201910/27/257571661/original/(m=eafTGgaaaa)(mh=mhum-W1ZOn5agtW2)11.jpg;https://ci.phncdn.com/videos/201910/27/257571661/original/(m=eafTGgaaaa)(mh=mhum-W1ZOn5agtW2)12.jpg;https://ci.phncdn.com/videos/201910/27/257571661/original/(m=eafTGgaaaa)(mh=mhum-W1ZOn5agtW2)13.jpg;https://ci.phncdn.com/videos/201910/27/257571661/original/(m=eafTGgaaaa)(mh=mhum-W1ZOn5agtW2)14.jpg;https://ci.phncdn.com/videos/201910/27/257571661/original/(m=eafTGgaaaa)(mh=mhum-W1ZOn5agtW2)15.jpg;https://ci.phncdn.com/videos/201910/27/257571661/original/(m=eafTGgaaaa)(mh=mhum-W1ZOn5agtW2)16.jpg"
"<iframe src=""https://es.pornhub.com/embed/ph5daa2d43081e6"" frameborder=""0"" width=""560"" height=""340"" scrolling=""no"" allowfullscreen></iframe>","https://es.pornhub.com/view_video.php?viewkey=ph5daa2d43081e6","Orgías;Culos Grandes;Vergas grandes;Tetas Grandes;Rubias;Mamadas;Adolescentes;POV;Realidad Virtual;60FPS;180°;3D","0","NaughtyAmerica","Naughty America - Cum visit The Big Tits Bar","naughtyamericavrbig;boobsbig;cockbuttfour;or;morefoursome4somenaughty;america;vrvirtual;realityvr;pornblondeteenyoungbusty","767","","https://ci.phncdn.com/videos/201910/18/255724421/original/(m=q75S06UbeafTGgaaaa)(mh=98o5Nd6aTg641mFQ)0.jpg","https://ci.phncdn.com/videos/201910/18/255724421/original/(m=eafTGgaaaa)(mh=1Pk8XcHd5rOJmnOA)1.jpg;https://ci.phncdn.com/videos/201910/18/255724421/original/(m=eafTGgaaaa)(mh=1Pk8XcHd5rOJmnOA)2.jpg;https://ci.phncdn.com/videos/201910/18/255724421/original/(m=eafTGgaaaa)(mh=1Pk8XcHd5rOJmnOA)3.jpg;https://ci.phncdn.com/videos/201910/18/255724421/original/(m=eafTGgaaaa)(mh=1Pk8XcHd5rOJmnOA)4.jpg;https://ci.phncdn.com/videos/201910/18/255724421/original/(m=eafTGgaaaa)(mh=1Pk8XcHd5rOJmnOA)5.jpg;https://ci.phncdn.com/videos/201910/18/255724421/original/(m=eafTGgaaaa)(mh=1Pk8XcHd5rOJmnOA)6.jpg;https://ci.phncdn.com/videos/201910/18/255724421/original/(m=eafTGgaaaa)(mh=1Pk8XcHd5rOJmnOA)7.jpg;https://ci.phncdn.com/videos/201910/18/255724421/original/(m=eafTGgaaaa)(mh=1Pk8XcHd5rOJmnOA)8.jpg;https://ci.phncdn.com/videos/201910/18/255724421/original/(m=eafTGgaaaa)(mh=1Pk8XcHd5rOJmnOA)9.jpg;https://ci.phncdn.com/videos/201910/18/255724421/original/(m=eafTGgaaaa)(mh=1Pk8XcHd5rOJmnOA)10.jpg;https://ci.phncdn.com/videos/201910/18/255724421/original/(m=eafTGgaaaa)(mh=1Pk8XcHd5rOJmnOA)11.jpg;https://ci.phncdn.com/videos/201910/18/255724421/original/(m=eafTGgaaaa)(mh=1Pk8XcHd5rOJmnOA)12.jpg;https://ci.phncdn.com/videos/201910/18/255724421/original/(m=eafTGgaaaa)(mh=1Pk8XcHd5rOJmnOA)13.jpg;https://ci.phncdn.com/videos/201910/18/255724421/original/(m=eafTGgaaaa)(mh=1Pk8XcHd5rOJmnOA)14.jpg;https://ci.phncdn.com/videos/201910/18/255724421/original/(m=eafTGgaaaa)(mh=1Pk8XcHd5rOJmnOA)15.jpg;https://ci.phncdn.com/videos/201910/18/255724421/original/(m=eafTGgaaaa)(mh=1Pk8XcHd5rOJmnOA)16.jpg"
"<iframe src=""https://es.pornhub.com/embed/ph56f2f2fa1975f"" frameborder=""0"" width=""560"" height=""340"" scrolling=""no"" allowfullscreen></iframe>","https://es.pornhub.com/view_video.php?viewkey=ph56f2f2fa1975f","Culos Grandes;Tetas Grandes;Eyaculaciones;POV;Realidad Virtual;Música;180°;3D","0","jokerwild89","After Party","teasingpoint;of;viewvirtual;realitypovvrbrunettebubble;buttbig;boobsfake;titsmusicfingeringmasturbationcock;suckingcowgirlreverse;cowgirlcumshot","1021","","https://ci.phncdn.com/videos/201603/23/71838732/original/(m=eafTGgaaaa)(mh=ugjRuYN6GP8ni986)8.jpg","https://ci.phncdn.com/videos/201603/23/71838732/original/(m=eafTGgaaaa)(mh=ugjRuYN6GP8ni986)1.jpg;https://ci.phncdn.com/videos/201603/23/71838732/original/(m=eafTGgaaaa)(mh=ugjRuYN6GP8ni986)2.jpg;https://ci.phncdn.com/videos/201603/23/71838732/original/(m=eafTGgaaaa)(mh=ugjRuYN6GP8ni986)3.jpg;https://ci.phncdn.com/videos/201603/23/71838732/original/(m=eafTGgaaaa)(mh=ugjRuYN6GP8ni986)4.jpg;https://ci.phncdn.com/videos/201603/23/71838732/original/(m=eafTGgaaaa)(mh=ugjRuYN6GP8ni986)5.jpg;https://ci.phncdn.com/videos/201603/23/71838732/original/(m=eafTGgaaaa)(mh=ugjRuYN6GP8ni986)6.jpg;https://ci.phncdn.com/videos/201603/23/71838732/original/(m=eafTGgaaaa)(mh=ugjRuYN6GP8ni986)7.jpg;https://ci.phncdn.com/videos/201603/23/71838732/original/(m=eafTGgaaaa)(mh=ugjRuYN6GP8ni986)8.jpg;https://ci.phncdn.com/videos/201603/23/71838732/original/(m=eafTGgaaaa)(mh=ugjRuYN6GP8ni986)9.jpg;https://ci.phncdn.com/videos/201603/23/71838732/original/(m=eafTGgaaaa)(mh=ugjRuYN6GP8ni986)10.jpg;https://ci.phncdn.com/videos/201603/23/71838732/original/(m=eafTGgaaaa)(mh=ugjRuYN6GP8ni986)11.jpg;https://ci.phncdn.com/videos/201603/23/71838732/original/(m=eafTGgaaaa)(mh=ugjRuYN6GP8ni986)12.jpg;https://ci.phncdn.com/videos/201603/23/71838732/original/(m=eafTGgaaaa)(mh=ugjRuYN6GP8ni986)13.jpg;https://ci.phncdn.com/videos/201603/23/71838732/original/(m=eafTGgaaaa)(mh=ugjRuYN6GP8ni986)14.jpg;https://ci.phncdn.com/videos/201603/23/71838732/original/(m=eafTGgaaaa)(mh=ugjRuYN6GP8ni986)15.jpg;https://ci.phncdn.com/videos/201603/23/71838732/original/(m=eafTGgaaaa)(mh=ugjRuYN6GP8ni986)16.jpg"
"<iframe src=""https://es.pornhub.com/embed/ph5b65aec11fd14"" frameborder=""0"" width=""560"" height=""340"" scrolling=""no"" allowfullscreen></iframe>","https://es.pornhub.com/view_video.php?viewkey=ph5b65aec11fd14","Culos Grandes;Morenas;Masturbación;MILF;Realidad Virtual;Fantasias  de Padrastro;360°;3D","0","verycutesinbae","STEP MOM HELPS SON TO LOSE VIRGINITY VR","big;titspovvrsensualbabebrunetteteasemasturbationerotictattoobald;pussycowgirl","1003","","https://ci.phncdn.com/videos/201808/04/177253111/original/(m=eafTGgaaaa)(mh=RF27DnFucUwYowhJ)4.jpg","https://ci.phncdn.com/videos/201808/04/177253111/original/(m=eafTGgaaaa)(mh=RF27DnFucUwYowhJ)1.jpg;https://ci.phncdn.com/videos/201808/04/177253111/original/(m=eafTGgaaaa)(mh=RF27DnFucUwYowhJ)2.jpg;https://ci.phncdn.com/videos/201808/04/177253111/original/(m=eafTGgaaaa)(mh=RF27DnFucUwYowhJ)3.jpg;https://ci.phncdn.com/videos/201808/04/177253111/original/(m=eafTGgaaaa)(mh=RF27DnFucUwYowhJ)4.jpg;https://ci.phncdn.com/videos/201808/04/177253111/original/(m=eafTGgaaaa)(mh=RF27DnFucUwYowhJ)5.jpg;https://ci.phncdn.com/videos/201808/04/177253111/original/(m=eafTGgaaaa)(mh=RF27DnFucUwYowhJ)6.jpg;https://ci.phncdn.com/videos/201808/04/177253111/original/(m=eafTGgaaaa)(mh=RF27DnFucUwYowhJ)7.jpg;https://ci.phncdn.com/videos/201808/04/177253111/original/(m=eafTGgaaaa)(mh=RF27DnFucUwYowhJ)8.jpg;https://ci.phncdn.com/videos/201808/04/177253111/original/(m=eafTGgaaaa)(mh=RF27DnFucUwYowhJ)9.jpg;https://ci.phncdn.com/videos/201808/04/177253111/original/(m=eafTGgaaaa)(mh=RF27DnFucUwYowhJ)10.jpg;https://ci.phncdn.com/videos/201808/04/177253111/original/(m=eafTGgaaaa)(mh=RF27DnFucUwYowhJ)11.jpg;https://ci.phncdn.com/videos/201808/04/177253111/original/(m=eafTGgaaaa)(mh=RF27DnFucUwYowhJ)12.jpg;https://ci.phncdn.com/videos/201808/04/177253111/original/(m=eafTGgaaaa)(mh=RF27DnFucUwYowhJ)13.jpg;https://ci.phncdn.com/videos/201808/04/177253111/original/(m=eafTGgaaaa)(mh=RF27DnFucUwYowhJ)14.jpg;https://ci.phncdn.com/videos/201808/04/177253111/original/(m=eafTGgaaaa)(mh=RF27DnFucUwYowhJ)15.jpg;https://ci.phncdn.com/videos/201808/04/177253111/original/(m=eafTGgaaaa)(mh=RF27DnFucUwYowhJ)16.jpg"
"<iframe src=""https://es.pornhub.com/embed/ph5de545a7e968c"" frameborder=""0"" width=""560"" height=""340"" scrolling=""no"" allowfullscreen></iframe>","https://es.pornhub.com/view_video.php?viewkey=ph5de545a7e968c","Vergas grandes;Tetas Grandes;Estrellas Porno;Adolescentes;Realidad Virtual;Japonésas;Parodia;Cosplay;180°;3D","0","BaDoink","VRCosplayX Asian Babe Akira Got A New Sexual Robot","vr;pornvirtual;reality3dvrcosplayxpovcosplaybabeteenasianvideogamebig;titsakirarobotastral;chain;xxxjapaneseriding","301","Jade Kush","https://ci.phncdn.com/videos/201912/02/265765242/original/(m=qT8QS_UbeafTGgaaaa)(mh=efdeS5ZT67QN0Pm6)0.jpg","https://ci.phncdn.com/videos/201912/02/265765242/original/(m=eafTGgaaaa)(mh=B_UEaH-HQBLS3Do6)1.jpg;https://ci.phncdn.com/videos/201912/02/265765242/original/(m=eafTGgaaaa)(mh=B_UEaH-HQBLS3Do6)2.jpg;https://ci.phncdn.com/videos/201912/02/265765242/original/(m=eafTGgaaaa)(mh=B_UEaH-HQBLS3Do6)3.jpg;https://ci.phncdn.com/videos/201912/02/265765242/original/(m=eafTGgaaaa)(mh=B_UEaH-HQBLS3Do6)4.jpg;https://ci.phncdn.com/videos/201912/02/265765242/original/(m=eafTGgaaaa)(mh=B_UEaH-HQBLS3Do6)5.jpg;https://ci.phncdn.com/videos/201912/02/265765242/original/(m=eafTGgaaaa)(mh=B_UEaH-HQBLS3Do6)6.jpg;https://ci.phncdn.com/videos/201912/02/265765242/original/(m=eafTGgaaaa)(mh=B_UEaH-HQBLS3Do6)7.jpg;https://ci.phncdn.com/videos/201912/02/265765242/original/(m=eafTGgaaaa)(mh=B_UEaH-HQBLS3Do6)8.jpg;https://ci.phncdn.com/videos/201912/02/265765242/original/(m=eafTGgaaaa)(mh=B_UEaH-HQBLS3Do6)9.jpg;https://ci.phncdn.com/videos/201912/02/265765242/original/(m=eafTGgaaaa)(mh=B_UEaH-HQBLS3Do6)10.jpg;https://ci.phncdn.com/videos/201912/02/265765242/original/(m=eafTGgaaaa)(mh=B_UEaH-HQBLS3Do6)11.jpg;https://ci.phncdn.com/videos/201912/02/265765242/original/(m=eafTGgaaaa)(mh=B_UEaH-HQBLS3Do6)12.jpg;https://ci.phncdn.com/videos/201912/02/265765242/original/(m=eafTGgaaaa)(mh=B_UEaH-HQBLS3Do6)13.jpg;https://ci.phncdn.com/videos/201912/02/265765242/original/(m=eafTGgaaaa)(mh=B_UEaH-HQBLS3Do6)14.jpg;https://ci.phncdn.com/videos/201912/02/265765242/original/(m=eafTGgaaaa)(mh=B_UEaH-HQBLS3Do6)15.jpg;https://ci.phncdn.com/videos/201912/02/265765242/original/(m=eafTGgaaaa)(mh=B_UEaH-HQBLS3Do6)16.jpg"
"<iframe src=""https://es.pornhub.com/embed/ph5dd5926037af2"" frameborder=""0"" width=""560"" height=""340"" scrolling=""no"" allowfullscreen></iframe>","https://es.pornhub.com/view_video.php?viewkey=ph5dd5926037af2","Aficionado;Eyaculaciones;Juguetes;Solitario;60FPS;Exclusivo;Verdaderos Aficionados","0","Cockasian Sensation","VR Porn Reaction: Gorgeous Babe Pussy Licking and Fingering","masturbatekinkadult;toysbig;cockvirtual;realityvirtual;pornvr;fuck;dollsvr;fuckvr;fuck;babesvirtual;fuckvirtual;fuck;povvirtual;reality;sexvirtualvrcumshotkinky;sex","595","","https://ci.phncdn.com/videos/201911/20/263027832/original/(m=qW_PR9UbeafTGgaaaa)(mh=3v53YD0MVnmQOse6)0.jpg","https://ci.phncdn.com/videos/201911/20/263027832/original/(m=eafTGgaaaa)(mh=QZXWIE6QaKjY7B8O)1.jpg;https://ci.phncdn.com/videos/201911/20/263027832/original/(m=eafTGgaaaa)(mh=QZXWIE6QaKjY7B8O)2.jpg;https://ci.phncdn.com/videos/201911/20/263027832/original/(m=eafTGgaaaa)(mh=QZXWIE6QaKjY7B8O)3.jpg;https://ci.phncdn.com/videos/201911/20/263027832/original/(m=eafTGgaaaa)(mh=QZXWIE6QaKjY7B8O)4.jpg;https://ci.phncdn.com/videos/201911/20/263027832/original/(m=eafTGgaaaa)(mh=QZXWIE6QaKjY7B8O)5.jpg;https://ci.phncdn.com/videos/201911/20/263027832/original/(m=eafTGgaaaa)(mh=QZXWIE6QaKjY7B8O)6.jpg;https://ci.phncdn.com/videos/201911/20/263027832/original/(m=eafTGgaaaa)(mh=QZXWIE6QaKjY7B8O)7.jpg;https://ci.phncdn.com/videos/201911/20/263027832/original/(m=eafTGgaaaa)(mh=QZXWIE6QaKjY7B8O)8.jpg;https://ci.phncdn.com/videos/201911/20/263027832/original/(m=eafTGgaaaa)(mh=QZXWIE6QaKjY7B8O)9.jpg;https://ci.phncdn.com/videos/201911/20/263027832/original/(m=eafTGgaaaa)(mh=QZXWIE6QaKjY7B8O)10.jpg;https://ci.phncdn.com/videos/201911/20/263027832/original/(m=eafTGgaaaa)(mh=QZXWIE6QaKjY7B8O)11.jpg;https://ci.phncdn.com/videos/201911/20/263027832/original/(m=eafTGgaaaa)(mh=QZXWIE6QaKjY7B8O)12.jpg;https://ci.phncdn.com/videos/201911/20/263027832/original/(m=eafTGgaaaa)(mh=QZXWIE6QaKjY7B8O)13.jpg;https://ci.phncdn.com/videos/201911/20/263027832/original/(m=eafTGgaaaa)(mh=QZXWIE6QaKjY7B8O)14.jpg;https://ci.phncdn.com/videos/201911/20/263027832/original/(m=eafTGgaaaa)(mh=QZXWIE6QaKjY7B8O)15.jpg;https://ci.phncdn.com/videos/201911/20/263027832/original/(m=eafTGgaaaa)(mh=QZXWIE6QaKjY7B8O)16.jpg"
"<iframe src=""https://es.pornhub.com/embed/ph5df225391c666"" frameborder=""0"" width=""560"" height=""340"" scrolling=""no"" allowfullscreen></iframe>","https://es.pornhub.com/view_video.php?viewkey=ph5df225391c666","Tetas Grandes;Morenas;Mamadas;Fetiches;Sexo Duro;Estrellas Porno;Realidad Virtual;60FPS;Mujeres Tatuadas;180°;3D","0","SexBabesVR","SexBabesVR - 180 VR Porn - Soft and Sweet with Ashley Woods","sexbabesvrvirtualrealitybig;boobsshaved;pussyfootjobbustylong;hairpool180;vr60;fpsstanding;doggystylecowgirlreverse;cowgirlvirtual;sexvirtual;sex;pov","360","Ashley Woods","https://ci.phncdn.com/videos/201912/12/268094112/original/(m=q3NTK-UbeafTGgaaaa)(mh=3CipQdpcbiY0xEyY)0.jpg","https://ci.phncdn.com/videos/201912/12/268094112/original/(m=eafTGgaaaa)(mh=f9nWOm36ZQTvwT7j)1.jpg;https://ci.phncdn.com/videos/201912/12/268094112/original/(m=eafTGgaaaa)(mh=f9nWOm36ZQTvwT7j)2.jpg;https://ci.phncdn.com/videos/201912/12/268094112/original/(m=eafTGgaaaa)(mh=f9nWOm36ZQTvwT7j)3.jpg;https://ci.phncdn.com/videos/201912/12/268094112/original/(m=eafTGgaaaa)(mh=f9nWOm36ZQTvwT7j)4.jpg;https://ci.phncdn.com/videos/201912/12/268094112/original/(m=eafTGgaaaa)(mh=f9nWOm36ZQTvwT7j)5.jpg;https://ci.phncdn.com/videos/201912/12/268094112/original/(m=eafTGgaaaa)(mh=f9nWOm36ZQTvwT7j)6.jpg;https://ci.phncdn.com/videos/201912/12/268094112/original/(m=eafTGgaaaa)(mh=f9nWOm36ZQTvwT7j)7.jpg;https://ci.phncdn.com/videos/201912/12/268094112/original/(m=eafTGgaaaa)(mh=f9nWOm36ZQTvwT7j)8.jpg;https://ci.phncdn.com/videos/201912/12/268094112/original/(m=eafTGgaaaa)(mh=f9nWOm36ZQTvwT7j)9.jpg;https://ci.phncdn.com/videos/201912/12/268094112/original/(m=eafTGgaaaa)(mh=f9nWOm36ZQTvwT7j)10.jpg;https://ci.phncdn.com/videos/201912/12/268094112/original/(m=eafTGgaaaa)(mh=f9nWOm36ZQTvwT7j)11.jpg;https://ci.phncdn.com/videos/201912/12/268094112/original/(m=eafTGgaaaa)(mh=f9nWOm36ZQTvwT7j)12.jpg;https://ci.phncdn.com/videos/201912/12/268094112/original/(m=eafTGgaaaa)(mh=f9nWOm36ZQTvwT7j)13.jpg;https://ci.phncdn.com/videos/201912/12/268094112/original/(m=eafTGgaaaa)(mh=f9nWOm36ZQTvwT7j)14.jpg;https://ci.phncdn.com/videos/201912/12/268094112/original/(m=eafTGgaaaa)(mh=f9nWOm36ZQTvwT7j)15.jpg;https://ci.phncdn.com/videos/201912/12/268094112/original/(m=eafTGgaaaa)(mh=f9nWOm36ZQTvwT7j)16.jpg"
