"<iframe src=""https://es.pornhub.com/embed/ph5e200c8d6254c"" frameborder=""0"" width=""560"" height=""340"" scrolling=""no"" allowfullscreen></iframe>","https://es.pornhub.com/view_video.php?viewkey=ph5e200c8d6254c","Culos Grandes;Babe;Vergas grandes;Tetas Grandes;Mamadas;Eyaculaciones;Sexo Duro;Estrellas Porno;Real;Pelirojas;Sexo Duro;Mujeres Tatuadas","0","FakeHub","Female Fake Taxi Sabien Demonia gets her Gigantic tits out for thrills","buttbig;cockbig;boobsroughhuge;titsmassive;boobsgigantic;titstaxifemale;fake;taxirealitypovbouncing;titsbig;assrough;sexblowjobtattoed;women","712","Sabien DeMonia","https://ci.phncdn.com/videos/202001/16/276987331/original/(m=qK7JGIVbeafTGgaaaa)(mh=kk6qMK-HhzOYPDsO)0.jpg","https://ci.phncdn.com/videos/202001/16/276987331/original/(m=eafTGgaaaa)(mh=fvWllb-NQrkQuSut)1.jpg;https://ci.phncdn.com/videos/202001/16/276987331/original/(m=eafTGgaaaa)(mh=fvWllb-NQrkQuSut)2.jpg;https://ci.phncdn.com/videos/202001/16/276987331/original/(m=eafTGgaaaa)(mh=fvWllb-NQrkQuSut)3.jpg;https://ci.phncdn.com/videos/202001/16/276987331/original/(m=eafTGgaaaa)(mh=fvWllb-NQrkQuSut)4.jpg;https://ci.phncdn.com/videos/202001/16/276987331/original/(m=eafTGgaaaa)(mh=fvWllb-NQrkQuSut)5.jpg;https://ci.phncdn.com/videos/202001/16/276987331/original/(m=eafTGgaaaa)(mh=fvWllb-NQrkQuSut)6.jpg;https://ci.phncdn.com/videos/202001/16/276987331/original/(m=eafTGgaaaa)(mh=fvWllb-NQrkQuSut)7.jpg;https://ci.phncdn.com/videos/202001/16/276987331/original/(m=eafTGgaaaa)(mh=fvWllb-NQrkQuSut)8.jpg;https://ci.phncdn.com/videos/202001/16/276987331/original/(m=eafTGgaaaa)(mh=fvWllb-NQrkQuSut)9.jpg;https://ci.phncdn.com/videos/202001/16/276987331/original/(m=eafTGgaaaa)(mh=fvWllb-NQrkQuSut)10.jpg;https://ci.phncdn.com/videos/202001/16/276987331/original/(m=eafTGgaaaa)(mh=fvWllb-NQrkQuSut)11.jpg;https://ci.phncdn.com/videos/202001/16/276987331/original/(m=eafTGgaaaa)(mh=fvWllb-NQrkQuSut)12.jpg;https://ci.phncdn.com/videos/202001/16/276987331/original/(m=eafTGgaaaa)(mh=fvWllb-NQrkQuSut)13.jpg;https://ci.phncdn.com/videos/202001/16/276987331/original/(m=eafTGgaaaa)(mh=fvWllb-NQrkQuSut)14.jpg;https://ci.phncdn.com/videos/202001/16/276987331/original/(m=eafTGgaaaa)(mh=fvWllb-NQrkQuSut)15.jpg;https://ci.phncdn.com/videos/202001/16/276987331/original/(m=eafTGgaaaa)(mh=fvWllb-NQrkQuSut)16.jpg"
"<iframe src=""https://es.pornhub.com/embed/ph5df368b29b942"" frameborder=""0"" width=""560"" height=""340"" scrolling=""no"" allowfullscreen></iframe>","https://es.pornhub.com/view_video.php?viewkey=ph5df368b29b942","Culos Grandes;Babe;Tetas Grandes;Mamadas;Eyaculaciones;Sexo Duro;MILF;Estrellas Porno;Verdaderos Modelos;Fantasias  de Padrastro;Mujeres Tatuadas","0","Luke Longly","Losing my Virginity to my Horny Busty Aunt - Clover Baltimore","big;cockblondebig;boobsmommotherstep;fantasytaboomilfcum;shotbig;titspawgbig;asspornstarpopular;with;womenexclusivehd;pornbrunette","1055","Clover Baltimore;Cory Chase;Johnny The Kid","https://ci.phncdn.com/videos/201912/13/268326932/original/(m=eafTGgaaaa)(mh=Ntc9k39k_xlS9xlG)3.jpg","https://ci.phncdn.com/videos/201912/13/268326932/original/(m=eafTGgaaaa)(mh=Ntc9k39k_xlS9xlG)1.jpg;https://ci.phncdn.com/videos/201912/13/268326932/original/(m=eafTGgaaaa)(mh=Ntc9k39k_xlS9xlG)2.jpg;https://ci.phncdn.com/videos/201912/13/268326932/original/(m=eafTGgaaaa)(mh=Ntc9k39k_xlS9xlG)3.jpg;https://ci.phncdn.com/videos/201912/13/268326932/original/(m=eafTGgaaaa)(mh=Ntc9k39k_xlS9xlG)4.jpg;https://ci.phncdn.com/videos/201912/13/268326932/original/(m=eafTGgaaaa)(mh=Ntc9k39k_xlS9xlG)5.jpg;https://ci.phncdn.com/videos/201912/13/268326932/original/(m=eafTGgaaaa)(mh=Ntc9k39k_xlS9xlG)6.jpg;https://ci.phncdn.com/videos/201912/13/268326932/original/(m=eafTGgaaaa)(mh=Ntc9k39k_xlS9xlG)7.jpg;https://ci.phncdn.com/videos/201912/13/268326932/original/(m=eafTGgaaaa)(mh=Ntc9k39k_xlS9xlG)8.jpg;https://ci.phncdn.com/videos/201912/13/268326932/original/(m=eafTGgaaaa)(mh=Ntc9k39k_xlS9xlG)9.jpg;https://ci.phncdn.com/videos/201912/13/268326932/original/(m=eafTGgaaaa)(mh=Ntc9k39k_xlS9xlG)10.jpg;https://ci.phncdn.com/videos/201912/13/268326932/original/(m=eafTGgaaaa)(mh=Ntc9k39k_xlS9xlG)11.jpg;https://ci.phncdn.com/videos/201912/13/268326932/original/(m=eafTGgaaaa)(mh=Ntc9k39k_xlS9xlG)12.jpg;https://ci.phncdn.com/videos/201912/13/268326932/original/(m=eafTGgaaaa)(mh=Ntc9k39k_xlS9xlG)13.jpg;https://ci.phncdn.com/videos/201912/13/268326932/original/(m=eafTGgaaaa)(mh=Ntc9k39k_xlS9xlG)14.jpg;https://ci.phncdn.com/videos/201912/13/268326932/original/(m=eafTGgaaaa)(mh=Ntc9k39k_xlS9xlG)15.jpg;https://ci.phncdn.com/videos/201912/13/268326932/original/(m=eafTGgaaaa)(mh=Ntc9k39k_xlS9xlG)16.jpg"
"<iframe src=""https://es.pornhub.com/embed/ph5df76857c68cd"" frameborder=""0"" width=""560"" height=""340"" scrolling=""no"" allowfullscreen></iframe>","https://es.pornhub.com/view_video.php?viewkey=ph5df76857c68cd","Aficionado;Culos Grandes;Morenas;Juguetes;Maduras;Británicas;Solitaria","0","OlderWomanFun","Curvy milf Toni Lace from Scotland plays with sex toys","olderwomanfuntoni;lacescottish;milfscottish;maturescottish;mombritish;milfbritish;maturebritish;momlelani;tizziecurvy;milfcurvy;maturemilf;toysmature;toysmature;womenmom;toysmilf;solo","746","","https://ci.phncdn.com/videos/201912/16/269052181/original/(m=eafTGgaaaa)(mh=Q0hJaxxpTKzuyWbv)7.jpg","https://ci.phncdn.com/videos/201912/16/269052181/original/(m=eafTGgaaaa)(mh=Q0hJaxxpTKzuyWbv)1.jpg;https://ci.phncdn.com/videos/201912/16/269052181/original/(m=eafTGgaaaa)(mh=Q0hJaxxpTKzuyWbv)2.jpg;https://ci.phncdn.com/videos/201912/16/269052181/original/(m=eafTGgaaaa)(mh=Q0hJaxxpTKzuyWbv)3.jpg;https://ci.phncdn.com/videos/201912/16/269052181/original/(m=eafTGgaaaa)(mh=Q0hJaxxpTKzuyWbv)4.jpg;https://ci.phncdn.com/videos/201912/16/269052181/original/(m=eafTGgaaaa)(mh=Q0hJaxxpTKzuyWbv)5.jpg;https://ci.phncdn.com/videos/201912/16/269052181/original/(m=eafTGgaaaa)(mh=Q0hJaxxpTKzuyWbv)6.jpg;https://ci.phncdn.com/videos/201912/16/269052181/original/(m=eafTGgaaaa)(mh=Q0hJaxxpTKzuyWbv)7.jpg;https://ci.phncdn.com/videos/201912/16/269052181/original/(m=eafTGgaaaa)(mh=Q0hJaxxpTKzuyWbv)8.jpg;https://ci.phncdn.com/videos/201912/16/269052181/original/(m=eafTGgaaaa)(mh=Q0hJaxxpTKzuyWbv)9.jpg;https://ci.phncdn.com/videos/201912/16/269052181/original/(m=eafTGgaaaa)(mh=Q0hJaxxpTKzuyWbv)10.jpg;https://ci.phncdn.com/videos/201912/16/269052181/original/(m=eafTGgaaaa)(mh=Q0hJaxxpTKzuyWbv)11.jpg;https://ci.phncdn.com/videos/201912/16/269052181/original/(m=eafTGgaaaa)(mh=Q0hJaxxpTKzuyWbv)12.jpg;https://ci.phncdn.com/videos/201912/16/269052181/original/(m=eafTGgaaaa)(mh=Q0hJaxxpTKzuyWbv)13.jpg;https://ci.phncdn.com/videos/201912/16/269052181/original/(m=eafTGgaaaa)(mh=Q0hJaxxpTKzuyWbv)14.jpg;https://ci.phncdn.com/videos/201912/16/269052181/original/(m=eafTGgaaaa)(mh=Q0hJaxxpTKzuyWbv)15.jpg;https://ci.phncdn.com/videos/201912/16/269052181/original/(m=eafTGgaaaa)(mh=Q0hJaxxpTKzuyWbv)16.jpg"
"<iframe src=""https://es.pornhub.com/embed/ph5deb300391c64"" frameborder=""0"" width=""560"" height=""340"" scrolling=""no"" allowfullscreen></iframe>","https://es.pornhub.com/view_video.php?viewkey=ph5deb300391c64","Aficionado;Fetiches;Solitario;Exclusivo;Música;Verdaderos Aficionados","0","AudioGasm021","Daddy reads you a Bedtime Story - ASMR [Erotic Audio]","bedtime;storyaudio;onlyddlg;audiolittlespacelittleageplay;audioaudio;only;womenerotic;audiodaddyroleplay;daddyasmrasmr;roleplaydaddy;asmr;roleplaysfwsfw;audioddlg;little","555","","https://ci.phncdn.com/videos/201912/07/266812432/original/(m=eafTGgaaaa)(mh=GhWtu0FetZwpab0z)5.jpg","https://ci.phncdn.com/videos/201912/07/266812432/original/(m=eafTGgaaaa)(mh=GhWtu0FetZwpab0z)1.jpg;https://ci.phncdn.com/videos/201912/07/266812432/original/(m=eafTGgaaaa)(mh=GhWtu0FetZwpab0z)2.jpg;https://ci.phncdn.com/videos/201912/07/266812432/original/(m=eafTGgaaaa)(mh=GhWtu0FetZwpab0z)3.jpg;https://ci.phncdn.com/videos/201912/07/266812432/original/(m=eafTGgaaaa)(mh=GhWtu0FetZwpab0z)4.jpg;https://ci.phncdn.com/videos/201912/07/266812432/original/(m=eafTGgaaaa)(mh=GhWtu0FetZwpab0z)5.jpg;https://ci.phncdn.com/videos/201912/07/266812432/original/(m=eafTGgaaaa)(mh=GhWtu0FetZwpab0z)6.jpg;https://ci.phncdn.com/videos/201912/07/266812432/original/(m=eafTGgaaaa)(mh=GhWtu0FetZwpab0z)7.jpg;https://ci.phncdn.com/videos/201912/07/266812432/original/(m=eafTGgaaaa)(mh=GhWtu0FetZwpab0z)8.jpg;https://ci.phncdn.com/videos/201912/07/266812432/original/(m=eafTGgaaaa)(mh=GhWtu0FetZwpab0z)9.jpg;https://ci.phncdn.com/videos/201912/07/266812432/original/(m=eafTGgaaaa)(mh=GhWtu0FetZwpab0z)10.jpg;https://ci.phncdn.com/videos/201912/07/266812432/original/(m=eafTGgaaaa)(mh=GhWtu0FetZwpab0z)11.jpg;https://ci.phncdn.com/videos/201912/07/266812432/original/(m=eafTGgaaaa)(mh=GhWtu0FetZwpab0z)12.jpg;https://ci.phncdn.com/videos/201912/07/266812432/original/(m=eafTGgaaaa)(mh=GhWtu0FetZwpab0z)13.jpg;https://ci.phncdn.com/videos/201912/07/266812432/original/(m=eafTGgaaaa)(mh=GhWtu0FetZwpab0z)14.jpg;https://ci.phncdn.com/videos/201912/07/266812432/original/(m=eafTGgaaaa)(mh=GhWtu0FetZwpab0z)15.jpg;https://ci.phncdn.com/videos/201912/07/266812432/original/(m=eafTGgaaaa)(mh=GhWtu0FetZwpab0z)16.jpg"
"<iframe src=""https://es.pornhub.com/embed/ph5e18facf89ce1"" frameborder=""0"" width=""560"" height=""340"" scrolling=""no"" allowfullscreen></iframe>","https://es.pornhub.com/view_video.php?viewkey=ph5e18facf89ce1","Rubias;Morenas;Mamadas;Anal;Transgénero","0","TransAngels","Transangels - TS Kayleigh Coxx Fucks inked Kleio Valentien","transangelsass;fucktattooporhubpornohubmgvideostransblondetattoed;womenblowjobanalinkedshowersneakysissytranny","600","Kleio Valentien","https://ci.phncdn.com/videos/202001/10/275579081/original/(m=eafTGgaaaa)(mh=aIqEPz6hi65VdIc6)16.jpg","https://ci.phncdn.com/videos/202001/10/275579081/original/(m=eafTGgaaaa)(mh=aIqEPz6hi65VdIc6)1.jpg;https://ci.phncdn.com/videos/202001/10/275579081/original/(m=eafTGgaaaa)(mh=aIqEPz6hi65VdIc6)2.jpg;https://ci.phncdn.com/videos/202001/10/275579081/original/(m=eafTGgaaaa)(mh=aIqEPz6hi65VdIc6)3.jpg;https://ci.phncdn.com/videos/202001/10/275579081/original/(m=eafTGgaaaa)(mh=aIqEPz6hi65VdIc6)4.jpg;https://ci.phncdn.com/videos/202001/10/275579081/original/(m=eafTGgaaaa)(mh=aIqEPz6hi65VdIc6)5.jpg;https://ci.phncdn.com/videos/202001/10/275579081/original/(m=eafTGgaaaa)(mh=aIqEPz6hi65VdIc6)6.jpg;https://ci.phncdn.com/videos/202001/10/275579081/original/(m=eafTGgaaaa)(mh=aIqEPz6hi65VdIc6)7.jpg;https://ci.phncdn.com/videos/202001/10/275579081/original/(m=eafTGgaaaa)(mh=aIqEPz6hi65VdIc6)8.jpg;https://ci.phncdn.com/videos/202001/10/275579081/original/(m=eafTGgaaaa)(mh=aIqEPz6hi65VdIc6)9.jpg;https://ci.phncdn.com/videos/202001/10/275579081/original/(m=eafTGgaaaa)(mh=aIqEPz6hi65VdIc6)10.jpg;https://ci.phncdn.com/videos/202001/10/275579081/original/(m=eafTGgaaaa)(mh=aIqEPz6hi65VdIc6)11.jpg;https://ci.phncdn.com/videos/202001/10/275579081/original/(m=eafTGgaaaa)(mh=aIqEPz6hi65VdIc6)12.jpg;https://ci.phncdn.com/videos/202001/10/275579081/original/(m=eafTGgaaaa)(mh=aIqEPz6hi65VdIc6)13.jpg;https://ci.phncdn.com/videos/202001/10/275579081/original/(m=eafTGgaaaa)(mh=aIqEPz6hi65VdIc6)14.jpg;https://ci.phncdn.com/videos/202001/10/275579081/original/(m=eafTGgaaaa)(mh=aIqEPz6hi65VdIc6)15.jpg;https://ci.phncdn.com/videos/202001/10/275579081/original/(m=eafTGgaaaa)(mh=aIqEPz6hi65VdIc6)16.jpg"
"<iframe src=""https://es.pornhub.com/embed/ph5e0285069693c"" frameborder=""0"" width=""560"" height=""340"" scrolling=""no"" allowfullscreen></iframe>","https://es.pornhub.com/view_video.php?viewkey=ph5e0285069693c","Tetas Grandes;Rubias;Mamadas;Sexo Duro;MILF;Estrellas Porno;Popular entre mujeres;Juegos de Rol;Verdaderos Modelos;Fantasias  de Padrastro","0","Cory Chase","Fucking my Remote Control Step-Mom with Huge Tits - Cory Chase","big;boobsblondemilfstepmomstepmotherstep;fantasyrole;playpause;challengebushcum;swallowpawgexclusivekinkhd;porndoggy;styleverified;modelspopular;with;womenpornstar","1418","Cory Chase;Johnny The Kid","https://ci.phncdn.com/videos/201912/24/271091801/thumbs_10/(m=eafTGgaaaa)(mh=ezer0x5AItY18eOy)2.jpg","https://ci.phncdn.com/videos/201912/24/271091801/thumbs_10/(m=eafTGgaaaa)(mh=ezer0x5AItY18eOy)1.jpg;https://ci.phncdn.com/videos/201912/24/271091801/thumbs_10/(m=eafTGgaaaa)(mh=ezer0x5AItY18eOy)2.jpg;https://ci.phncdn.com/videos/201912/24/271091801/thumbs_10/(m=eafTGgaaaa)(mh=ezer0x5AItY18eOy)3.jpg;https://ci.phncdn.com/videos/201912/24/271091801/thumbs_10/(m=eafTGgaaaa)(mh=ezer0x5AItY18eOy)4.jpg;https://ci.phncdn.com/videos/201912/24/271091801/thumbs_10/(m=eafTGgaaaa)(mh=ezer0x5AItY18eOy)5.jpg;https://ci.phncdn.com/videos/201912/24/271091801/thumbs_10/(m=eafTGgaaaa)(mh=ezer0x5AItY18eOy)6.jpg;https://ci.phncdn.com/videos/201912/24/271091801/thumbs_10/(m=eafTGgaaaa)(mh=ezer0x5AItY18eOy)7.jpg;https://ci.phncdn.com/videos/201912/24/271091801/thumbs_10/(m=eafTGgaaaa)(mh=ezer0x5AItY18eOy)8.jpg;https://ci.phncdn.com/videos/201912/24/271091801/thumbs_10/(m=eafTGgaaaa)(mh=ezer0x5AItY18eOy)9.jpg;https://ci.phncdn.com/videos/201912/24/271091801/thumbs_10/(m=eafTGgaaaa)(mh=ezer0x5AItY18eOy)10.jpg;https://ci.phncdn.com/videos/201912/24/271091801/thumbs_10/(m=eafTGgaaaa)(mh=ezer0x5AItY18eOy)11.jpg;https://ci.phncdn.com/videos/201912/24/271091801/thumbs_10/(m=eafTGgaaaa)(mh=ezer0x5AItY18eOy)12.jpg;https://ci.phncdn.com/videos/201912/24/271091801/thumbs_10/(m=eafTGgaaaa)(mh=ezer0x5AItY18eOy)13.jpg;https://ci.phncdn.com/videos/201912/24/271091801/thumbs_10/(m=eafTGgaaaa)(mh=ezer0x5AItY18eOy)14.jpg;https://ci.phncdn.com/videos/201912/24/271091801/thumbs_10/(m=eafTGgaaaa)(mh=ezer0x5AItY18eOy)15.jpg;https://ci.phncdn.com/videos/201912/24/271091801/thumbs_10/(m=eafTGgaaaa)(mh=ezer0x5AItY18eOy)16.jpg"
"<iframe src=""https://es.pornhub.com/embed/ph5e11195348d78"" frameborder=""0"" width=""560"" height=""340"" scrolling=""no"" allowfullscreen></iframe>","https://es.pornhub.com/view_video.php?viewkey=ph5e11195348d78","Rubias;Mamadas;Fetiches;Sexo Duro","0","MileHigh","Sweet Sinner - Hot couple get kinky in the kitchen","sweetsinnerporhubpornohubmgvideosharcoreporn;for;womenblowjobfetishblondesweet;sinnerdeepthroatbig;cockbubble;butthairykink","600","","https://ci.phncdn.com/videos/202001/04/273928441/original/(m=eafTGgaaaa)(mh=lJXYkvvmof4u5wL6)12.jpg","https://ci.phncdn.com/videos/202001/04/273928441/original/(m=eafTGgaaaa)(mh=lJXYkvvmof4u5wL6)1.jpg;https://ci.phncdn.com/videos/202001/04/273928441/original/(m=eafTGgaaaa)(mh=lJXYkvvmof4u5wL6)2.jpg;https://ci.phncdn.com/videos/202001/04/273928441/original/(m=eafTGgaaaa)(mh=lJXYkvvmof4u5wL6)3.jpg;https://ci.phncdn.com/videos/202001/04/273928441/original/(m=eafTGgaaaa)(mh=lJXYkvvmof4u5wL6)4.jpg;https://ci.phncdn.com/videos/202001/04/273928441/original/(m=eafTGgaaaa)(mh=lJXYkvvmof4u5wL6)5.jpg;https://ci.phncdn.com/videos/202001/04/273928441/original/(m=eafTGgaaaa)(mh=lJXYkvvmof4u5wL6)6.jpg;https://ci.phncdn.com/videos/202001/04/273928441/original/(m=eafTGgaaaa)(mh=lJXYkvvmof4u5wL6)7.jpg;https://ci.phncdn.com/videos/202001/04/273928441/original/(m=eafTGgaaaa)(mh=lJXYkvvmof4u5wL6)8.jpg;https://ci.phncdn.com/videos/202001/04/273928441/original/(m=eafTGgaaaa)(mh=lJXYkvvmof4u5wL6)9.jpg;https://ci.phncdn.com/videos/202001/04/273928441/original/(m=eafTGgaaaa)(mh=lJXYkvvmof4u5wL6)10.jpg;https://ci.phncdn.com/videos/202001/04/273928441/original/(m=eafTGgaaaa)(mh=lJXYkvvmof4u5wL6)11.jpg;https://ci.phncdn.com/videos/202001/04/273928441/original/(m=eafTGgaaaa)(mh=lJXYkvvmof4u5wL6)12.jpg;https://ci.phncdn.com/videos/202001/04/273928441/original/(m=eafTGgaaaa)(mh=lJXYkvvmof4u5wL6)13.jpg;https://ci.phncdn.com/videos/202001/04/273928441/original/(m=eafTGgaaaa)(mh=lJXYkvvmof4u5wL6)14.jpg;https://ci.phncdn.com/videos/202001/04/273928441/original/(m=eafTGgaaaa)(mh=lJXYkvvmof4u5wL6)15.jpg;https://ci.phncdn.com/videos/202001/04/273928441/original/(m=eafTGgaaaa)(mh=lJXYkvvmof4u5wL6)16.jpg"
"<iframe src=""https://es.pornhub.com/embed/ph5b5cad43225ed"" frameborder=""0"" width=""560"" height=""340"" scrolling=""no"" allowfullscreen></iframe>","https://es.pornhub.com/view_video.php?viewkey=ph5b5cad43225ed","Culos Grandes;Rubias;Morenas;Lesbianas;MILF;Adolescentes;Lamidas de Coño","0","SexyHub","MOM Hot blonde Milf fucks sexy cleaner","momxxxoldmommotherblondeblondesmilfmatureolder;womenromanticorgasmsfemale;friendlyfemale;orgasmsnaturaloral;sexsensual","732","","https://ci.phncdn.com/videos/201807/28/176371741/original/(m=eafTGgaaaa)(mh=aFxxRZUuGJrpfhBT)16.jpg","https://ci.phncdn.com/videos/201807/28/176371741/original/(m=eafTGgaaaa)(mh=aFxxRZUuGJrpfhBT)1.jpg;https://ci.phncdn.com/videos/201807/28/176371741/original/(m=eafTGgaaaa)(mh=aFxxRZUuGJrpfhBT)2.jpg;https://ci.phncdn.com/videos/201807/28/176371741/original/(m=eafTGgaaaa)(mh=aFxxRZUuGJrpfhBT)3.jpg;https://ci.phncdn.com/videos/201807/28/176371741/original/(m=eafTGgaaaa)(mh=aFxxRZUuGJrpfhBT)4.jpg;https://ci.phncdn.com/videos/201807/28/176371741/original/(m=eafTGgaaaa)(mh=aFxxRZUuGJrpfhBT)5.jpg;https://ci.phncdn.com/videos/201807/28/176371741/original/(m=eafTGgaaaa)(mh=aFxxRZUuGJrpfhBT)6.jpg;https://ci.phncdn.com/videos/201807/28/176371741/original/(m=eafTGgaaaa)(mh=aFxxRZUuGJrpfhBT)7.jpg;https://ci.phncdn.com/videos/201807/28/176371741/original/(m=eafTGgaaaa)(mh=aFxxRZUuGJrpfhBT)8.jpg;https://ci.phncdn.com/videos/201807/28/176371741/original/(m=eafTGgaaaa)(mh=aFxxRZUuGJrpfhBT)9.jpg;https://ci.phncdn.com/videos/201807/28/176371741/original/(m=eafTGgaaaa)(mh=aFxxRZUuGJrpfhBT)10.jpg;https://ci.phncdn.com/videos/201807/28/176371741/original/(m=eafTGgaaaa)(mh=aFxxRZUuGJrpfhBT)11.jpg;https://ci.phncdn.com/videos/201807/28/176371741/original/(m=eafTGgaaaa)(mh=aFxxRZUuGJrpfhBT)12.jpg;https://ci.phncdn.com/videos/201807/28/176371741/original/(m=eafTGgaaaa)(mh=aFxxRZUuGJrpfhBT)13.jpg;https://ci.phncdn.com/videos/201807/28/176371741/original/(m=eafTGgaaaa)(mh=aFxxRZUuGJrpfhBT)14.jpg;https://ci.phncdn.com/videos/201807/28/176371741/original/(m=eafTGgaaaa)(mh=aFxxRZUuGJrpfhBT)15.jpg;https://ci.phncdn.com/videos/201807/28/176371741/original/(m=eafTGgaaaa)(mh=aFxxRZUuGJrpfhBT)16.jpg"
"<iframe src=""https://es.pornhub.com/embed/ph5dfd3d1799cc8"" frameborder=""0"" width=""560"" height=""340"" scrolling=""no"" allowfullscreen></iframe>","https://es.pornhub.com/view_video.php?viewkey=ph5dfd3d1799cc8","Rubias;Mamadas;Sexo Duro;Estrellas Porno;Tetas pequeñas","0","BellesaFilms","Bellesa - Romantic blonde Anny Aurora loves big cock","bellesafilmsporhubpornohubmgvideosbellesasmall;titsblondeblowjobromanticcumshot;romanticporn;for;womenfemale;friendlybig;loadpetite","720","Anny Aurora","https://ci.phncdn.com/videos/201912/20/270132201/original/(m=eafTGgaaaa)(mh=sDnp__5C6578VNlB)11.jpg","https://ci.phncdn.com/videos/201912/20/270132201/original/(m=eafTGgaaaa)(mh=sDnp__5C6578VNlB)1.jpg;https://ci.phncdn.com/videos/201912/20/270132201/original/(m=eafTGgaaaa)(mh=sDnp__5C6578VNlB)2.jpg;https://ci.phncdn.com/videos/201912/20/270132201/original/(m=eafTGgaaaa)(mh=sDnp__5C6578VNlB)3.jpg;https://ci.phncdn.com/videos/201912/20/270132201/original/(m=eafTGgaaaa)(mh=sDnp__5C6578VNlB)4.jpg;https://ci.phncdn.com/videos/201912/20/270132201/original/(m=eafTGgaaaa)(mh=sDnp__5C6578VNlB)5.jpg;https://ci.phncdn.com/videos/201912/20/270132201/original/(m=eafTGgaaaa)(mh=sDnp__5C6578VNlB)6.jpg;https://ci.phncdn.com/videos/201912/20/270132201/original/(m=eafTGgaaaa)(mh=sDnp__5C6578VNlB)7.jpg;https://ci.phncdn.com/videos/201912/20/270132201/original/(m=eafTGgaaaa)(mh=sDnp__5C6578VNlB)8.jpg;https://ci.phncdn.com/videos/201912/20/270132201/original/(m=eafTGgaaaa)(mh=sDnp__5C6578VNlB)9.jpg;https://ci.phncdn.com/videos/201912/20/270132201/original/(m=eafTGgaaaa)(mh=sDnp__5C6578VNlB)10.jpg;https://ci.phncdn.com/videos/201912/20/270132201/original/(m=eafTGgaaaa)(mh=sDnp__5C6578VNlB)11.jpg;https://ci.phncdn.com/videos/201912/20/270132201/original/(m=eafTGgaaaa)(mh=sDnp__5C6578VNlB)12.jpg;https://ci.phncdn.com/videos/201912/20/270132201/original/(m=eafTGgaaaa)(mh=sDnp__5C6578VNlB)13.jpg;https://ci.phncdn.com/videos/201912/20/270132201/original/(m=eafTGgaaaa)(mh=sDnp__5C6578VNlB)14.jpg;https://ci.phncdn.com/videos/201912/20/270132201/original/(m=eafTGgaaaa)(mh=sDnp__5C6578VNlB)15.jpg;https://ci.phncdn.com/videos/201912/20/270132201/original/(m=eafTGgaaaa)(mh=sDnp__5C6578VNlB)16.jpg"
"<iframe src=""https://es.pornhub.com/embed/ph5df60fd79d78d"" frameborder=""0"" width=""560"" height=""340"" scrolling=""no"" allowfullscreen></iframe>","https://es.pornhub.com/view_video.php?viewkey=ph5df60fd79d78d","Babe;Tetas Grandes;Rubias;Eyaculaciones;Sexo Duro;Estrellas Porno;Adolescentes;POV;Popular entre mujeres;Verdaderos Modelos;Fantasias  de Padrastro","0","Luke Longly","Hot Step Daughter With Huge Tits Dared to Swallow - Skylar Vox","big;boobsblondemilfteenageryoungpoint;of;viewskylar;voxstep;fantasystep;daughterstep;dadhd;pornpov;sexpopular;with;womenteenverified;modelspornstarspawgbabe","761","Cory Chase;Skylar Vox","https://ci.phncdn.com/videos/201912/15/268804952/thumbs_10/(m=eafTGgaaaa)(mh=ibdlhUGmCIHv9b9Q)2.jpg","https://ci.phncdn.com/videos/201912/15/268804952/thumbs_10/(m=eafTGgaaaa)(mh=ibdlhUGmCIHv9b9Q)1.jpg;https://ci.phncdn.com/videos/201912/15/268804952/thumbs_10/(m=eafTGgaaaa)(mh=ibdlhUGmCIHv9b9Q)2.jpg;https://ci.phncdn.com/videos/201912/15/268804952/thumbs_10/(m=eafTGgaaaa)(mh=ibdlhUGmCIHv9b9Q)3.jpg;https://ci.phncdn.com/videos/201912/15/268804952/thumbs_10/(m=eafTGgaaaa)(mh=ibdlhUGmCIHv9b9Q)4.jpg;https://ci.phncdn.com/videos/201912/15/268804952/thumbs_10/(m=eafTGgaaaa)(mh=ibdlhUGmCIHv9b9Q)5.jpg;https://ci.phncdn.com/videos/201912/15/268804952/thumbs_10/(m=eafTGgaaaa)(mh=ibdlhUGmCIHv9b9Q)6.jpg;https://ci.phncdn.com/videos/201912/15/268804952/thumbs_10/(m=eafTGgaaaa)(mh=ibdlhUGmCIHv9b9Q)7.jpg;https://ci.phncdn.com/videos/201912/15/268804952/thumbs_10/(m=eafTGgaaaa)(mh=ibdlhUGmCIHv9b9Q)8.jpg;https://ci.phncdn.com/videos/201912/15/268804952/thumbs_10/(m=eafTGgaaaa)(mh=ibdlhUGmCIHv9b9Q)9.jpg;https://ci.phncdn.com/videos/201912/15/268804952/thumbs_10/(m=eafTGgaaaa)(mh=ibdlhUGmCIHv9b9Q)10.jpg;https://ci.phncdn.com/videos/201912/15/268804952/thumbs_10/(m=eafTGgaaaa)(mh=ibdlhUGmCIHv9b9Q)11.jpg;https://ci.phncdn.com/videos/201912/15/268804952/thumbs_10/(m=eafTGgaaaa)(mh=ibdlhUGmCIHv9b9Q)12.jpg;https://ci.phncdn.com/videos/201912/15/268804952/thumbs_10/(m=eafTGgaaaa)(mh=ibdlhUGmCIHv9b9Q)13.jpg;https://ci.phncdn.com/videos/201912/15/268804952/thumbs_10/(m=eafTGgaaaa)(mh=ibdlhUGmCIHv9b9Q)14.jpg;https://ci.phncdn.com/videos/201912/15/268804952/thumbs_10/(m=eafTGgaaaa)(mh=ibdlhUGmCIHv9b9Q)15.jpg;https://ci.phncdn.com/videos/201912/15/268804952/thumbs_10/(m=eafTGgaaaa)(mh=ibdlhUGmCIHv9b9Q)16.jpg"
"<iframe src=""https://es.pornhub.com/embed/ph5e0ad3d042731"" frameborder=""0"" width=""560"" height=""340"" scrolling=""no"" allowfullscreen></iframe>","https://es.pornhub.com/view_video.php?viewkey=ph5e0ad3d042731","Aficionado;Culos Grandes;Tetas Grandes;Latinas;Anal;POV;Popular entre mujeres;60FPS;Verdaderos Aficionados","0","yinyleon","Sweaty Big Ass MILF gets a real Amateur fucked after gym in her apartment","anal;amateuramateur;fuckamateur;deepthroatfit;milf;analthick;ass;latinacum;on;titsbig;boobsanal;doggystylerough;fuckwomen;with;tattoosfeet;lickingcouple;making;outpuertorican;fuckamateur;hot;wifehuge;cumshot;titsfit;guy;destroys","528","","https://ci.phncdn.com/videos/201912/31/272674011/original/(m=eafTGgaaaa)(mh=arkA-XqEREfFDWal)4.jpg","https://ci.phncdn.com/videos/201912/31/272674011/original/(m=eafTGgaaaa)(mh=arkA-XqEREfFDWal)1.jpg;https://ci.phncdn.com/videos/201912/31/272674011/original/(m=eafTGgaaaa)(mh=arkA-XqEREfFDWal)2.jpg;https://ci.phncdn.com/videos/201912/31/272674011/original/(m=eafTGgaaaa)(mh=arkA-XqEREfFDWal)3.jpg;https://ci.phncdn.com/videos/201912/31/272674011/original/(m=eafTGgaaaa)(mh=arkA-XqEREfFDWal)4.jpg;https://ci.phncdn.com/videos/201912/31/272674011/original/(m=eafTGgaaaa)(mh=arkA-XqEREfFDWal)5.jpg;https://ci.phncdn.com/videos/201912/31/272674011/original/(m=eafTGgaaaa)(mh=arkA-XqEREfFDWal)6.jpg;https://ci.phncdn.com/videos/201912/31/272674011/original/(m=eafTGgaaaa)(mh=arkA-XqEREfFDWal)7.jpg;https://ci.phncdn.com/videos/201912/31/272674011/original/(m=eafTGgaaaa)(mh=arkA-XqEREfFDWal)8.jpg;https://ci.phncdn.com/videos/201912/31/272674011/original/(m=eafTGgaaaa)(mh=arkA-XqEREfFDWal)9.jpg;https://ci.phncdn.com/videos/201912/31/272674011/original/(m=eafTGgaaaa)(mh=arkA-XqEREfFDWal)10.jpg;https://ci.phncdn.com/videos/201912/31/272674011/original/(m=eafTGgaaaa)(mh=arkA-XqEREfFDWal)11.jpg;https://ci.phncdn.com/videos/201912/31/272674011/original/(m=eafTGgaaaa)(mh=arkA-XqEREfFDWal)12.jpg;https://ci.phncdn.com/videos/201912/31/272674011/original/(m=eafTGgaaaa)(mh=arkA-XqEREfFDWal)13.jpg;https://ci.phncdn.com/videos/201912/31/272674011/original/(m=eafTGgaaaa)(mh=arkA-XqEREfFDWal)14.jpg;https://ci.phncdn.com/videos/201912/31/272674011/original/(m=eafTGgaaaa)(mh=arkA-XqEREfFDWal)15.jpg;https://ci.phncdn.com/videos/201912/31/272674011/original/(m=eafTGgaaaa)(mh=arkA-XqEREfFDWal)16.jpg"
"<iframe src=""https://es.pornhub.com/embed/ph5e139acd26ff5"" frameborder=""0"" width=""560"" height=""340"" scrolling=""no"" allowfullscreen></iframe>","https://es.pornhub.com/view_video.php?viewkey=ph5e139acd26ff5","Morenas;Mamadas;Latinas;Estrellas Porno;Real;Adolescentes;Tetas pequeñas;Lamidas de Coño;Romance","0","XEmpire","EROTICAX Cute Teen Teaches Shy Guy How To Dance","eroticaxpetiteteenageryoungeroticpopular;with;womenpassionkissingblowjobdeepthroatspit;blowjoberotic;sexpassionate;fuckteenerotic;teenpounding","600","Alex Legend;Eliza Ibarra","https://ci.phncdn.com/videos/202001/06/274460191/original/(m=eafTGgaaaa)(mh=lXJo7l-_K997Ktq9)16.jpg","https://ci.phncdn.com/videos/202001/06/274460191/original/(m=eafTGgaaaa)(mh=lXJo7l-_K997Ktq9)1.jpg;https://ci.phncdn.com/videos/202001/06/274460191/original/(m=eafTGgaaaa)(mh=lXJo7l-_K997Ktq9)2.jpg;https://ci.phncdn.com/videos/202001/06/274460191/original/(m=eafTGgaaaa)(mh=lXJo7l-_K997Ktq9)3.jpg;https://ci.phncdn.com/videos/202001/06/274460191/original/(m=eafTGgaaaa)(mh=lXJo7l-_K997Ktq9)4.jpg;https://ci.phncdn.com/videos/202001/06/274460191/original/(m=eafTGgaaaa)(mh=lXJo7l-_K997Ktq9)5.jpg;https://ci.phncdn.com/videos/202001/06/274460191/original/(m=eafTGgaaaa)(mh=lXJo7l-_K997Ktq9)6.jpg;https://ci.phncdn.com/videos/202001/06/274460191/original/(m=eafTGgaaaa)(mh=lXJo7l-_K997Ktq9)7.jpg;https://ci.phncdn.com/videos/202001/06/274460191/original/(m=eafTGgaaaa)(mh=lXJo7l-_K997Ktq9)8.jpg;https://ci.phncdn.com/videos/202001/06/274460191/original/(m=eafTGgaaaa)(mh=lXJo7l-_K997Ktq9)9.jpg;https://ci.phncdn.com/videos/202001/06/274460191/original/(m=eafTGgaaaa)(mh=lXJo7l-_K997Ktq9)10.jpg;https://ci.phncdn.com/videos/202001/06/274460191/original/(m=eafTGgaaaa)(mh=lXJo7l-_K997Ktq9)11.jpg;https://ci.phncdn.com/videos/202001/06/274460191/original/(m=eafTGgaaaa)(mh=lXJo7l-_K997Ktq9)12.jpg;https://ci.phncdn.com/videos/202001/06/274460191/original/(m=eafTGgaaaa)(mh=lXJo7l-_K997Ktq9)13.jpg;https://ci.phncdn.com/videos/202001/06/274460191/original/(m=eafTGgaaaa)(mh=lXJo7l-_K997Ktq9)14.jpg;https://ci.phncdn.com/videos/202001/06/274460191/original/(m=eafTGgaaaa)(mh=lXJo7l-_K997Ktq9)15.jpg;https://ci.phncdn.com/videos/202001/06/274460191/original/(m=eafTGgaaaa)(mh=lXJo7l-_K997Ktq9)16.jpg"
"<iframe src=""https://es.pornhub.com/embed/ph5dee97866216e"" frameborder=""0"" width=""560"" height=""340"" scrolling=""no"" allowfullscreen></iframe>","https://es.pornhub.com/view_video.php?viewkey=ph5dee97866216e","Aficionado;Fetiches;Solitario;60FPS;Música;Verdaderos Aficionados","0","feelgoodfilth","Listen To Me Stroke My Wet Throbbing Cock (Erotic Audio for Women)","masturbatebig;cockaudioaudiopornaudio;pornerotic;audioasmrmale;moaningvocal;guyvocal;maleloud;male;orgasmdirty;talkfemale;friendlycum;swapcum;playfeelgoodfilth","587","","https://ci.phncdn.com/videos/201912/09/267426782/original/(m=eafTGgaaaa)(mh=_GA5V7zx6cEG6pQl)13.jpg","https://ci.phncdn.com/videos/201912/09/267426782/original/(m=eafTGgaaaa)(mh=_GA5V7zx6cEG6pQl)1.jpg;https://ci.phncdn.com/videos/201912/09/267426782/original/(m=eafTGgaaaa)(mh=_GA5V7zx6cEG6pQl)2.jpg;https://ci.phncdn.com/videos/201912/09/267426782/original/(m=eafTGgaaaa)(mh=_GA5V7zx6cEG6pQl)3.jpg;https://ci.phncdn.com/videos/201912/09/267426782/original/(m=eafTGgaaaa)(mh=_GA5V7zx6cEG6pQl)4.jpg;https://ci.phncdn.com/videos/201912/09/267426782/original/(m=eafTGgaaaa)(mh=_GA5V7zx6cEG6pQl)5.jpg;https://ci.phncdn.com/videos/201912/09/267426782/original/(m=eafTGgaaaa)(mh=_GA5V7zx6cEG6pQl)6.jpg;https://ci.phncdn.com/videos/201912/09/267426782/original/(m=eafTGgaaaa)(mh=_GA5V7zx6cEG6pQl)7.jpg;https://ci.phncdn.com/videos/201912/09/267426782/original/(m=eafTGgaaaa)(mh=_GA5V7zx6cEG6pQl)8.jpg;https://ci.phncdn.com/videos/201912/09/267426782/original/(m=eafTGgaaaa)(mh=_GA5V7zx6cEG6pQl)9.jpg;https://ci.phncdn.com/videos/201912/09/267426782/original/(m=eafTGgaaaa)(mh=_GA5V7zx6cEG6pQl)10.jpg;https://ci.phncdn.com/videos/201912/09/267426782/original/(m=eafTGgaaaa)(mh=_GA5V7zx6cEG6pQl)11.jpg;https://ci.phncdn.com/videos/201912/09/267426782/original/(m=eafTGgaaaa)(mh=_GA5V7zx6cEG6pQl)12.jpg;https://ci.phncdn.com/videos/201912/09/267426782/original/(m=eafTGgaaaa)(mh=_GA5V7zx6cEG6pQl)13.jpg;https://ci.phncdn.com/videos/201912/09/267426782/original/(m=eafTGgaaaa)(mh=_GA5V7zx6cEG6pQl)14.jpg;https://ci.phncdn.com/videos/201912/09/267426782/original/(m=eafTGgaaaa)(mh=_GA5V7zx6cEG6pQl)15.jpg;https://ci.phncdn.com/videos/201912/09/267426782/original/(m=eafTGgaaaa)(mh=_GA5V7zx6cEG6pQl)16.jpg"
"<iframe src=""https://es.pornhub.com/embed/ph5dfa7cac666bf"" frameborder=""0"" width=""560"" height=""340"" scrolling=""no"" allowfullscreen></iframe>","https://es.pornhub.com/view_video.php?viewkey=ph5dfa7cac666bf","Babe;Vergas grandes;Morenas;Mamadas;Sexo Duro;Anal;Romance","0","21sextury","21Naturals Sensual Buttloving","21naturalsfemale;friendlycoupleromanticporn;for;womenbig;cockblowjobtrimmedtattooshig;heelsanalass;fuckcouple;analanal;sexsensualkissing","600","","https://ci.phncdn.com/videos/201912/18/269622931/original/(m=eafTGgaaaa)(mh=7GAID8yJnFn9BuYF)14.jpg","https://ci.phncdn.com/videos/201912/18/269622931/original/(m=eafTGgaaaa)(mh=7GAID8yJnFn9BuYF)1.jpg;https://ci.phncdn.com/videos/201912/18/269622931/original/(m=eafTGgaaaa)(mh=7GAID8yJnFn9BuYF)2.jpg;https://ci.phncdn.com/videos/201912/18/269622931/original/(m=eafTGgaaaa)(mh=7GAID8yJnFn9BuYF)3.jpg;https://ci.phncdn.com/videos/201912/18/269622931/original/(m=eafTGgaaaa)(mh=7GAID8yJnFn9BuYF)4.jpg;https://ci.phncdn.com/videos/201912/18/269622931/original/(m=eafTGgaaaa)(mh=7GAID8yJnFn9BuYF)5.jpg;https://ci.phncdn.com/videos/201912/18/269622931/original/(m=eafTGgaaaa)(mh=7GAID8yJnFn9BuYF)6.jpg;https://ci.phncdn.com/videos/201912/18/269622931/original/(m=eafTGgaaaa)(mh=7GAID8yJnFn9BuYF)7.jpg;https://ci.phncdn.com/videos/201912/18/269622931/original/(m=eafTGgaaaa)(mh=7GAID8yJnFn9BuYF)8.jpg;https://ci.phncdn.com/videos/201912/18/269622931/original/(m=eafTGgaaaa)(mh=7GAID8yJnFn9BuYF)9.jpg;https://ci.phncdn.com/videos/201912/18/269622931/original/(m=eafTGgaaaa)(mh=7GAID8yJnFn9BuYF)10.jpg;https://ci.phncdn.com/videos/201912/18/269622931/original/(m=eafTGgaaaa)(mh=7GAID8yJnFn9BuYF)11.jpg;https://ci.phncdn.com/videos/201912/18/269622931/original/(m=eafTGgaaaa)(mh=7GAID8yJnFn9BuYF)12.jpg;https://ci.phncdn.com/videos/201912/18/269622931/original/(m=eafTGgaaaa)(mh=7GAID8yJnFn9BuYF)13.jpg;https://ci.phncdn.com/videos/201912/18/269622931/original/(m=eafTGgaaaa)(mh=7GAID8yJnFn9BuYF)14.jpg;https://ci.phncdn.com/videos/201912/18/269622931/original/(m=eafTGgaaaa)(mh=7GAID8yJnFn9BuYF)15.jpg;https://ci.phncdn.com/videos/201912/18/269622931/original/(m=eafTGgaaaa)(mh=7GAID8yJnFn9BuYF)16.jpg"
"<iframe src=""https://es.pornhub.com/embed/ph5dea776f4f50f"" frameborder=""0"" width=""560"" height=""340"" scrolling=""no"" allowfullscreen></iframe>","https://es.pornhub.com/view_video.php?viewkey=ph5dea776f4f50f","Aficionado;Fetiches;Solitario;60FPS;Música;Verdaderos Aficionados;Orgasmo Femenino","0","feelgoodfilth","DDLG Roleplay: Daddy Fucks Your Ass (Erotic Audio for Women)","ass;fuckroughbig;cockaudioaudiopornaudio;pornerotic;audioasmrmale;moaningvocal;guyvocal;maleloud;male;orgasmanalddlgfemale;friendlydirty;talk","630","","https://ci.phncdn.com/videos/201912/06/266676022/original/(m=eafTGgaaaa)(mh=KUxRy1zIzSgdRdcu)14.jpg","https://ci.phncdn.com/videos/201912/06/266676022/original/(m=eafTGgaaaa)(mh=KUxRy1zIzSgdRdcu)1.jpg;https://ci.phncdn.com/videos/201912/06/266676022/original/(m=eafTGgaaaa)(mh=KUxRy1zIzSgdRdcu)2.jpg;https://ci.phncdn.com/videos/201912/06/266676022/original/(m=eafTGgaaaa)(mh=KUxRy1zIzSgdRdcu)3.jpg;https://ci.phncdn.com/videos/201912/06/266676022/original/(m=eafTGgaaaa)(mh=KUxRy1zIzSgdRdcu)4.jpg;https://ci.phncdn.com/videos/201912/06/266676022/original/(m=eafTGgaaaa)(mh=KUxRy1zIzSgdRdcu)5.jpg;https://ci.phncdn.com/videos/201912/06/266676022/original/(m=eafTGgaaaa)(mh=KUxRy1zIzSgdRdcu)6.jpg;https://ci.phncdn.com/videos/201912/06/266676022/original/(m=eafTGgaaaa)(mh=KUxRy1zIzSgdRdcu)7.jpg;https://ci.phncdn.com/videos/201912/06/266676022/original/(m=eafTGgaaaa)(mh=KUxRy1zIzSgdRdcu)8.jpg;https://ci.phncdn.com/videos/201912/06/266676022/original/(m=eafTGgaaaa)(mh=KUxRy1zIzSgdRdcu)9.jpg;https://ci.phncdn.com/videos/201912/06/266676022/original/(m=eafTGgaaaa)(mh=KUxRy1zIzSgdRdcu)10.jpg;https://ci.phncdn.com/videos/201912/06/266676022/original/(m=eafTGgaaaa)(mh=KUxRy1zIzSgdRdcu)11.jpg;https://ci.phncdn.com/videos/201912/06/266676022/original/(m=eafTGgaaaa)(mh=KUxRy1zIzSgdRdcu)12.jpg;https://ci.phncdn.com/videos/201912/06/266676022/original/(m=eafTGgaaaa)(mh=KUxRy1zIzSgdRdcu)13.jpg;https://ci.phncdn.com/videos/201912/06/266676022/original/(m=eafTGgaaaa)(mh=KUxRy1zIzSgdRdcu)14.jpg;https://ci.phncdn.com/videos/201912/06/266676022/original/(m=eafTGgaaaa)(mh=KUxRy1zIzSgdRdcu)15.jpg;https://ci.phncdn.com/videos/201912/06/266676022/original/(m=eafTGgaaaa)(mh=KUxRy1zIzSgdRdcu)16.jpg"
"<iframe src=""https://es.pornhub.com/embed/ph5dc14085bcdca"" frameborder=""0"" width=""560"" height=""340"" scrolling=""no"" allowfullscreen></iframe>","https://es.pornhub.com/view_video.php?viewkey=ph5dc14085bcdca","Culos Grandes;Mamadas;Eyaculaciones;Sexo Duro;Estrellas Porno;Adolescentes;Tetas pequeñas;Popular entre mujeres;60FPS;Lamidas de Coño;Verdaderos Modelos;Fantasias  de Padrastro","0","Luke Longly","Busty Step Daughter Seduces Step Dad - Jazmin Grey","big;boobsbuttteenageryoungstep;fantasystep;daughterpawgstep;dadbig;titshd;pornexclusiveteenromanticpopular;with;womenpornstarverified;models","2466","Cory Chase;Jazmin Grey;Luke Longly;Melanie Hicks","https://ci.phncdn.com/videos/201911/05/259502542/original/(m=eafTGgaaaa)(mh=WSBaS9s0qsByGayI)2.jpg","https://ci.phncdn.com/videos/201911/05/259502542/original/(m=eafTGgaaaa)(mh=WSBaS9s0qsByGayI)1.jpg;https://ci.phncdn.com/videos/201911/05/259502542/original/(m=eafTGgaaaa)(mh=WSBaS9s0qsByGayI)2.jpg;https://ci.phncdn.com/videos/201911/05/259502542/original/(m=eafTGgaaaa)(mh=WSBaS9s0qsByGayI)3.jpg;https://ci.phncdn.com/videos/201911/05/259502542/original/(m=eafTGgaaaa)(mh=WSBaS9s0qsByGayI)4.jpg;https://ci.phncdn.com/videos/201911/05/259502542/original/(m=eafTGgaaaa)(mh=WSBaS9s0qsByGayI)5.jpg;https://ci.phncdn.com/videos/201911/05/259502542/original/(m=eafTGgaaaa)(mh=WSBaS9s0qsByGayI)6.jpg;https://ci.phncdn.com/videos/201911/05/259502542/original/(m=eafTGgaaaa)(mh=WSBaS9s0qsByGayI)7.jpg;https://ci.phncdn.com/videos/201911/05/259502542/original/(m=eafTGgaaaa)(mh=WSBaS9s0qsByGayI)8.jpg;https://ci.phncdn.com/videos/201911/05/259502542/original/(m=eafTGgaaaa)(mh=WSBaS9s0qsByGayI)9.jpg;https://ci.phncdn.com/videos/201911/05/259502542/original/(m=eafTGgaaaa)(mh=WSBaS9s0qsByGayI)10.jpg;https://ci.phncdn.com/videos/201911/05/259502542/original/(m=eafTGgaaaa)(mh=WSBaS9s0qsByGayI)11.jpg;https://ci.phncdn.com/videos/201911/05/259502542/original/(m=eafTGgaaaa)(mh=WSBaS9s0qsByGayI)12.jpg;https://ci.phncdn.com/videos/201911/05/259502542/original/(m=eafTGgaaaa)(mh=WSBaS9s0qsByGayI)13.jpg;https://ci.phncdn.com/videos/201911/05/259502542/original/(m=eafTGgaaaa)(mh=WSBaS9s0qsByGayI)14.jpg;https://ci.phncdn.com/videos/201911/05/259502542/original/(m=eafTGgaaaa)(mh=WSBaS9s0qsByGayI)15.jpg;https://ci.phncdn.com/videos/201911/05/259502542/original/(m=eafTGgaaaa)(mh=WSBaS9s0qsByGayI)16.jpg"
"<iframe src=""https://es.pornhub.com/embed/ph5df21c05793ae"" frameborder=""0"" width=""560"" height=""340"" scrolling=""no"" allowfullscreen></iframe>","https://es.pornhub.com/view_video.php?viewkey=ph5df21c05793ae","Babe;Vergas grandes;Tetas Grandes;Rubias;Mamadas;Eyaculaciones;MILF;Estrellas Porno;Verdaderos Modelos;Fantasias  de Padrastro","0","Cory Chase","Fucking My Hot Step Mom in her Ugly Christmas Sweater - Cory Chase","big;cockbig;dickblondestepmomstepmotherbig;boobstaboostep;fantasymilfcum;swallowchristmashd;pornexclusivepopular;with;womensantabig;titsfuckingpornstar","1078","Cory Chase;J-mac","https://ci.phncdn.com/videos/201912/12/268089322/thumbs_10/(m=eafTGgaaaa)(mh=e4vNl38sT70UzW3L)9.jpg","https://ci.phncdn.com/videos/201912/12/268089322/thumbs_10/(m=eafTGgaaaa)(mh=e4vNl38sT70UzW3L)1.jpg;https://ci.phncdn.com/videos/201912/12/268089322/thumbs_10/(m=eafTGgaaaa)(mh=e4vNl38sT70UzW3L)2.jpg;https://ci.phncdn.com/videos/201912/12/268089322/thumbs_10/(m=eafTGgaaaa)(mh=e4vNl38sT70UzW3L)3.jpg;https://ci.phncdn.com/videos/201912/12/268089322/thumbs_10/(m=eafTGgaaaa)(mh=e4vNl38sT70UzW3L)4.jpg;https://ci.phncdn.com/videos/201912/12/268089322/thumbs_10/(m=eafTGgaaaa)(mh=e4vNl38sT70UzW3L)5.jpg;https://ci.phncdn.com/videos/201912/12/268089322/thumbs_10/(m=eafTGgaaaa)(mh=e4vNl38sT70UzW3L)6.jpg;https://ci.phncdn.com/videos/201912/12/268089322/thumbs_10/(m=eafTGgaaaa)(mh=e4vNl38sT70UzW3L)7.jpg;https://ci.phncdn.com/videos/201912/12/268089322/thumbs_10/(m=eafTGgaaaa)(mh=e4vNl38sT70UzW3L)8.jpg;https://ci.phncdn.com/videos/201912/12/268089322/thumbs_10/(m=eafTGgaaaa)(mh=e4vNl38sT70UzW3L)9.jpg;https://ci.phncdn.com/videos/201912/12/268089322/thumbs_10/(m=eafTGgaaaa)(mh=e4vNl38sT70UzW3L)10.jpg;https://ci.phncdn.com/videos/201912/12/268089322/thumbs_10/(m=eafTGgaaaa)(mh=e4vNl38sT70UzW3L)11.jpg;https://ci.phncdn.com/videos/201912/12/268089322/thumbs_10/(m=eafTGgaaaa)(mh=e4vNl38sT70UzW3L)12.jpg;https://ci.phncdn.com/videos/201912/12/268089322/thumbs_10/(m=eafTGgaaaa)(mh=e4vNl38sT70UzW3L)13.jpg;https://ci.phncdn.com/videos/201912/12/268089322/thumbs_10/(m=eafTGgaaaa)(mh=e4vNl38sT70UzW3L)14.jpg;https://ci.phncdn.com/videos/201912/12/268089322/thumbs_10/(m=eafTGgaaaa)(mh=e4vNl38sT70UzW3L)15.jpg;https://ci.phncdn.com/videos/201912/12/268089322/thumbs_10/(m=eafTGgaaaa)(mh=e4vNl38sT70UzW3L)16.jpg"
"<iframe src=""https://es.pornhub.com/embed/ph5df0490d58157"" frameborder=""0"" width=""560"" height=""340"" scrolling=""no"" allowfullscreen></iframe>","https://es.pornhub.com/view_video.php?viewkey=ph5df0490d58157","Aficionado;Eyaculaciones;POV;Solitario;Exclusivo;Verdaderos Aficionados","0","Dirty Talking H","Watching Porn Dirty Talk Joi For Women Intense Cumshot","guy;watching;pornmoaning;guygroaning;guyintense;cumshotfor;womenjoi;for;womencum;with;mehardcorecum;on;selfsexy;accentamateurhomemademasturbatingjerkingoff","541","","https://ci.phncdn.com/videos/201912/11/267760252/original/(m=eafTGgaaaa)(mh=-Xbqhay6vhhE0Yg_)7.jpg","https://ci.phncdn.com/videos/201912/11/267760252/original/(m=eafTGgaaaa)(mh=-Xbqhay6vhhE0Yg_)1.jpg;https://ci.phncdn.com/videos/201912/11/267760252/original/(m=eafTGgaaaa)(mh=-Xbqhay6vhhE0Yg_)2.jpg;https://ci.phncdn.com/videos/201912/11/267760252/original/(m=eafTGgaaaa)(mh=-Xbqhay6vhhE0Yg_)3.jpg;https://ci.phncdn.com/videos/201912/11/267760252/original/(m=eafTGgaaaa)(mh=-Xbqhay6vhhE0Yg_)4.jpg;https://ci.phncdn.com/videos/201912/11/267760252/original/(m=eafTGgaaaa)(mh=-Xbqhay6vhhE0Yg_)5.jpg;https://ci.phncdn.com/videos/201912/11/267760252/original/(m=eafTGgaaaa)(mh=-Xbqhay6vhhE0Yg_)6.jpg;https://ci.phncdn.com/videos/201912/11/267760252/original/(m=eafTGgaaaa)(mh=-Xbqhay6vhhE0Yg_)7.jpg;https://ci.phncdn.com/videos/201912/11/267760252/original/(m=eafTGgaaaa)(mh=-Xbqhay6vhhE0Yg_)8.jpg;https://ci.phncdn.com/videos/201912/11/267760252/original/(m=eafTGgaaaa)(mh=-Xbqhay6vhhE0Yg_)9.jpg;https://ci.phncdn.com/videos/201912/11/267760252/original/(m=eafTGgaaaa)(mh=-Xbqhay6vhhE0Yg_)10.jpg;https://ci.phncdn.com/videos/201912/11/267760252/original/(m=eafTGgaaaa)(mh=-Xbqhay6vhhE0Yg_)11.jpg;https://ci.phncdn.com/videos/201912/11/267760252/original/(m=eafTGgaaaa)(mh=-Xbqhay6vhhE0Yg_)12.jpg;https://ci.phncdn.com/videos/201912/11/267760252/original/(m=eafTGgaaaa)(mh=-Xbqhay6vhhE0Yg_)13.jpg;https://ci.phncdn.com/videos/201912/11/267760252/original/(m=eafTGgaaaa)(mh=-Xbqhay6vhhE0Yg_)14.jpg;https://ci.phncdn.com/videos/201912/11/267760252/original/(m=eafTGgaaaa)(mh=-Xbqhay6vhhE0Yg_)15.jpg;https://ci.phncdn.com/videos/201912/11/267760252/original/(m=eafTGgaaaa)(mh=-Xbqhay6vhhE0Yg_)16.jpg"
"<iframe src=""https://es.pornhub.com/embed/ph5df7b342db712"" frameborder=""0"" width=""560"" height=""340"" scrolling=""no"" allowfullscreen></iframe>","https://es.pornhub.com/view_video.php?viewkey=ph5df7b342db712","Aficionado;Fetiches;Juegos de Rol;Solitario;60FPS;Verdaderos Aficionados;Orgasmo Femenino","0","feelgoodfilth","DDLG Roleplay: Daddy Marks You With His Cum (Erotic Audio for Women)","big;cockaudioaudiopornaudio;pornerotic;audioasmrmale;moaningloud;male;orgasmvocal;malevocal;guydirty;talkddlgdaddymarkingcum;swapeye;contact","610","","https://ci.phncdn.com/videos/201912/16/269104321/original/(m=eafTGgaaaa)(mh=qWA0NGEwMsgTc6Ox)14.jpg","https://ci.phncdn.com/videos/201912/16/269104321/original/(m=eafTGgaaaa)(mh=qWA0NGEwMsgTc6Ox)1.jpg;https://ci.phncdn.com/videos/201912/16/269104321/original/(m=eafTGgaaaa)(mh=qWA0NGEwMsgTc6Ox)2.jpg;https://ci.phncdn.com/videos/201912/16/269104321/original/(m=eafTGgaaaa)(mh=qWA0NGEwMsgTc6Ox)3.jpg;https://ci.phncdn.com/videos/201912/16/269104321/original/(m=eafTGgaaaa)(mh=qWA0NGEwMsgTc6Ox)4.jpg;https://ci.phncdn.com/videos/201912/16/269104321/original/(m=eafTGgaaaa)(mh=qWA0NGEwMsgTc6Ox)5.jpg;https://ci.phncdn.com/videos/201912/16/269104321/original/(m=eafTGgaaaa)(mh=qWA0NGEwMsgTc6Ox)6.jpg;https://ci.phncdn.com/videos/201912/16/269104321/original/(m=eafTGgaaaa)(mh=qWA0NGEwMsgTc6Ox)7.jpg;https://ci.phncdn.com/videos/201912/16/269104321/original/(m=eafTGgaaaa)(mh=qWA0NGEwMsgTc6Ox)8.jpg;https://ci.phncdn.com/videos/201912/16/269104321/original/(m=eafTGgaaaa)(mh=qWA0NGEwMsgTc6Ox)9.jpg;https://ci.phncdn.com/videos/201912/16/269104321/original/(m=eafTGgaaaa)(mh=qWA0NGEwMsgTc6Ox)10.jpg;https://ci.phncdn.com/videos/201912/16/269104321/original/(m=eafTGgaaaa)(mh=qWA0NGEwMsgTc6Ox)11.jpg;https://ci.phncdn.com/videos/201912/16/269104321/original/(m=eafTGgaaaa)(mh=qWA0NGEwMsgTc6Ox)12.jpg;https://ci.phncdn.com/videos/201912/16/269104321/original/(m=eafTGgaaaa)(mh=qWA0NGEwMsgTc6Ox)13.jpg;https://ci.phncdn.com/videos/201912/16/269104321/original/(m=eafTGgaaaa)(mh=qWA0NGEwMsgTc6Ox)14.jpg;https://ci.phncdn.com/videos/201912/16/269104321/original/(m=eafTGgaaaa)(mh=qWA0NGEwMsgTc6Ox)15.jpg;https://ci.phncdn.com/videos/201912/16/269104321/original/(m=eafTGgaaaa)(mh=qWA0NGEwMsgTc6Ox)16.jpg"
"<iframe src=""https://es.pornhub.com/embed/ph5d501035833ea"" frameborder=""0"" width=""560"" height=""340"" scrolling=""no"" allowfullscreen></iframe>","https://es.pornhub.com/view_video.php?viewkey=ph5d501035833ea","Culos Grandes;Rubias;Eyaculaciones;Fetiches;Sexo Duro;Estrellas Porno;Real;Adolescentes;Sexo Duro;Verdaderos Modelos;Fantasias  de Padrastro","0","Luke Longly","Maria Jade in Free Use StepDaughter","kinklatinaroughbuttteenageryoungtaboomilfbig;assstep;fantasypopular;with;womenexclusivedoggystyle3somemissionaryblonde","3081","Cory Chase;Luke Longly;Maria Jade","https://ci.phncdn.com/videos/201908/11/241049761/original/(m=eafTGgaaaa)(mh=anPaClVzRun9NdjY)16.jpg","https://ci.phncdn.com/videos/201908/11/241049761/original/(m=eafTGgaaaa)(mh=anPaClVzRun9NdjY)1.jpg;https://ci.phncdn.com/videos/201908/11/241049761/original/(m=eafTGgaaaa)(mh=anPaClVzRun9NdjY)2.jpg;https://ci.phncdn.com/videos/201908/11/241049761/original/(m=eafTGgaaaa)(mh=anPaClVzRun9NdjY)3.jpg;https://ci.phncdn.com/videos/201908/11/241049761/original/(m=eafTGgaaaa)(mh=anPaClVzRun9NdjY)4.jpg;https://ci.phncdn.com/videos/201908/11/241049761/original/(m=eafTGgaaaa)(mh=anPaClVzRun9NdjY)5.jpg;https://ci.phncdn.com/videos/201908/11/241049761/original/(m=eafTGgaaaa)(mh=anPaClVzRun9NdjY)6.jpg;https://ci.phncdn.com/videos/201908/11/241049761/original/(m=eafTGgaaaa)(mh=anPaClVzRun9NdjY)7.jpg;https://ci.phncdn.com/videos/201908/11/241049761/original/(m=eafTGgaaaa)(mh=anPaClVzRun9NdjY)8.jpg;https://ci.phncdn.com/videos/201908/11/241049761/original/(m=eafTGgaaaa)(mh=anPaClVzRun9NdjY)9.jpg;https://ci.phncdn.com/videos/201908/11/241049761/original/(m=eafTGgaaaa)(mh=anPaClVzRun9NdjY)10.jpg;https://ci.phncdn.com/videos/201908/11/241049761/original/(m=eafTGgaaaa)(mh=anPaClVzRun9NdjY)11.jpg;https://ci.phncdn.com/videos/201908/11/241049761/original/(m=eafTGgaaaa)(mh=anPaClVzRun9NdjY)12.jpg;https://ci.phncdn.com/videos/201908/11/241049761/original/(m=eafTGgaaaa)(mh=anPaClVzRun9NdjY)13.jpg;https://ci.phncdn.com/videos/201908/11/241049761/original/(m=eafTGgaaaa)(mh=anPaClVzRun9NdjY)14.jpg;https://ci.phncdn.com/videos/201908/11/241049761/original/(m=eafTGgaaaa)(mh=anPaClVzRun9NdjY)15.jpg;https://ci.phncdn.com/videos/201908/11/241049761/original/(m=eafTGgaaaa)(mh=anPaClVzRun9NdjY)16.jpg"
"<iframe src=""https://es.pornhub.com/embed/ph5df7694c8f08c"" frameborder=""0"" width=""560"" height=""340"" scrolling=""no"" allowfullscreen></iframe>","https://es.pornhub.com/view_video.php?viewkey=ph5df7694c8f08c","Morenas;Masturbación;MILF;Británicas;Solitaria","0","OlderWomanFun","British milf Cassie strips off and dildos her fanny","olderwomanfunbritish;milfbritish;maturebritish;momuk;milfcassie;clarkemilf;lingeriemature;lingeriemom;lingeriemilf;solomature;solomom;solomilf;pussymature;womenmature;pussyhot;milf","746","","https://ci.phncdn.com/videos/201912/16/269052961/original/(m=eafTGgaaaa)(mh=9RcX_FGsT_ea8Wvc)5.jpg","https://ci.phncdn.com/videos/201912/16/269052961/original/(m=eafTGgaaaa)(mh=9RcX_FGsT_ea8Wvc)1.jpg;https://ci.phncdn.com/videos/201912/16/269052961/original/(m=eafTGgaaaa)(mh=9RcX_FGsT_ea8Wvc)2.jpg;https://ci.phncdn.com/videos/201912/16/269052961/original/(m=eafTGgaaaa)(mh=9RcX_FGsT_ea8Wvc)3.jpg;https://ci.phncdn.com/videos/201912/16/269052961/original/(m=eafTGgaaaa)(mh=9RcX_FGsT_ea8Wvc)4.jpg;https://ci.phncdn.com/videos/201912/16/269052961/original/(m=eafTGgaaaa)(mh=9RcX_FGsT_ea8Wvc)5.jpg;https://ci.phncdn.com/videos/201912/16/269052961/original/(m=eafTGgaaaa)(mh=9RcX_FGsT_ea8Wvc)6.jpg;https://ci.phncdn.com/videos/201912/16/269052961/original/(m=eafTGgaaaa)(mh=9RcX_FGsT_ea8Wvc)7.jpg;https://ci.phncdn.com/videos/201912/16/269052961/original/(m=eafTGgaaaa)(mh=9RcX_FGsT_ea8Wvc)8.jpg;https://ci.phncdn.com/videos/201912/16/269052961/original/(m=eafTGgaaaa)(mh=9RcX_FGsT_ea8Wvc)9.jpg;https://ci.phncdn.com/videos/201912/16/269052961/original/(m=eafTGgaaaa)(mh=9RcX_FGsT_ea8Wvc)10.jpg;https://ci.phncdn.com/videos/201912/16/269052961/original/(m=eafTGgaaaa)(mh=9RcX_FGsT_ea8Wvc)11.jpg;https://ci.phncdn.com/videos/201912/16/269052961/original/(m=eafTGgaaaa)(mh=9RcX_FGsT_ea8Wvc)12.jpg;https://ci.phncdn.com/videos/201912/16/269052961/original/(m=eafTGgaaaa)(mh=9RcX_FGsT_ea8Wvc)13.jpg;https://ci.phncdn.com/videos/201912/16/269052961/original/(m=eafTGgaaaa)(mh=9RcX_FGsT_ea8Wvc)14.jpg;https://ci.phncdn.com/videos/201912/16/269052961/original/(m=eafTGgaaaa)(mh=9RcX_FGsT_ea8Wvc)15.jpg;https://ci.phncdn.com/videos/201912/16/269052961/original/(m=eafTGgaaaa)(mh=9RcX_FGsT_ea8Wvc)16.jpg"
"<iframe src=""https://es.pornhub.com/embed/ph5de6b7839ee9a"" frameborder=""0"" width=""560"" height=""340"" scrolling=""no"" allowfullscreen></iframe>","https://es.pornhub.com/view_video.php?viewkey=ph5de6b7839ee9a","Aficionado;Babe;Morenas;Juguetes;60FPS;Exclusivo;Verdaderos Aficionados;Solitaria;Orgasmo Femenino","0","lizashultz","No time to explain just fuck me rudely.","masturbateadult;toysriding;dildotight;pussyliza;shultzlizashultzsolo;girldildo;masturbationbuttasscowgirlorgasmhot;sexy;naked;womenamateur;teendildoridereverse;cowgirl","629","","https://ci.phncdn.com/videos/201912/03/266030202/thumbs_4/(m=eafTGgaaaa)(mh=VkjEiXtOAOOxX-dJ)4.jpg","https://ci.phncdn.com/videos/201912/03/266030202/thumbs_4/(m=eafTGgaaaa)(mh=VkjEiXtOAOOxX-dJ)1.jpg;https://ci.phncdn.com/videos/201912/03/266030202/thumbs_4/(m=eafTGgaaaa)(mh=VkjEiXtOAOOxX-dJ)2.jpg;https://ci.phncdn.com/videos/201912/03/266030202/thumbs_4/(m=eafTGgaaaa)(mh=VkjEiXtOAOOxX-dJ)3.jpg;https://ci.phncdn.com/videos/201912/03/266030202/thumbs_4/(m=eafTGgaaaa)(mh=VkjEiXtOAOOxX-dJ)4.jpg;https://ci.phncdn.com/videos/201912/03/266030202/thumbs_4/(m=eafTGgaaaa)(mh=VkjEiXtOAOOxX-dJ)5.jpg;https://ci.phncdn.com/videos/201912/03/266030202/thumbs_4/(m=eafTGgaaaa)(mh=VkjEiXtOAOOxX-dJ)6.jpg;https://ci.phncdn.com/videos/201912/03/266030202/thumbs_4/(m=eafTGgaaaa)(mh=VkjEiXtOAOOxX-dJ)7.jpg;https://ci.phncdn.com/videos/201912/03/266030202/thumbs_4/(m=eafTGgaaaa)(mh=VkjEiXtOAOOxX-dJ)8.jpg;https://ci.phncdn.com/videos/201912/03/266030202/thumbs_4/(m=eafTGgaaaa)(mh=VkjEiXtOAOOxX-dJ)9.jpg;https://ci.phncdn.com/videos/201912/03/266030202/thumbs_4/(m=eafTGgaaaa)(mh=VkjEiXtOAOOxX-dJ)10.jpg;https://ci.phncdn.com/videos/201912/03/266030202/thumbs_4/(m=eafTGgaaaa)(mh=VkjEiXtOAOOxX-dJ)11.jpg;https://ci.phncdn.com/videos/201912/03/266030202/thumbs_4/(m=eafTGgaaaa)(mh=VkjEiXtOAOOxX-dJ)12.jpg;https://ci.phncdn.com/videos/201912/03/266030202/thumbs_4/(m=eafTGgaaaa)(mh=VkjEiXtOAOOxX-dJ)13.jpg;https://ci.phncdn.com/videos/201912/03/266030202/thumbs_4/(m=eafTGgaaaa)(mh=VkjEiXtOAOOxX-dJ)14.jpg;https://ci.phncdn.com/videos/201912/03/266030202/thumbs_4/(m=eafTGgaaaa)(mh=VkjEiXtOAOOxX-dJ)15.jpg;https://ci.phncdn.com/videos/201912/03/266030202/thumbs_4/(m=eafTGgaaaa)(mh=VkjEiXtOAOOxX-dJ)16.jpg"
"<iframe src=""https://es.pornhub.com/embed/ph5e055c30d1e66"" frameborder=""0"" width=""560"" height=""340"" scrolling=""no"" allowfullscreen></iframe>","https://es.pornhub.com/view_video.php?viewkey=ph5e055c30d1e66","Vergas grandes;Rubias;Morenas;Masturbación;Adolescentes;Británicas","0","purecfnm","Cfnm babes dominate masturbating loser","purecfnmmasturbatevoyeurcfnmbritishfemdomeuroenglishdominationjoijerkoffinstructionsinstructionshumiliationfor;womenwanking","300","","https://ci.phncdn.com/videos/201912/27/271586301/original/(m=eafTGgaaaa)(mh=XW2YgzkVnnvTTviQ)13.jpg","https://ci.phncdn.com/videos/201912/27/271586301/original/(m=eafTGgaaaa)(mh=XW2YgzkVnnvTTviQ)1.jpg;https://ci.phncdn.com/videos/201912/27/271586301/original/(m=eafTGgaaaa)(mh=XW2YgzkVnnvTTviQ)2.jpg;https://ci.phncdn.com/videos/201912/27/271586301/original/(m=eafTGgaaaa)(mh=XW2YgzkVnnvTTviQ)3.jpg;https://ci.phncdn.com/videos/201912/27/271586301/original/(m=eafTGgaaaa)(mh=XW2YgzkVnnvTTviQ)4.jpg;https://ci.phncdn.com/videos/201912/27/271586301/original/(m=eafTGgaaaa)(mh=XW2YgzkVnnvTTviQ)5.jpg;https://ci.phncdn.com/videos/201912/27/271586301/original/(m=eafTGgaaaa)(mh=XW2YgzkVnnvTTviQ)6.jpg;https://ci.phncdn.com/videos/201912/27/271586301/original/(m=eafTGgaaaa)(mh=XW2YgzkVnnvTTviQ)7.jpg;https://ci.phncdn.com/videos/201912/27/271586301/original/(m=eafTGgaaaa)(mh=XW2YgzkVnnvTTviQ)8.jpg;https://ci.phncdn.com/videos/201912/27/271586301/original/(m=eafTGgaaaa)(mh=XW2YgzkVnnvTTviQ)9.jpg;https://ci.phncdn.com/videos/201912/27/271586301/original/(m=eafTGgaaaa)(mh=XW2YgzkVnnvTTviQ)10.jpg;https://ci.phncdn.com/videos/201912/27/271586301/original/(m=eafTGgaaaa)(mh=XW2YgzkVnnvTTviQ)11.jpg;https://ci.phncdn.com/videos/201912/27/271586301/original/(m=eafTGgaaaa)(mh=XW2YgzkVnnvTTviQ)12.jpg;https://ci.phncdn.com/videos/201912/27/271586301/original/(m=eafTGgaaaa)(mh=XW2YgzkVnnvTTviQ)13.jpg;https://ci.phncdn.com/videos/201912/27/271586301/original/(m=eafTGgaaaa)(mh=XW2YgzkVnnvTTviQ)14.jpg;https://ci.phncdn.com/videos/201912/27/271586301/original/(m=eafTGgaaaa)(mh=XW2YgzkVnnvTTviQ)15.jpg;https://ci.phncdn.com/videos/201912/27/271586301/original/(m=eafTGgaaaa)(mh=XW2YgzkVnnvTTviQ)16.jpg"
"<iframe src=""https://es.pornhub.com/embed/ph5df4c2c47ff0c"" frameborder=""0"" width=""560"" height=""340"" scrolling=""no"" allowfullscreen></iframe>","https://es.pornhub.com/view_video.php?viewkey=ph5df4c2c47ff0c","Aficionado;Vergas grandes;Morenas;Pajas;Masturbación;Solitario;Exclusivo;Verdaderos Aficionados;Musculosos","0","Pedro Mendez","Amateur solo make edging his big cock","solo;malebig;dickstroking;cocksix;packhunkmoaningedgingsexywomen;friendlyfitjerking;offwankmasturbationsolo","839","","https://ci.phncdn.com/videos/201912/14/268569352/original/(m=eafTGgaaaa)(mh=AZVqTwSjQ4CBceDI)6.jpg","https://ci.phncdn.com/videos/201912/14/268569352/original/(m=eafTGgaaaa)(mh=AZVqTwSjQ4CBceDI)1.jpg;https://ci.phncdn.com/videos/201912/14/268569352/original/(m=eafTGgaaaa)(mh=AZVqTwSjQ4CBceDI)2.jpg;https://ci.phncdn.com/videos/201912/14/268569352/original/(m=eafTGgaaaa)(mh=AZVqTwSjQ4CBceDI)3.jpg;https://ci.phncdn.com/videos/201912/14/268569352/original/(m=eafTGgaaaa)(mh=AZVqTwSjQ4CBceDI)4.jpg;https://ci.phncdn.com/videos/201912/14/268569352/original/(m=eafTGgaaaa)(mh=AZVqTwSjQ4CBceDI)5.jpg;https://ci.phncdn.com/videos/201912/14/268569352/original/(m=eafTGgaaaa)(mh=AZVqTwSjQ4CBceDI)6.jpg;https://ci.phncdn.com/videos/201912/14/268569352/original/(m=eafTGgaaaa)(mh=AZVqTwSjQ4CBceDI)7.jpg;https://ci.phncdn.com/videos/201912/14/268569352/original/(m=eafTGgaaaa)(mh=AZVqTwSjQ4CBceDI)8.jpg;https://ci.phncdn.com/videos/201912/14/268569352/original/(m=eafTGgaaaa)(mh=AZVqTwSjQ4CBceDI)9.jpg;https://ci.phncdn.com/videos/201912/14/268569352/original/(m=eafTGgaaaa)(mh=AZVqTwSjQ4CBceDI)10.jpg;https://ci.phncdn.com/videos/201912/14/268569352/original/(m=eafTGgaaaa)(mh=AZVqTwSjQ4CBceDI)11.jpg;https://ci.phncdn.com/videos/201912/14/268569352/original/(m=eafTGgaaaa)(mh=AZVqTwSjQ4CBceDI)12.jpg;https://ci.phncdn.com/videos/201912/14/268569352/original/(m=eafTGgaaaa)(mh=AZVqTwSjQ4CBceDI)13.jpg;https://ci.phncdn.com/videos/201912/14/268569352/original/(m=eafTGgaaaa)(mh=AZVqTwSjQ4CBceDI)14.jpg;https://ci.phncdn.com/videos/201912/14/268569352/original/(m=eafTGgaaaa)(mh=AZVqTwSjQ4CBceDI)15.jpg;https://ci.phncdn.com/videos/201912/14/268569352/original/(m=eafTGgaaaa)(mh=AZVqTwSjQ4CBceDI)16.jpg"
"<iframe src=""https://es.pornhub.com/embed/ph5917dfe3c898b"" frameborder=""0"" width=""560"" height=""340"" scrolling=""no"" allowfullscreen></iframe>","https://es.pornhub.com/view_video.php?viewkey=ph5917dfe3c898b","Asiáticas;Vergas grandes;Fetiches;Sexo Duro;Recopilación;Tetas pequeñas;Japonésas","0","bitterpill","Asian Women Are Changing!","sissyjapanesekoreanchinesefemdommistressdominatrixfeminizationcuckoldsissiesladyboynewhalffaggotcreampiecleanupchastity","346","","https://ci.phncdn.com/videos/201705/14/116400021/original/(m=eafTGgaaaa)(mh=C1fEbQDV4_YGiDNd)8.jpg","https://ci.phncdn.com/videos/201705/14/116400021/original/(m=eafTGgaaaa)(mh=C1fEbQDV4_YGiDNd)1.jpg;https://ci.phncdn.com/videos/201705/14/116400021/original/(m=eafTGgaaaa)(mh=C1fEbQDV4_YGiDNd)2.jpg;https://ci.phncdn.com/videos/201705/14/116400021/original/(m=eafTGgaaaa)(mh=C1fEbQDV4_YGiDNd)3.jpg;https://ci.phncdn.com/videos/201705/14/116400021/original/(m=eafTGgaaaa)(mh=C1fEbQDV4_YGiDNd)4.jpg;https://ci.phncdn.com/videos/201705/14/116400021/original/(m=eafTGgaaaa)(mh=C1fEbQDV4_YGiDNd)5.jpg;https://ci.phncdn.com/videos/201705/14/116400021/original/(m=eafTGgaaaa)(mh=C1fEbQDV4_YGiDNd)6.jpg;https://ci.phncdn.com/videos/201705/14/116400021/original/(m=eafTGgaaaa)(mh=C1fEbQDV4_YGiDNd)7.jpg;https://ci.phncdn.com/videos/201705/14/116400021/original/(m=eafTGgaaaa)(mh=C1fEbQDV4_YGiDNd)8.jpg;https://ci.phncdn.com/videos/201705/14/116400021/original/(m=eafTGgaaaa)(mh=C1fEbQDV4_YGiDNd)9.jpg;https://ci.phncdn.com/videos/201705/14/116400021/original/(m=eafTGgaaaa)(mh=C1fEbQDV4_YGiDNd)10.jpg;https://ci.phncdn.com/videos/201705/14/116400021/original/(m=eafTGgaaaa)(mh=C1fEbQDV4_YGiDNd)11.jpg;https://ci.phncdn.com/videos/201705/14/116400021/original/(m=eafTGgaaaa)(mh=C1fEbQDV4_YGiDNd)12.jpg;https://ci.phncdn.com/videos/201705/14/116400021/original/(m=eafTGgaaaa)(mh=C1fEbQDV4_YGiDNd)13.jpg;https://ci.phncdn.com/videos/201705/14/116400021/original/(m=eafTGgaaaa)(mh=C1fEbQDV4_YGiDNd)14.jpg;https://ci.phncdn.com/videos/201705/14/116400021/original/(m=eafTGgaaaa)(mh=C1fEbQDV4_YGiDNd)15.jpg;https://ci.phncdn.com/videos/201705/14/116400021/original/(m=eafTGgaaaa)(mh=C1fEbQDV4_YGiDNd)16.jpg"
"<iframe src=""https://es.pornhub.com/embed/ph5db70683660d9"" frameborder=""0"" width=""560"" height=""340"" scrolling=""no"" allowfullscreen></iframe>","https://es.pornhub.com/view_video.php?viewkey=ph5db70683660d9","Vergas grandes;Tetas Grandes;Rubias;Mamadas;Eyaculaciones;MILF;Estrellas Porno;Verdaderos Modelos;Fantasias  de Padrastro;Romance","0","Cory Chase","Step Mom with Big Tits Craves Big Young Step Son Cock - Cory Chase","big;boobsblondebig;cockstepmomstepmotherbig;titsexclusivejerky;wiveshd;pornpovpopular;with;womenpornstarstep;fantasybabemilfmissionarydoggystyle","877","Cory Chase;Johnny The Kid","https://ci.phncdn.com/videos/201910/28/257803951/thumbs_5/(m=eafTGgaaaa)(mh=fq6bSEyCsw-emP8U)16.jpg","https://ci.phncdn.com/videos/201910/28/257803951/thumbs_5/(m=eafTGgaaaa)(mh=fq6bSEyCsw-emP8U)1.jpg;https://ci.phncdn.com/videos/201910/28/257803951/thumbs_5/(m=eafTGgaaaa)(mh=fq6bSEyCsw-emP8U)2.jpg;https://ci.phncdn.com/videos/201910/28/257803951/thumbs_5/(m=eafTGgaaaa)(mh=fq6bSEyCsw-emP8U)3.jpg;https://ci.phncdn.com/videos/201910/28/257803951/thumbs_5/(m=eafTGgaaaa)(mh=fq6bSEyCsw-emP8U)4.jpg;https://ci.phncdn.com/videos/201910/28/257803951/thumbs_5/(m=eafTGgaaaa)(mh=fq6bSEyCsw-emP8U)5.jpg;https://ci.phncdn.com/videos/201910/28/257803951/thumbs_5/(m=eafTGgaaaa)(mh=fq6bSEyCsw-emP8U)6.jpg;https://ci.phncdn.com/videos/201910/28/257803951/thumbs_5/(m=eafTGgaaaa)(mh=fq6bSEyCsw-emP8U)7.jpg;https://ci.phncdn.com/videos/201910/28/257803951/thumbs_5/(m=eafTGgaaaa)(mh=fq6bSEyCsw-emP8U)8.jpg;https://ci.phncdn.com/videos/201910/28/257803951/thumbs_5/(m=eafTGgaaaa)(mh=fq6bSEyCsw-emP8U)9.jpg;https://ci.phncdn.com/videos/201910/28/257803951/thumbs_5/(m=eafTGgaaaa)(mh=fq6bSEyCsw-emP8U)10.jpg;https://ci.phncdn.com/videos/201910/28/257803951/thumbs_5/(m=eafTGgaaaa)(mh=fq6bSEyCsw-emP8U)11.jpg;https://ci.phncdn.com/videos/201910/28/257803951/thumbs_5/(m=eafTGgaaaa)(mh=fq6bSEyCsw-emP8U)12.jpg;https://ci.phncdn.com/videos/201910/28/257803951/thumbs_5/(m=eafTGgaaaa)(mh=fq6bSEyCsw-emP8U)13.jpg;https://ci.phncdn.com/videos/201910/28/257803951/thumbs_5/(m=eafTGgaaaa)(mh=fq6bSEyCsw-emP8U)14.jpg;https://ci.phncdn.com/videos/201910/28/257803951/thumbs_5/(m=eafTGgaaaa)(mh=fq6bSEyCsw-emP8U)15.jpg;https://ci.phncdn.com/videos/201910/28/257803951/thumbs_5/(m=eafTGgaaaa)(mh=fq6bSEyCsw-emP8U)16.jpg"
"<iframe src=""https://es.pornhub.com/embed/ph5d7d495938cf4"" frameborder=""0"" width=""560"" height=""340"" scrolling=""no"" allowfullscreen></iframe>","https://es.pornhub.com/view_video.php?viewkey=ph5d7d495938cf4","Culos Grandes;Tetas Grandes;Morenas;MILF;Real;Fiestas;Detrás De Cámaras;Mujeres Tatuadas","0","leonstv","Private phone features in the porn pause Up her Skirt Direct Pussy close up","leonstvmommotherbuttbig;boobsbrunettepussytight;pussybig;pussy;lipssexy;pussyprivate;phoneprivate;photoshootpornohubporn;womengirls;do;pornfunny;porn;fails","314","","https://ci.phncdn.com/videos/201909/14/248428021/original/(m=eafTGgaaaa)(mh=oddsdE-Npv4TqCn8)10.jpg","https://ci.phncdn.com/videos/201909/14/248428021/original/(m=eafTGgaaaa)(mh=oddsdE-Npv4TqCn8)1.jpg;https://ci.phncdn.com/videos/201909/14/248428021/original/(m=eafTGgaaaa)(mh=oddsdE-Npv4TqCn8)2.jpg;https://ci.phncdn.com/videos/201909/14/248428021/original/(m=eafTGgaaaa)(mh=oddsdE-Npv4TqCn8)3.jpg;https://ci.phncdn.com/videos/201909/14/248428021/original/(m=eafTGgaaaa)(mh=oddsdE-Npv4TqCn8)4.jpg;https://ci.phncdn.com/videos/201909/14/248428021/original/(m=eafTGgaaaa)(mh=oddsdE-Npv4TqCn8)5.jpg;https://ci.phncdn.com/videos/201909/14/248428021/original/(m=eafTGgaaaa)(mh=oddsdE-Npv4TqCn8)6.jpg;https://ci.phncdn.com/videos/201909/14/248428021/original/(m=eafTGgaaaa)(mh=oddsdE-Npv4TqCn8)7.jpg;https://ci.phncdn.com/videos/201909/14/248428021/original/(m=eafTGgaaaa)(mh=oddsdE-Npv4TqCn8)8.jpg;https://ci.phncdn.com/videos/201909/14/248428021/original/(m=eafTGgaaaa)(mh=oddsdE-Npv4TqCn8)9.jpg;https://ci.phncdn.com/videos/201909/14/248428021/original/(m=eafTGgaaaa)(mh=oddsdE-Npv4TqCn8)10.jpg;https://ci.phncdn.com/videos/201909/14/248428021/original/(m=eafTGgaaaa)(mh=oddsdE-Npv4TqCn8)11.jpg;https://ci.phncdn.com/videos/201909/14/248428021/original/(m=eafTGgaaaa)(mh=oddsdE-Npv4TqCn8)12.jpg;https://ci.phncdn.com/videos/201909/14/248428021/original/(m=eafTGgaaaa)(mh=oddsdE-Npv4TqCn8)13.jpg;https://ci.phncdn.com/videos/201909/14/248428021/original/(m=eafTGgaaaa)(mh=oddsdE-Npv4TqCn8)14.jpg;https://ci.phncdn.com/videos/201909/14/248428021/original/(m=eafTGgaaaa)(mh=oddsdE-Npv4TqCn8)15.jpg;https://ci.phncdn.com/videos/201909/14/248428021/original/(m=eafTGgaaaa)(mh=oddsdE-Npv4TqCn8)16.jpg"
"<iframe src=""https://es.pornhub.com/embed/ph5e03c80329607"" frameborder=""0"" width=""560"" height=""340"" scrolling=""no"" allowfullscreen></iframe>","https://es.pornhub.com/view_video.php?viewkey=ph5e03c80329607","Vergas grandes;Morenas;Mamadas;Interracial;Anal;Tetas pequeñas;Transgénero","0","MileHigh","Transsensual - Trans women cums on herself","transsensualass;fuckpetitebig;cockporhubpornohubmgvideostransgenderts;seductiontranssexualtranshunkanalinterracialdoggystylemissionary","720","","https://ci.phncdn.com/videos/201912/25/271297571/original/(m=eafTGgaaaa)(mh=saHoTCbE2e_TxPYW)16.jpg","https://ci.phncdn.com/videos/201912/25/271297571/original/(m=eafTGgaaaa)(mh=saHoTCbE2e_TxPYW)1.jpg;https://ci.phncdn.com/videos/201912/25/271297571/original/(m=eafTGgaaaa)(mh=saHoTCbE2e_TxPYW)2.jpg;https://ci.phncdn.com/videos/201912/25/271297571/original/(m=eafTGgaaaa)(mh=saHoTCbE2e_TxPYW)3.jpg;https://ci.phncdn.com/videos/201912/25/271297571/original/(m=eafTGgaaaa)(mh=saHoTCbE2e_TxPYW)4.jpg;https://ci.phncdn.com/videos/201912/25/271297571/original/(m=eafTGgaaaa)(mh=saHoTCbE2e_TxPYW)5.jpg;https://ci.phncdn.com/videos/201912/25/271297571/original/(m=eafTGgaaaa)(mh=saHoTCbE2e_TxPYW)6.jpg;https://ci.phncdn.com/videos/201912/25/271297571/original/(m=eafTGgaaaa)(mh=saHoTCbE2e_TxPYW)7.jpg;https://ci.phncdn.com/videos/201912/25/271297571/original/(m=eafTGgaaaa)(mh=saHoTCbE2e_TxPYW)8.jpg;https://ci.phncdn.com/videos/201912/25/271297571/original/(m=eafTGgaaaa)(mh=saHoTCbE2e_TxPYW)9.jpg;https://ci.phncdn.com/videos/201912/25/271297571/original/(m=eafTGgaaaa)(mh=saHoTCbE2e_TxPYW)10.jpg;https://ci.phncdn.com/videos/201912/25/271297571/original/(m=eafTGgaaaa)(mh=saHoTCbE2e_TxPYW)11.jpg;https://ci.phncdn.com/videos/201912/25/271297571/original/(m=eafTGgaaaa)(mh=saHoTCbE2e_TxPYW)12.jpg;https://ci.phncdn.com/videos/201912/25/271297571/original/(m=eafTGgaaaa)(mh=saHoTCbE2e_TxPYW)13.jpg;https://ci.phncdn.com/videos/201912/25/271297571/original/(m=eafTGgaaaa)(mh=saHoTCbE2e_TxPYW)14.jpg;https://ci.phncdn.com/videos/201912/25/271297571/original/(m=eafTGgaaaa)(mh=saHoTCbE2e_TxPYW)15.jpg;https://ci.phncdn.com/videos/201912/25/271297571/original/(m=eafTGgaaaa)(mh=saHoTCbE2e_TxPYW)16.jpg"
"<iframe src=""https://es.pornhub.com/embed/ph5db11dea72ce0"" frameborder=""0"" width=""560"" height=""340"" scrolling=""no"" allowfullscreen></iframe>","https://es.pornhub.com/view_video.php?viewkey=ph5db11dea72ce0","Asiáticas;Sexo Duro;POV;Fiestas;Audiciones;Música;Jovencitas/Viejos;Parodia","0","THAI_WHORES","Pervert bar manager casting couch with young Thai women","gogobarauditionsthaithailandcreampiebangkokauditioncasting;couchtittiporngogo;barpattayabargirlcream;pieasiancreampieinasiadiary","623","","https://ci.phncdn.com/videos/201910/24/256852941/original/(m=eafTGgaaaa)(mh=RMyxMK1YWyP20M46)16.jpg","https://ci.phncdn.com/videos/201910/24/256852941/original/(m=eafTGgaaaa)(mh=RMyxMK1YWyP20M46)1.jpg;https://ci.phncdn.com/videos/201910/24/256852941/original/(m=eafTGgaaaa)(mh=RMyxMK1YWyP20M46)2.jpg;https://ci.phncdn.com/videos/201910/24/256852941/original/(m=eafTGgaaaa)(mh=RMyxMK1YWyP20M46)3.jpg;https://ci.phncdn.com/videos/201910/24/256852941/original/(m=eafTGgaaaa)(mh=RMyxMK1YWyP20M46)4.jpg;https://ci.phncdn.com/videos/201910/24/256852941/original/(m=eafTGgaaaa)(mh=RMyxMK1YWyP20M46)5.jpg;https://ci.phncdn.com/videos/201910/24/256852941/original/(m=eafTGgaaaa)(mh=RMyxMK1YWyP20M46)6.jpg;https://ci.phncdn.com/videos/201910/24/256852941/original/(m=eafTGgaaaa)(mh=RMyxMK1YWyP20M46)7.jpg;https://ci.phncdn.com/videos/201910/24/256852941/original/(m=eafTGgaaaa)(mh=RMyxMK1YWyP20M46)8.jpg;https://ci.phncdn.com/videos/201910/24/256852941/original/(m=eafTGgaaaa)(mh=RMyxMK1YWyP20M46)9.jpg;https://ci.phncdn.com/videos/201910/24/256852941/original/(m=eafTGgaaaa)(mh=RMyxMK1YWyP20M46)10.jpg;https://ci.phncdn.com/videos/201910/24/256852941/original/(m=eafTGgaaaa)(mh=RMyxMK1YWyP20M46)11.jpg;https://ci.phncdn.com/videos/201910/24/256852941/original/(m=eafTGgaaaa)(mh=RMyxMK1YWyP20M46)12.jpg;https://ci.phncdn.com/videos/201910/24/256852941/original/(m=eafTGgaaaa)(mh=RMyxMK1YWyP20M46)13.jpg;https://ci.phncdn.com/videos/201910/24/256852941/original/(m=eafTGgaaaa)(mh=RMyxMK1YWyP20M46)14.jpg;https://ci.phncdn.com/videos/201910/24/256852941/original/(m=eafTGgaaaa)(mh=RMyxMK1YWyP20M46)15.jpg;https://ci.phncdn.com/videos/201910/24/256852941/original/(m=eafTGgaaaa)(mh=RMyxMK1YWyP20M46)16.jpg"
"<iframe src=""https://es.pornhub.com/embed/ph5dd8df0cc5065"" frameborder=""0"" width=""560"" height=""340"" scrolling=""no"" allowfullscreen></iframe>","https://es.pornhub.com/view_video.php?viewkey=ph5dd8df0cc5065","Aficionado;Culos Grandes;Tetas Grandes;Fetiches;Lesbianas;Adolescentes;Mujeres Tatuadas","0","mytinydick","Busty Redhead Challenge to Fit Blonde Mistakes Were Made","lostbetsgamesamateurslesbianbabesstrip;gamestripteaseeroticfunnytattooed;womengamestrippingbigassbigtits","515","","https://ci.phncdn.com/videos/201911/23/263593092/original/(m=eafTGgaaaa)(mh=4B7oIszmJhnH4oCM)3.jpg","https://ci.phncdn.com/videos/201911/23/263593092/original/(m=eafTGgaaaa)(mh=4B7oIszmJhnH4oCM)1.jpg;https://ci.phncdn.com/videos/201911/23/263593092/original/(m=eafTGgaaaa)(mh=4B7oIszmJhnH4oCM)2.jpg;https://ci.phncdn.com/videos/201911/23/263593092/original/(m=eafTGgaaaa)(mh=4B7oIszmJhnH4oCM)3.jpg;https://ci.phncdn.com/videos/201911/23/263593092/original/(m=eafTGgaaaa)(mh=4B7oIszmJhnH4oCM)4.jpg;https://ci.phncdn.com/videos/201911/23/263593092/original/(m=eafTGgaaaa)(mh=4B7oIszmJhnH4oCM)5.jpg;https://ci.phncdn.com/videos/201911/23/263593092/original/(m=eafTGgaaaa)(mh=4B7oIszmJhnH4oCM)6.jpg;https://ci.phncdn.com/videos/201911/23/263593092/original/(m=eafTGgaaaa)(mh=4B7oIszmJhnH4oCM)7.jpg;https://ci.phncdn.com/videos/201911/23/263593092/original/(m=eafTGgaaaa)(mh=4B7oIszmJhnH4oCM)8.jpg;https://ci.phncdn.com/videos/201911/23/263593092/original/(m=eafTGgaaaa)(mh=4B7oIszmJhnH4oCM)9.jpg;https://ci.phncdn.com/videos/201911/23/263593092/original/(m=eafTGgaaaa)(mh=4B7oIszmJhnH4oCM)10.jpg;https://ci.phncdn.com/videos/201911/23/263593092/original/(m=eafTGgaaaa)(mh=4B7oIszmJhnH4oCM)11.jpg;https://ci.phncdn.com/videos/201911/23/263593092/original/(m=eafTGgaaaa)(mh=4B7oIszmJhnH4oCM)12.jpg;https://ci.phncdn.com/videos/201911/23/263593092/original/(m=eafTGgaaaa)(mh=4B7oIszmJhnH4oCM)13.jpg;https://ci.phncdn.com/videos/201911/23/263593092/original/(m=eafTGgaaaa)(mh=4B7oIszmJhnH4oCM)14.jpg;https://ci.phncdn.com/videos/201911/23/263593092/original/(m=eafTGgaaaa)(mh=4B7oIszmJhnH4oCM)15.jpg;https://ci.phncdn.com/videos/201911/23/263593092/original/(m=eafTGgaaaa)(mh=4B7oIszmJhnH4oCM)16.jpg"
"<iframe src=""https://es.pornhub.com/embed/ph5b5cad4319153"" frameborder=""0"" width=""560"" height=""340"" scrolling=""no"" allowfullscreen></iframe>","https://es.pornhub.com/view_video.php?viewkey=ph5b5cad4319153","Tetas Grandes;Rubias;Morenas;Fisting;Interracial;Lesbianas;MILF;Estrellas Porno","0","SexyHub","MOM Black babe gives Milf deep fisting","momxxxmommotheroldmilfmatureolder;womenromanticorgasmsfemale;friendlyfemale;orgasmsnaturaloral;sexsensualbig;titsfisting","778","Isabella Chrystin","https://ci.phncdn.com/videos/201807/28/176371711/original/(m=eafTGgaaaa)(mh=CmKKe9Ui19StPAhM)16.jpg","https://ci.phncdn.com/videos/201807/28/176371711/original/(m=eafTGgaaaa)(mh=CmKKe9Ui19StPAhM)1.jpg;https://ci.phncdn.com/videos/201807/28/176371711/original/(m=eafTGgaaaa)(mh=CmKKe9Ui19StPAhM)2.jpg;https://ci.phncdn.com/videos/201807/28/176371711/original/(m=eafTGgaaaa)(mh=CmKKe9Ui19StPAhM)3.jpg;https://ci.phncdn.com/videos/201807/28/176371711/original/(m=eafTGgaaaa)(mh=CmKKe9Ui19StPAhM)4.jpg;https://ci.phncdn.com/videos/201807/28/176371711/original/(m=eafTGgaaaa)(mh=CmKKe9Ui19StPAhM)5.jpg;https://ci.phncdn.com/videos/201807/28/176371711/original/(m=eafTGgaaaa)(mh=CmKKe9Ui19StPAhM)6.jpg;https://ci.phncdn.com/videos/201807/28/176371711/original/(m=eafTGgaaaa)(mh=CmKKe9Ui19StPAhM)7.jpg;https://ci.phncdn.com/videos/201807/28/176371711/original/(m=eafTGgaaaa)(mh=CmKKe9Ui19StPAhM)8.jpg;https://ci.phncdn.com/videos/201807/28/176371711/original/(m=eafTGgaaaa)(mh=CmKKe9Ui19StPAhM)9.jpg;https://ci.phncdn.com/videos/201807/28/176371711/original/(m=eafTGgaaaa)(mh=CmKKe9Ui19StPAhM)10.jpg;https://ci.phncdn.com/videos/201807/28/176371711/original/(m=eafTGgaaaa)(mh=CmKKe9Ui19StPAhM)11.jpg;https://ci.phncdn.com/videos/201807/28/176371711/original/(m=eafTGgaaaa)(mh=CmKKe9Ui19StPAhM)12.jpg;https://ci.phncdn.com/videos/201807/28/176371711/original/(m=eafTGgaaaa)(mh=CmKKe9Ui19StPAhM)13.jpg;https://ci.phncdn.com/videos/201807/28/176371711/original/(m=eafTGgaaaa)(mh=CmKKe9Ui19StPAhM)14.jpg;https://ci.phncdn.com/videos/201807/28/176371711/original/(m=eafTGgaaaa)(mh=CmKKe9Ui19StPAhM)15.jpg;https://ci.phncdn.com/videos/201807/28/176371711/original/(m=eafTGgaaaa)(mh=CmKKe9Ui19StPAhM)16.jpg"
"<iframe src=""https://es.pornhub.com/embed/ph5df7d07201c7a"" frameborder=""0"" width=""560"" height=""340"" scrolling=""no"" allowfullscreen></iframe>","https://es.pornhub.com/view_video.php?viewkey=ph5df7d07201c7a","Aficionado;Fetiches;Sexo Duro;Juegos de Rol;Solitario;Música;Verdaderos Aficionados;Orgasmo Femenino","0","notwhorosethinks","Erotic Audio for Women: Maintenance [DD/lg] [Punishment] [Breathplay]","roughddlgdaddyerotic;audiohot;voicedeep;voicedommale;dominantbreathplaychokingvisualizationslappingaftercaremarkingbruisingx;listener","906","","https://ci.phncdn.com/videos/201912/16/269134321/original/(m=eafTGgaaaa)(mh=lStiLaZ8Gs2zTsbH)16.jpg","https://ci.phncdn.com/videos/201912/16/269134321/original/(m=eafTGgaaaa)(mh=lStiLaZ8Gs2zTsbH)1.jpg;https://ci.phncdn.com/videos/201912/16/269134321/original/(m=eafTGgaaaa)(mh=lStiLaZ8Gs2zTsbH)2.jpg;https://ci.phncdn.com/videos/201912/16/269134321/original/(m=eafTGgaaaa)(mh=lStiLaZ8Gs2zTsbH)3.jpg;https://ci.phncdn.com/videos/201912/16/269134321/original/(m=eafTGgaaaa)(mh=lStiLaZ8Gs2zTsbH)4.jpg;https://ci.phncdn.com/videos/201912/16/269134321/original/(m=eafTGgaaaa)(mh=lStiLaZ8Gs2zTsbH)5.jpg;https://ci.phncdn.com/videos/201912/16/269134321/original/(m=eafTGgaaaa)(mh=lStiLaZ8Gs2zTsbH)6.jpg;https://ci.phncdn.com/videos/201912/16/269134321/original/(m=eafTGgaaaa)(mh=lStiLaZ8Gs2zTsbH)7.jpg;https://ci.phncdn.com/videos/201912/16/269134321/original/(m=eafTGgaaaa)(mh=lStiLaZ8Gs2zTsbH)8.jpg;https://ci.phncdn.com/videos/201912/16/269134321/original/(m=eafTGgaaaa)(mh=lStiLaZ8Gs2zTsbH)9.jpg;https://ci.phncdn.com/videos/201912/16/269134321/original/(m=eafTGgaaaa)(mh=lStiLaZ8Gs2zTsbH)10.jpg;https://ci.phncdn.com/videos/201912/16/269134321/original/(m=eafTGgaaaa)(mh=lStiLaZ8Gs2zTsbH)11.jpg;https://ci.phncdn.com/videos/201912/16/269134321/original/(m=eafTGgaaaa)(mh=lStiLaZ8Gs2zTsbH)12.jpg;https://ci.phncdn.com/videos/201912/16/269134321/original/(m=eafTGgaaaa)(mh=lStiLaZ8Gs2zTsbH)13.jpg;https://ci.phncdn.com/videos/201912/16/269134321/original/(m=eafTGgaaaa)(mh=lStiLaZ8Gs2zTsbH)14.jpg;https://ci.phncdn.com/videos/201912/16/269134321/original/(m=eafTGgaaaa)(mh=lStiLaZ8Gs2zTsbH)15.jpg;https://ci.phncdn.com/videos/201912/16/269134321/original/(m=eafTGgaaaa)(mh=lStiLaZ8Gs2zTsbH)16.jpg"
"<iframe src=""https://es.pornhub.com/embed/ph5d76d772570d9"" frameborder=""0"" width=""560"" height=""340"" scrolling=""no"" allowfullscreen></iframe>","https://es.pornhub.com/view_video.php?viewkey=ph5d76d772570d9","Rubias;Mamadas;Sexo Duro;Latinas;Adolescentes;POV;Verdaderos Aficionados;Fantasias  de Padrastro;Orgasmo Femenino","0","Queen white","Young girl fucking with her stepbrother - amateur porn","latinteenageryoungpoint;of;viewlatina;teen;amateurbrazzers;schoolgirlschoolgirlteen;fuckingteen;suckingperfect;bodybeautiful;womenstepsisterstepdaughterteen;hd;videosbig;ass;teensstudents;fucking","533","","https://ci.phncdn.com/videos/201909/09/247354811/thumbs_10/(m=eafTGgaaaa)(mh=fLRCqdC3kWLEqxam)15.jpg","https://ci.phncdn.com/videos/201909/09/247354811/thumbs_10/(m=eafTGgaaaa)(mh=fLRCqdC3kWLEqxam)1.jpg;https://ci.phncdn.com/videos/201909/09/247354811/thumbs_10/(m=eafTGgaaaa)(mh=fLRCqdC3kWLEqxam)2.jpg;https://ci.phncdn.com/videos/201909/09/247354811/thumbs_10/(m=eafTGgaaaa)(mh=fLRCqdC3kWLEqxam)3.jpg;https://ci.phncdn.com/videos/201909/09/247354811/thumbs_10/(m=eafTGgaaaa)(mh=fLRCqdC3kWLEqxam)4.jpg;https://ci.phncdn.com/videos/201909/09/247354811/thumbs_10/(m=eafTGgaaaa)(mh=fLRCqdC3kWLEqxam)5.jpg;https://ci.phncdn.com/videos/201909/09/247354811/thumbs_10/(m=eafTGgaaaa)(mh=fLRCqdC3kWLEqxam)6.jpg;https://ci.phncdn.com/videos/201909/09/247354811/thumbs_10/(m=eafTGgaaaa)(mh=fLRCqdC3kWLEqxam)7.jpg;https://ci.phncdn.com/videos/201909/09/247354811/thumbs_10/(m=eafTGgaaaa)(mh=fLRCqdC3kWLEqxam)8.jpg;https://ci.phncdn.com/videos/201909/09/247354811/thumbs_10/(m=eafTGgaaaa)(mh=fLRCqdC3kWLEqxam)9.jpg;https://ci.phncdn.com/videos/201909/09/247354811/thumbs_10/(m=eafTGgaaaa)(mh=fLRCqdC3kWLEqxam)10.jpg;https://ci.phncdn.com/videos/201909/09/247354811/thumbs_10/(m=eafTGgaaaa)(mh=fLRCqdC3kWLEqxam)11.jpg;https://ci.phncdn.com/videos/201909/09/247354811/thumbs_10/(m=eafTGgaaaa)(mh=fLRCqdC3kWLEqxam)12.jpg;https://ci.phncdn.com/videos/201909/09/247354811/thumbs_10/(m=eafTGgaaaa)(mh=fLRCqdC3kWLEqxam)13.jpg;https://ci.phncdn.com/videos/201909/09/247354811/thumbs_10/(m=eafTGgaaaa)(mh=fLRCqdC3kWLEqxam)14.jpg;https://ci.phncdn.com/videos/201909/09/247354811/thumbs_10/(m=eafTGgaaaa)(mh=fLRCqdC3kWLEqxam)15.jpg;https://ci.phncdn.com/videos/201909/09/247354811/thumbs_10/(m=eafTGgaaaa)(mh=fLRCqdC3kWLEqxam)16.jpg"
"<iframe src=""https://es.pornhub.com/embed/ph5de51e562b3b2"" frameborder=""0"" width=""560"" height=""340"" scrolling=""no"" allowfullscreen></iframe>","https://es.pornhub.com/view_video.php?viewkey=ph5de51e562b3b2","Culos Grandes;Rubias;Mamadas;Sexo Duro;Público;Maduras;Checas;Jovencitas/Viejos","0","GrandmaFriend","70 years old blonde granny picked up and fucked roadside","grannybetoldblonde;grandmaold;grannyoutdoor;sexoutside;fuckroadsidehairy;pussymatureold;mature60;years;oldhot;grandmaold;pussyold;womenold;grandma","365","","https://ci.phncdn.com/videos/201912/02/265730822/original/(m=eafTGgaaaa)(mh=BtFE-1hTNEvdd9B4)13.jpg","https://ci.phncdn.com/videos/201912/02/265730822/original/(m=eafTGgaaaa)(mh=BtFE-1hTNEvdd9B4)1.jpg;https://ci.phncdn.com/videos/201912/02/265730822/original/(m=eafTGgaaaa)(mh=BtFE-1hTNEvdd9B4)2.jpg;https://ci.phncdn.com/videos/201912/02/265730822/original/(m=eafTGgaaaa)(mh=BtFE-1hTNEvdd9B4)3.jpg;https://ci.phncdn.com/videos/201912/02/265730822/original/(m=eafTGgaaaa)(mh=BtFE-1hTNEvdd9B4)4.jpg;https://ci.phncdn.com/videos/201912/02/265730822/original/(m=eafTGgaaaa)(mh=BtFE-1hTNEvdd9B4)5.jpg;https://ci.phncdn.com/videos/201912/02/265730822/original/(m=eafTGgaaaa)(mh=BtFE-1hTNEvdd9B4)6.jpg;https://ci.phncdn.com/videos/201912/02/265730822/original/(m=eafTGgaaaa)(mh=BtFE-1hTNEvdd9B4)7.jpg;https://ci.phncdn.com/videos/201912/02/265730822/original/(m=eafTGgaaaa)(mh=BtFE-1hTNEvdd9B4)8.jpg;https://ci.phncdn.com/videos/201912/02/265730822/original/(m=eafTGgaaaa)(mh=BtFE-1hTNEvdd9B4)9.jpg;https://ci.phncdn.com/videos/201912/02/265730822/original/(m=eafTGgaaaa)(mh=BtFE-1hTNEvdd9B4)10.jpg;https://ci.phncdn.com/videos/201912/02/265730822/original/(m=eafTGgaaaa)(mh=BtFE-1hTNEvdd9B4)11.jpg;https://ci.phncdn.com/videos/201912/02/265730822/original/(m=eafTGgaaaa)(mh=BtFE-1hTNEvdd9B4)12.jpg;https://ci.phncdn.com/videos/201912/02/265730822/original/(m=eafTGgaaaa)(mh=BtFE-1hTNEvdd9B4)13.jpg;https://ci.phncdn.com/videos/201912/02/265730822/original/(m=eafTGgaaaa)(mh=BtFE-1hTNEvdd9B4)14.jpg;https://ci.phncdn.com/videos/201912/02/265730822/original/(m=eafTGgaaaa)(mh=BtFE-1hTNEvdd9B4)15.jpg;https://ci.phncdn.com/videos/201912/02/265730822/original/(m=eafTGgaaaa)(mh=BtFE-1hTNEvdd9B4)16.jpg"
"<iframe src=""https://es.pornhub.com/embed/ph572169223e73b"" frameborder=""0"" width=""560"" height=""340"" scrolling=""no"" allowfullscreen></iframe>","https://es.pornhub.com/view_video.php?viewkey=ph572169223e73b","Aficionado;Morenas;Adolescentes;Vintage;Squirt;Masajes","0","How-To","How To Make Her Squirt","how;tomakehersquirtorgasmtutoriallessongirlwomenmassagesquirting;orgasmfullbodyfingersexpovbrunette","2213","","https://ci.phncdn.com/videos/201604/28/75146281/original/(m=eafTGgaaaa)(mh=LM7hBi_T_gs1CKVb)10.jpg","https://ci.phncdn.com/videos/201604/28/75146281/original/(m=eafTGgaaaa)(mh=LM7hBi_T_gs1CKVb)1.jpg;https://ci.phncdn.com/videos/201604/28/75146281/original/(m=eafTGgaaaa)(mh=LM7hBi_T_gs1CKVb)2.jpg;https://ci.phncdn.com/videos/201604/28/75146281/original/(m=eafTGgaaaa)(mh=LM7hBi_T_gs1CKVb)3.jpg;https://ci.phncdn.com/videos/201604/28/75146281/original/(m=eafTGgaaaa)(mh=LM7hBi_T_gs1CKVb)4.jpg;https://ci.phncdn.com/videos/201604/28/75146281/original/(m=eafTGgaaaa)(mh=LM7hBi_T_gs1CKVb)5.jpg;https://ci.phncdn.com/videos/201604/28/75146281/original/(m=eafTGgaaaa)(mh=LM7hBi_T_gs1CKVb)6.jpg;https://ci.phncdn.com/videos/201604/28/75146281/original/(m=eafTGgaaaa)(mh=LM7hBi_T_gs1CKVb)7.jpg;https://ci.phncdn.com/videos/201604/28/75146281/original/(m=eafTGgaaaa)(mh=LM7hBi_T_gs1CKVb)8.jpg;https://ci.phncdn.com/videos/201604/28/75146281/original/(m=eafTGgaaaa)(mh=LM7hBi_T_gs1CKVb)9.jpg;https://ci.phncdn.com/videos/201604/28/75146281/original/(m=eafTGgaaaa)(mh=LM7hBi_T_gs1CKVb)10.jpg;https://ci.phncdn.com/videos/201604/28/75146281/original/(m=eafTGgaaaa)(mh=LM7hBi_T_gs1CKVb)11.jpg;https://ci.phncdn.com/videos/201604/28/75146281/original/(m=eafTGgaaaa)(mh=LM7hBi_T_gs1CKVb)12.jpg;https://ci.phncdn.com/videos/201604/28/75146281/original/(m=eafTGgaaaa)(mh=LM7hBi_T_gs1CKVb)13.jpg;https://ci.phncdn.com/videos/201604/28/75146281/original/(m=eafTGgaaaa)(mh=LM7hBi_T_gs1CKVb)14.jpg;https://ci.phncdn.com/videos/201604/28/75146281/original/(m=eafTGgaaaa)(mh=LM7hBi_T_gs1CKVb)15.jpg;https://ci.phncdn.com/videos/201604/28/75146281/original/(m=eafTGgaaaa)(mh=LM7hBi_T_gs1CKVb)16.jpg"
"<iframe src=""https://es.pornhub.com/embed/ph5de7d16e9c4e5"" frameborder=""0"" width=""560"" height=""340"" scrolling=""no"" allowfullscreen></iframe>","https://es.pornhub.com/view_video.php?viewkey=ph5de7d16e9c4e5","Babe;Vergas grandes;Morenas;Mamadas;Sexo Duro;Estrellas Porno;Tetas pequeñas;Lamidas de Coño;Romance","0","21sextury","21Naturals All Amirah Wants For XXXMas is His Cock","21naturalshungarianfemale;friendlycoupleromanticporn;for;womeneroticsensualkissingblowjobchristmasxmaschristmas;pornxxxmascowgirlsmall;titsnatural;tits","600","Amirah Adara","https://ci.phncdn.com/videos/201912/04/266217462/original/(m=qLVM1_UbeafTGgaaaa)(mh=U-umt9bBDB8VCgjY)0.jpg","https://ci.phncdn.com/videos/201912/04/266217462/original/(m=eafTGgaaaa)(mh=04TZCLfvbNS6dZCj)1.jpg;https://ci.phncdn.com/videos/201912/04/266217462/original/(m=eafTGgaaaa)(mh=04TZCLfvbNS6dZCj)2.jpg;https://ci.phncdn.com/videos/201912/04/266217462/original/(m=eafTGgaaaa)(mh=04TZCLfvbNS6dZCj)3.jpg;https://ci.phncdn.com/videos/201912/04/266217462/original/(m=eafTGgaaaa)(mh=04TZCLfvbNS6dZCj)4.jpg;https://ci.phncdn.com/videos/201912/04/266217462/original/(m=eafTGgaaaa)(mh=04TZCLfvbNS6dZCj)5.jpg;https://ci.phncdn.com/videos/201912/04/266217462/original/(m=eafTGgaaaa)(mh=04TZCLfvbNS6dZCj)6.jpg;https://ci.phncdn.com/videos/201912/04/266217462/original/(m=eafTGgaaaa)(mh=04TZCLfvbNS6dZCj)7.jpg;https://ci.phncdn.com/videos/201912/04/266217462/original/(m=eafTGgaaaa)(mh=04TZCLfvbNS6dZCj)8.jpg;https://ci.phncdn.com/videos/201912/04/266217462/original/(m=eafTGgaaaa)(mh=04TZCLfvbNS6dZCj)9.jpg;https://ci.phncdn.com/videos/201912/04/266217462/original/(m=eafTGgaaaa)(mh=04TZCLfvbNS6dZCj)10.jpg;https://ci.phncdn.com/videos/201912/04/266217462/original/(m=eafTGgaaaa)(mh=04TZCLfvbNS6dZCj)11.jpg;https://ci.phncdn.com/videos/201912/04/266217462/original/(m=eafTGgaaaa)(mh=04TZCLfvbNS6dZCj)12.jpg;https://ci.phncdn.com/videos/201912/04/266217462/original/(m=eafTGgaaaa)(mh=04TZCLfvbNS6dZCj)13.jpg;https://ci.phncdn.com/videos/201912/04/266217462/original/(m=eafTGgaaaa)(mh=04TZCLfvbNS6dZCj)14.jpg;https://ci.phncdn.com/videos/201912/04/266217462/original/(m=eafTGgaaaa)(mh=04TZCLfvbNS6dZCj)15.jpg;https://ci.phncdn.com/videos/201912/04/266217462/original/(m=eafTGgaaaa)(mh=04TZCLfvbNS6dZCj)16.jpg"
"<iframe src=""https://es.pornhub.com/embed/ph5dd55ca6d6cca"" frameborder=""0"" width=""560"" height=""340"" scrolling=""no"" allowfullscreen></iframe>","https://es.pornhub.com/view_video.php?viewkey=ph5dd55ca6d6cca","Babe;Tetas Grandes;Rubias;Lesbianas;MILF;Estrellas Porno;Real;Sexo Duro;Lamidas de Coño;Strap On;Al  Dedo","0","evolvedfights","Ryan Keely battles Ariel X in lesbian wrestling winner strapon fucks loser","brunetteevolvedfightslezsmall;titsnatural;titsroughmombig;boobsariel;xAriel;X;Wrestlingariel;x;lesbianryan;keelyryan;keely;lesbianlesbian;straponevolved;fightsevolved;wrestlingevolved;fights;lezlesbian;wrestlingwomen;wrestlinggirls;wrestling;fuck","888","Ariel X;Ryan Keely","https://ci.phncdn.com/videos/201911/20/262987902/original/(m=eafTGgaaaa)(mh=TQSxEiwZhOQwhPxR)13.jpg","https://ci.phncdn.com/videos/201911/20/262987902/original/(m=eafTGgaaaa)(mh=TQSxEiwZhOQwhPxR)1.jpg;https://ci.phncdn.com/videos/201911/20/262987902/original/(m=eafTGgaaaa)(mh=TQSxEiwZhOQwhPxR)2.jpg;https://ci.phncdn.com/videos/201911/20/262987902/original/(m=eafTGgaaaa)(mh=TQSxEiwZhOQwhPxR)3.jpg;https://ci.phncdn.com/videos/201911/20/262987902/original/(m=eafTGgaaaa)(mh=TQSxEiwZhOQwhPxR)4.jpg;https://ci.phncdn.com/videos/201911/20/262987902/original/(m=eafTGgaaaa)(mh=TQSxEiwZhOQwhPxR)5.jpg;https://ci.phncdn.com/videos/201911/20/262987902/original/(m=eafTGgaaaa)(mh=TQSxEiwZhOQwhPxR)6.jpg;https://ci.phncdn.com/videos/201911/20/262987902/original/(m=eafTGgaaaa)(mh=TQSxEiwZhOQwhPxR)7.jpg;https://ci.phncdn.com/videos/201911/20/262987902/original/(m=eafTGgaaaa)(mh=TQSxEiwZhOQwhPxR)8.jpg;https://ci.phncdn.com/videos/201911/20/262987902/original/(m=eafTGgaaaa)(mh=TQSxEiwZhOQwhPxR)9.jpg;https://ci.phncdn.com/videos/201911/20/262987902/original/(m=eafTGgaaaa)(mh=TQSxEiwZhOQwhPxR)10.jpg;https://ci.phncdn.com/videos/201911/20/262987902/original/(m=eafTGgaaaa)(mh=TQSxEiwZhOQwhPxR)11.jpg;https://ci.phncdn.com/videos/201911/20/262987902/original/(m=eafTGgaaaa)(mh=TQSxEiwZhOQwhPxR)12.jpg;https://ci.phncdn.com/videos/201911/20/262987902/original/(m=eafTGgaaaa)(mh=TQSxEiwZhOQwhPxR)13.jpg;https://ci.phncdn.com/videos/201911/20/262987902/original/(m=eafTGgaaaa)(mh=TQSxEiwZhOQwhPxR)14.jpg;https://ci.phncdn.com/videos/201911/20/262987902/original/(m=eafTGgaaaa)(mh=TQSxEiwZhOQwhPxR)15.jpg;https://ci.phncdn.com/videos/201911/20/262987902/original/(m=eafTGgaaaa)(mh=TQSxEiwZhOQwhPxR)16.jpg"
"<iframe src=""https://es.pornhub.com/embed/ph5dea55a9a339c"" frameborder=""0"" width=""560"" height=""340"" scrolling=""no"" allowfullscreen></iframe>","https://es.pornhub.com/view_video.php?viewkey=ph5dea55a9a339c","Aficionado;Eyaculaciones;Juegos de Rol;Solitario;Británicas;Exclusivo;Verdaderos Aficionados;Musculosos","0","stevetex82","Daddy needs some help - Dirty Talk for Women","kinkmasturbateolddirty;talkbritish;amateurbritish;dirty;talkdaddymasturbationphone;sexwankingfilthy;talkcum","316","","https://ci.phncdn.com/videos/201912/06/266652112/original/(m=eafTGgaaaa)(mh=0OHvkJ5JtENqtkNF)3.jpg","https://ci.phncdn.com/videos/201912/06/266652112/original/(m=eafTGgaaaa)(mh=0OHvkJ5JtENqtkNF)1.jpg;https://ci.phncdn.com/videos/201912/06/266652112/original/(m=eafTGgaaaa)(mh=0OHvkJ5JtENqtkNF)2.jpg;https://ci.phncdn.com/videos/201912/06/266652112/original/(m=eafTGgaaaa)(mh=0OHvkJ5JtENqtkNF)3.jpg;https://ci.phncdn.com/videos/201912/06/266652112/original/(m=eafTGgaaaa)(mh=0OHvkJ5JtENqtkNF)4.jpg;https://ci.phncdn.com/videos/201912/06/266652112/original/(m=eafTGgaaaa)(mh=0OHvkJ5JtENqtkNF)5.jpg;https://ci.phncdn.com/videos/201912/06/266652112/original/(m=eafTGgaaaa)(mh=0OHvkJ5JtENqtkNF)6.jpg;https://ci.phncdn.com/videos/201912/06/266652112/original/(m=eafTGgaaaa)(mh=0OHvkJ5JtENqtkNF)7.jpg;https://ci.phncdn.com/videos/201912/06/266652112/original/(m=eafTGgaaaa)(mh=0OHvkJ5JtENqtkNF)8.jpg;https://ci.phncdn.com/videos/201912/06/266652112/original/(m=eafTGgaaaa)(mh=0OHvkJ5JtENqtkNF)9.jpg;https://ci.phncdn.com/videos/201912/06/266652112/original/(m=eafTGgaaaa)(mh=0OHvkJ5JtENqtkNF)10.jpg;https://ci.phncdn.com/videos/201912/06/266652112/original/(m=eafTGgaaaa)(mh=0OHvkJ5JtENqtkNF)11.jpg;https://ci.phncdn.com/videos/201912/06/266652112/original/(m=eafTGgaaaa)(mh=0OHvkJ5JtENqtkNF)12.jpg;https://ci.phncdn.com/videos/201912/06/266652112/original/(m=eafTGgaaaa)(mh=0OHvkJ5JtENqtkNF)13.jpg;https://ci.phncdn.com/videos/201912/06/266652112/original/(m=eafTGgaaaa)(mh=0OHvkJ5JtENqtkNF)14.jpg;https://ci.phncdn.com/videos/201912/06/266652112/original/(m=eafTGgaaaa)(mh=0OHvkJ5JtENqtkNF)15.jpg;https://ci.phncdn.com/videos/201912/06/266652112/original/(m=eafTGgaaaa)(mh=0OHvkJ5JtENqtkNF)16.jpg"
"<iframe src=""https://es.pornhub.com/embed/ph5d2808e984234"" frameborder=""0"" width=""560"" height=""340"" scrolling=""no"" allowfullscreen></iframe>","https://es.pornhub.com/view_video.php?viewkey=ph5d2808e984234","Gordas;Rubias;Fetiches;Sexo Duro","0","fuxersnetwork","Blonde young BBW nymph Starxxx","ilikethembigfuxersbbwfatchubbyfattiesbig;beautiful;womenhardcorefacialplumperkinkbig;asstattooblonde","748","","https://ci.phncdn.com/videos/201907/12/234789461/original/(m=qO73WYUbeafTGgaaaa)(mh=Fx8gkPyCHiUidLO5)0.jpg","https://ci.phncdn.com/videos/201907/12/234789461/original/(m=eafTGgaaaa)(mh=SVzIeI91eonbzXpW)1.jpg;https://ci.phncdn.com/videos/201907/12/234789461/original/(m=eafTGgaaaa)(mh=SVzIeI91eonbzXpW)2.jpg;https://ci.phncdn.com/videos/201907/12/234789461/original/(m=eafTGgaaaa)(mh=SVzIeI91eonbzXpW)3.jpg;https://ci.phncdn.com/videos/201907/12/234789461/original/(m=eafTGgaaaa)(mh=SVzIeI91eonbzXpW)4.jpg;https://ci.phncdn.com/videos/201907/12/234789461/original/(m=eafTGgaaaa)(mh=SVzIeI91eonbzXpW)5.jpg;https://ci.phncdn.com/videos/201907/12/234789461/original/(m=eafTGgaaaa)(mh=SVzIeI91eonbzXpW)6.jpg;https://ci.phncdn.com/videos/201907/12/234789461/original/(m=eafTGgaaaa)(mh=SVzIeI91eonbzXpW)7.jpg;https://ci.phncdn.com/videos/201907/12/234789461/original/(m=eafTGgaaaa)(mh=SVzIeI91eonbzXpW)8.jpg;https://ci.phncdn.com/videos/201907/12/234789461/original/(m=eafTGgaaaa)(mh=SVzIeI91eonbzXpW)9.jpg;https://ci.phncdn.com/videos/201907/12/234789461/original/(m=eafTGgaaaa)(mh=SVzIeI91eonbzXpW)10.jpg;https://ci.phncdn.com/videos/201907/12/234789461/original/(m=eafTGgaaaa)(mh=SVzIeI91eonbzXpW)11.jpg;https://ci.phncdn.com/videos/201907/12/234789461/original/(m=eafTGgaaaa)(mh=SVzIeI91eonbzXpW)12.jpg;https://ci.phncdn.com/videos/201907/12/234789461/original/(m=eafTGgaaaa)(mh=SVzIeI91eonbzXpW)13.jpg;https://ci.phncdn.com/videos/201907/12/234789461/original/(m=eafTGgaaaa)(mh=SVzIeI91eonbzXpW)14.jpg;https://ci.phncdn.com/videos/201907/12/234789461/original/(m=eafTGgaaaa)(mh=SVzIeI91eonbzXpW)15.jpg;https://ci.phncdn.com/videos/201907/12/234789461/original/(m=eafTGgaaaa)(mh=SVzIeI91eonbzXpW)16.jpg"
"<iframe src=""https://es.pornhub.com/embed/ph5de9b68acb5b9"" frameborder=""0"" width=""560"" height=""340"" scrolling=""no"" allowfullscreen></iframe>","https://es.pornhub.com/view_video.php?viewkey=ph5de9b68acb5b9","Aficionado;Fetiches;Solitario;Exclusivo;Música;Verdaderos Aficionados","0","AudioGasm021","Friends to Lovers BDSM domination rough and sweet [Erotic Audio for Women]","rougherotic;audiobdsm;audioromance;audioromanceddlgaudiogasmmale;voicemale;moaningstorylineasmrroleplayasmr;roleplayerotic;audio;womenaudio;onlykink","3703","","https://ci.phncdn.com/videos/201912/06/266554172/original/(m=eafTGgaaaa)(mh=BLzBjYvjys3B_3Rc)4.jpg","https://ci.phncdn.com/videos/201912/06/266554172/original/(m=eafTGgaaaa)(mh=BLzBjYvjys3B_3Rc)1.jpg;https://ci.phncdn.com/videos/201912/06/266554172/original/(m=eafTGgaaaa)(mh=BLzBjYvjys3B_3Rc)2.jpg;https://ci.phncdn.com/videos/201912/06/266554172/original/(m=eafTGgaaaa)(mh=BLzBjYvjys3B_3Rc)3.jpg;https://ci.phncdn.com/videos/201912/06/266554172/original/(m=eafTGgaaaa)(mh=BLzBjYvjys3B_3Rc)4.jpg;https://ci.phncdn.com/videos/201912/06/266554172/original/(m=eafTGgaaaa)(mh=BLzBjYvjys3B_3Rc)5.jpg;https://ci.phncdn.com/videos/201912/06/266554172/original/(m=eafTGgaaaa)(mh=BLzBjYvjys3B_3Rc)6.jpg;https://ci.phncdn.com/videos/201912/06/266554172/original/(m=eafTGgaaaa)(mh=BLzBjYvjys3B_3Rc)7.jpg;https://ci.phncdn.com/videos/201912/06/266554172/original/(m=eafTGgaaaa)(mh=BLzBjYvjys3B_3Rc)8.jpg;https://ci.phncdn.com/videos/201912/06/266554172/original/(m=eafTGgaaaa)(mh=BLzBjYvjys3B_3Rc)9.jpg;https://ci.phncdn.com/videos/201912/06/266554172/original/(m=eafTGgaaaa)(mh=BLzBjYvjys3B_3Rc)10.jpg;https://ci.phncdn.com/videos/201912/06/266554172/original/(m=eafTGgaaaa)(mh=BLzBjYvjys3B_3Rc)11.jpg;https://ci.phncdn.com/videos/201912/06/266554172/original/(m=eafTGgaaaa)(mh=BLzBjYvjys3B_3Rc)12.jpg;https://ci.phncdn.com/videos/201912/06/266554172/original/(m=eafTGgaaaa)(mh=BLzBjYvjys3B_3Rc)13.jpg;https://ci.phncdn.com/videos/201912/06/266554172/original/(m=eafTGgaaaa)(mh=BLzBjYvjys3B_3Rc)14.jpg;https://ci.phncdn.com/videos/201912/06/266554172/original/(m=eafTGgaaaa)(mh=BLzBjYvjys3B_3Rc)15.jpg;https://ci.phncdn.com/videos/201912/06/266554172/original/(m=eafTGgaaaa)(mh=BLzBjYvjys3B_3Rc)16.jpg"
"<iframe src=""https://es.pornhub.com/embed/ph5de98ea99f1bf"" frameborder=""0"" width=""560"" height=""340"" scrolling=""no"" allowfullscreen></iframe>","https://es.pornhub.com/view_video.php?viewkey=ph5de98ea99f1bf","Aficionado;Eyaculaciones;Juguetes;Solitario;Exclusivo;Verdaderos Aficionados","0","jerk2porn","Women of Different Body Types Fuck Making Me Blow Loud Sexy Load ","jerk2porn;moanloud;guysexy;voicewatching;porn","917","","https://ci.phncdn.com/videos/201912/05/266526032/original/(m=eafTGgaaaa)(mh=ps1tNmL2LobATUGy)12.jpg","https://ci.phncdn.com/videos/201912/05/266526032/original/(m=eafTGgaaaa)(mh=ps1tNmL2LobATUGy)1.jpg;https://ci.phncdn.com/videos/201912/05/266526032/original/(m=eafTGgaaaa)(mh=ps1tNmL2LobATUGy)2.jpg;https://ci.phncdn.com/videos/201912/05/266526032/original/(m=eafTGgaaaa)(mh=ps1tNmL2LobATUGy)3.jpg;https://ci.phncdn.com/videos/201912/05/266526032/original/(m=eafTGgaaaa)(mh=ps1tNmL2LobATUGy)4.jpg;https://ci.phncdn.com/videos/201912/05/266526032/original/(m=eafTGgaaaa)(mh=ps1tNmL2LobATUGy)5.jpg;https://ci.phncdn.com/videos/201912/05/266526032/original/(m=eafTGgaaaa)(mh=ps1tNmL2LobATUGy)6.jpg;https://ci.phncdn.com/videos/201912/05/266526032/original/(m=eafTGgaaaa)(mh=ps1tNmL2LobATUGy)7.jpg;https://ci.phncdn.com/videos/201912/05/266526032/original/(m=eafTGgaaaa)(mh=ps1tNmL2LobATUGy)8.jpg;https://ci.phncdn.com/videos/201912/05/266526032/original/(m=eafTGgaaaa)(mh=ps1tNmL2LobATUGy)9.jpg;https://ci.phncdn.com/videos/201912/05/266526032/original/(m=eafTGgaaaa)(mh=ps1tNmL2LobATUGy)10.jpg;https://ci.phncdn.com/videos/201912/05/266526032/original/(m=eafTGgaaaa)(mh=ps1tNmL2LobATUGy)11.jpg;https://ci.phncdn.com/videos/201912/05/266526032/original/(m=eafTGgaaaa)(mh=ps1tNmL2LobATUGy)12.jpg;https://ci.phncdn.com/videos/201912/05/266526032/original/(m=eafTGgaaaa)(mh=ps1tNmL2LobATUGy)13.jpg;https://ci.phncdn.com/videos/201912/05/266526032/original/(m=eafTGgaaaa)(mh=ps1tNmL2LobATUGy)14.jpg;https://ci.phncdn.com/videos/201912/05/266526032/original/(m=eafTGgaaaa)(mh=ps1tNmL2LobATUGy)15.jpg;https://ci.phncdn.com/videos/201912/05/266526032/original/(m=eafTGgaaaa)(mh=ps1tNmL2LobATUGy)16.jpg"
