<iframe src="https://www.tube8.com/embed/hd/flexi-sex-with-asdis-loren/58688721/" frameborder=0 height=342 width=608 scrolling=no name="t8_embed_video"></iframe>,HD,flexi sex with Asdis Loren,asdis;loren;bending;contortion;flexible;gymnast;hd;kamasutra;limber;point;of;view;reality;spagat;splits;teenager;virtual;virtual;reality;virtualxporn,https://ei3.t8cdn.com/videos/201807/13/174343111/original/8(m=eWdT8haaaa)(mh=nCfI5jwCqsU8TI7i).jpg
<iframe src="https://www.tube8.com/embed/fetish/bigclit-hotwife-monster-dildo%2C-fisting-and-fucking.-a-day-in-the-life%21/71127461/" frameborder=0 height=342 width=608 scrolling=no name="t8_embed_video"></iframe>,Fetish,"BigClit Hotwife Monster Dildo, Fisting and fucking. A day in the life!",all;day;sex;ass;play;asshole;big;pussy;bigclit;bigdick;blowjob;fist;fuck;fisting;hd;hotwife;liberator;mom;monster;dildo;sex;marathon;squirting;stretched;out;pussy,https://ei3.t8cdn.com/videos/201702/21/107036992/original/7(m=eWdT8haaaa)(mh=ViKpjtyHyvFnMRKu).jpg
<iframe src="https://www.tube8.com/embed/blowjob/quickie-before-swinger%E2%80%99s-party-for-hot-milf-and-big-cock-hubby/71127361/" frameborder=0 height=342 width=608 scrolling=no name="t8_embed_video"></iframe>,Blowjob,Quickie before swinger’s party for hot milf and big cock hubby,amateur;wife;big;clit;big;cock;blowjob;close;up;cock;sucking;hd;hotwife;milf;natural;tits;oral;sex;pov;quickie;real;sex;riding;cock;sexy;stepmom,https://ei3.t8cdn.com/videos/201709/25/134222321/original/10(m=eWdT8haaaa)(mh=Hwf5d9YkmF6zM_E8).jpg
<iframe src="https://www.tube8.com/embed/public/road-trip-fun-and-close-up-public-action/71127331/" frameborder=0 height=342 width=608 scrolling=no name="t8_embed_video"></iframe>,Public,Road trip Fun and close up public action,blowjob;gorgeous;hard;nipples;hd;hot;hotwife;mature;milf;nipple;sucking;parking;lot;public;public;sex;puffy;nipples;real;mom;road;trip;stepmom;teasing,https://ei3.t8cdn.com/videos/201710/23/138084792/original/2(m=eWdT8haaaa)(mh=JjlduF8j7snXZspE).jpg
<iframe src="https://www.tube8.com/embed/mature/morning-workout-turn-hot-sex-on-vacation/71127311/" frameborder=0 height=342 width=608 scrolling=no name="t8_embed_video"></iframe>,Mature,Morning workout turn hot sex on vacation,40;year;old;milf;big;ass;big;clit;big;cock;curvy;hd;hotwife;mature;milf;mom;natural;real;slut;wife;thick;cock;vacation;wife;window;exhibitionist,https://ei3.t8cdn.com/videos/201710/28/138747112/original/14(m=eWdT8haaaa)(mh=xEDH-udQmn1Gfu5P).jpg
<iframe src="https://www.tube8.com/embed/public/road-trip-fucking%21/71127321/" frameborder=0 height=342 width=608 scrolling=no name="t8_embed_video"></iframe>,Public,Road trip fucking!,40;adventure;beach;sex;big;ass;big;cock;fit;hd;milf;mom;outdoor;outdoor;sex;public;public;sex;quickie;real;public;sex;road;trip;blowjob;roadtrip,https://ei3.t8cdn.com/videos/201710/24/138214522/original/4(m=eWdT8haaaa)(mh=SfxtIjktdOX8nV-s).jpg
<iframe src="https://www.tube8.com/embed/hardcore/%E2%80%9Ccum-get-wet-and-fuck-me-in-the-shower%E2%80%9D/71127301/" frameborder=0 height=342 width=608 scrolling=no name="t8_embed_video"></iframe>,Hardcore,“Cum get wet and fuck me in the shower”,40;big;clit;big;cock;fit;fuck;happy;wife;hd;home;life;hot;hotwife;mature;milf;mom;natural;shower;shower;sex;slutwife;wet,https://ei3.t8cdn.com/videos/201711/08/140249682/original/7(m=eWdT8haaaa)(mh=KQjHa5l8oK-_ncnH).jpg
<iframe src="https://www.tube8.com/embed/group%20sex/bibi-in-the-sea-of-cocks---german-goo-girls/65166261/" frameborder=0 height=342 width=608 scrolling=no name="t8_embed_video"></iframe>,Group Sex,Bibi In the Sea of Cocks - German Goo Girls,bibi;big;dick;blowbang;blowjob;bukkake;cumshots;deutsch;facial;gangbang;german;germangoogirls;hardcore;hd;monster;cock;small;tits;teen;teenager;young,https://ei3.t8cdn.com/videos/201808/08/177775231/original/11(m=eWdT8haaaa)(mh=eBGXc6xeRaZj7bu2).jpg
<iframe src="https://www.tube8.com/embed/hardcore/realitykings---sneaky-coeds-megan-rain-%26-gia-derza-share-friend%27s-brother/71125191/" frameborder=0 height=342 width=608 scrolling=no name="t8_embed_video"></iframe>,Hardcore,Realitykings - Sneaky coeds Megan Rain & Gia Derza share friend's brother,anal;play;big;tits;cum;cum;shot;facial;multiple;ffm;full;video;hd;kissing;porhub;pornohub;realitykings;sex;small;tits;sneaky;threesome;voyeur,https://ei3.t8cdn.com/videos/202001/17/277308271/original/12(m=eWdT8haaaa)(mh=doK1iUHLVpRxSOdo).jpg
<iframe src="https://www.tube8.com/embed/big%20dick/fakehub-fan-girls-tina-kay-and-amber-dean-fuck-stunt-double/71125331/" frameborder=0 height=342 width=608 scrolling=no name="t8_embed_video"></iframe>,Big Dick,FAKEhub Fan girls Tina Kay and Amber Dean fuck stunt double,big;dick;blonde;blowjob;british;brunette;busty;cumshot;deepthroat;doggystyle;funny;hard;rough;sex;hardcore;hd;lithuanian;natural;tits;orgasm;porn;star;shaved;pussy;threesome,https://ei3.t8cdn.com/videos/202001/17/277228301/original/12(m=eWdT8haaaa)(mh=onZDezRtHQzEej1e).jpg
<iframe src="https://www.tube8.com/embed/anal/fitness-rooms-intimate-anal-sex-with-hot-russian-redhead-renata-fox/71125321/" frameborder=0 height=342 width=608 scrolling=no name="t8_embed_video"></iframe>,Anal,Fitness Rooms Intimate anal sex with hot Russian redhead Renata Fox,69;anal;fingering;ass;fuck;booty;shorts;cowgirl;cum;on;ass;facesitting;fitnessrooms;hd;natural;tits;nick;ross;redhead;romantic;sex;shaved;pussy,https://ei3.t8cdn.com/videos/202001/16/277080331/original/12(m=eWdT8haaaa)(mh=5f0zixO0SpSKvb35).jpg
<iframe src="https://www.tube8.com/embed/teen/passion-hd-pink-nippled-ginger-alex-tanner-toys-wet-pussy/71123791/" frameborder=0 height=342 width=608 scrolling=no name="t8_embed_video"></iframe>,Teen,PASSION-HD Pink nippled ginger Alex Tanner toys wet pussy,4k;60fps;adult;toys;alex;tanner;big;dick;blowjob;cumshot;drilled;ginger;hd;hd;hottie;passion;hd;petite;pov;redhead;sex;wet,https://ei3.t8cdn.com/videos/201705/18/116859751/original/13(m=eWdT8haaaa)(mh=Q7mhJe2Qi0umN31i).jpg
<iframe src="https://www.tube8.com/embed/asian/new-world-order-is-anal-sex-with-lovely-asian/71123761/" frameborder=0 height=342 width=608 scrolling=no name="t8_embed_video"></iframe>,Asian,New World Order Is Anal Sex With Lovely Asian,amateur;anal;asian;ass;fuck;assfuck;asshole;bangkok;deep;girlfriend;hd;hotel;pattaya;prostitute;slut;teenager;thai;young,https://ei3.t8cdn.com/videos/201707/11/123943601/original/16(m=eWdT8haaaa)(mh=tnqTUq4gPUO-dQFl).jpg
<iframe src="https://www.tube8.com/embed/hardcore/amateur-gilf-granny-always-pays-her-debts-with-sex/71123731/" frameborder=0 height=342 width=608 scrolling=no name="t8_embed_video"></iframe>,Hardcore,Amateur GILF Granny Always Pays Her Debts With Sex,amateur;blowjob;cuckold;gilf;grannies;granny;hd;mature;milf;mom;mother;old;swinger;wickedsexymelanie;wife,https://ei3.t8cdn.com/videos/201708/15/128649031/original/1(m=eWdT8haaaa)(mh=hrkazLbylZS40ZaE).jpg
<iframe src="https://www.tube8.com/embed/anal/skinny-teen-anal-loves-cock-in-her-ass/71123681/" frameborder=0 height=342 width=608 scrolling=no name="t8_embed_video"></iframe>,Anal,Skinny TEEN ANAL Loves Cock in Her ASS,amateur;anal;ass;blowjob;brunette;couples;cumshots;emo;european;gonzo;hardcore;hd;hd;petite;sex;skinny;teen,https://ei3.t8cdn.com/videos/201711/12/140885562/original/9(m=eWdT8haaaa)(mh=CbjFGjMf1Ybq26fi).jpg
<iframe src="https://www.tube8.com/embed/erotic/sweet-young-thang-kimber-lee-super-bangs-pussy-with-dildo%21/71123641/" frameborder=0 height=342 width=608 scrolling=no name="t8_embed_video"></iframe>,Erotic,Sweet Young Thang Kimber Lee Super Bangs Pussy With Dildo!,adult;toys;all;natural;butt;cam;hd;kimberleelive;live;show;masturbate;masturbating;natural;tits;pussy;sex;toy;solo;girl;vna;girls;vna;live;web;cam;young;porn;star,https://ei3.t8cdn.com/videos/201802/16/154915202/original/16(m=eWdT8haaaa)(mh=aQX7AsCaSGcOA9A9).jpg
<iframe src="https://www.tube8.com/embed/milf/amateur-sex-after-breakfast/71123581/" frameborder=0 height=342 width=608 scrolling=no name="t8_embed_video"></iframe>,Milf,Amateur Sex After Breakfast,amateur;big;boobs;blowjob;brunette;busty;cock;sucking;doggy;style;girlfriend;homemade;missionary;pov;sexxybrandon,https://ei3.t8cdn.com/videos/201808/01/176796561/original/12(m=eWdT8haaaa)(mh=hLnbNOMGfYcnAnfo).jpg
<iframe src="https://www.tube8.com/embed/fetish/innocent-foot-massage-turns-into-passionate-foot-sex/71123551/" frameborder=0 height=342 width=608 scrolling=no name="t8_embed_video"></iframe>,Fetish,Innocent Foot Massage Turns Into Passionate Foot Sex,big;cock;big;dick;cum;on;feet;cum;on;toes;exclusive;feet;foot;fetish;foot;worship;footjob;hd;kink;latin;loveherfeet;sole;worship;teen;feet;toe;sucking,https://ei3.t8cdn.com/videos/201808/17/178968681/original/12(m=eWdT8haaaa)(mh=4toavra5_bfxAorD).jpg
<iframe src="https://www.tube8.com/embed/big%20dick/brutalclips---cute-chick-small-viva%27s-first-hardcore-threesome/71123541/" frameborder=0 height=342 width=608 scrolling=no name="t8_embed_video"></iframe>,Big Dick,BrutalClips - Cute chick Small Viva's First Hardcore Threesome,3some;big;aerola;big;ass;big;cock;big;tits;blowjob;brutalclips;butt;face;fuck;facial;gaping;hard;rough;sex;hd;piercing;puffy;nipples;rough;russian;tattoo;threesome,https://ei3.t8cdn.com/videos/201809/25/184751611/original/6(m=eWdT8haaaa)(mh=8pG7OK8wCXcm5HSx).jpg
<iframe src="https://www.tube8.com/embed/amateur/feet-worshiping-and-femdom-foot-fetish-porn/71123521/" frameborder=0 height=342 width=608 scrolling=no name="t8_embed_video"></iframe>,Amateur,Feet Worshiping And Femdom Foot Fetish Porn,arches;feet;clips;foot;femdom;foot;fetish;foot;porn;foot;sex;foot;worship;foot;worshiping;footjobs;girl;feet;hd;heels;kink;point;of;view;socks;soles;toes,https://ei3.t8cdn.com/videos/201810/04/186061831/original/1(m=eWdT8haaaa)(mh=fEuiySl7gZSVKhtS).jpg
<iframe src="https://www.tube8.com/embed/hardcore/lesbianx-evelin-stone%27s-rough-lesbian-anal/71123041/" frameborder=0 height=342 width=608 scrolling=no name="t8_embed_video"></iframe>,Hardcore,LesbianX Evelin Stone's Rough Lesbian Anal,anal;dildo;anal;fuck;anal;sex;ass;licking;brunette;cunilingus;hd;pussy;eating;pussy;licking;rimming;rough;anal;strap;on;strap;on;sex;teen;trimmed;pussy;young,https://ei3.t8cdn.com/videos/201912/06/266684892/original/13(m=eWdT8haaaa)(mh=hKFaoPZg4Rl7pzaB).jpg
<iframe src="https://www.tube8.com/embed/fetish/sexpov-random-honeys/71123501/" frameborder=0 height=342 width=608 scrolling=no name="t8_embed_video"></iframe>,Fetish,sexpov random honeys,bigass;bigtits;blonde;hd;hot;joi;masturbating;mature;milf;pov;random;roleplay;sexy;honeys;shavedpussy;solo;sexpov;solofemale,https://ei3.t8cdn.com/videos/201811/11/191482701/original/5(m=eWdT8haaaa)(mh=C6ONFOiBrhyQ1geT).jpg
<iframe src="https://www.tube8.com/embed/amateur/stepsister-fucks-a-big-dick-with-brother-in-the-next-room/71123491/" frameborder=0 height=342 width=608 scrolling=no name="t8_embed_video"></iframe>,Amateur,Stepsister fucks a big Dick with Brother in the Next Room,big;cock;blowjob;butt;creampie;deepthroat;gym;hard;rough;sex;hd;joi;kinkyinlaws;masturbate;orgasm;reverse;cowgirl;rough;small;tits;step;sister;stepbrother,https://ei3.t8cdn.com/videos/201812/10/196058831/original/12(m=eWdT8haaaa)(mh=HC0_JW_6EPlJ4cIB).jpg
<iframe src="https://www.tube8.com/embed/fetish/footsiebabes-jerking-him-off-with-my-pretty-peets/71123021/" frameborder=0 height=342 width=608 scrolling=no name="t8_embed_video"></iframe>,Fetish,FootsieBabes Jerking Him Off with my Pretty Peets,big;cock;brunette;doggystyle;feet;foot;fetish;foot;fuck;foot;sex;footsiebabes;footworship;hd;high;heels;petite;skinny;small;tits;toe;ring;toe;sucking;toes,https://ei3.t8cdn.com/videos/201912/09/267415322/original/15(m=eWdT8haaaa)(mh=LRH40OkLdWGSGjqx).jpg
<iframe src="https://www.tube8.com/embed/big%20dick/karups---milf-victoria-pure-gets-birthday-fucking/71123461/" frameborder=0 height=342 width=608 scrolling=no name="t8_embed_video"></iframe>,Big Dick,Karups - MILF Victoria Pure Gets Birthday Fucking,birthday;sex;blonde;milf;doggystyle;hard;fuck;hd;karups;karupsolderwomen;milf;fucking;milf;sex;mom;mother;petite;shaved;pussy;thirty;year;old,https://ei3.t8cdn.com/videos/201902/07/206353961/original/8(m=eWdT8haaaa)(mh=b4WoGGBUPrQPIn7V).jpg
<iframe src="https://www.tube8.com/embed/asian/yume-mizuki-passionate-threesome-porn-on-cam---more-at-slurpjp-com/71122891/" frameborder=0 height=342 width=608 scrolling=no name="t8_embed_video"></iframe>,Asian,Yume Mizuki passionate threesome porn on cam - More at Slurpjp com,asian;blowjob;busty;cum;in;mouth;cumshot;ferame;fingering;hand;work;hd;hot;milf;japanese;milf;oiled;body;sex;toys;shaved;pussy;threesome,https://ei3.t8cdn.com/videos/201912/21/270194031/original/7(m=eWdT8haaaa)(mh=7i2hIwnr8krlVtKr).jpg
<iframe src="https://www.tube8.com/embed/teen/creampie-angels---kris-the-foxx---difference-means-hard-sex/71122871/" frameborder=0 height=342 width=608 scrolling=no name="t8_embed_video"></iframe>,Teen,Creampie-Angels - Kris the Foxx - Difference means hard sex,babe;blowjob;brunette;couples;cowgirl;creampie;creampie;angels;doggystyle;hd;hd;video;natural;tits;petite;shaved;small;boobs;teen;teenager;young,https://ei3.t8cdn.com/videos/201912/24/270990801/original/8(m=eWdT8haaaa)(mh=KnWzSKkZ8n56-AOw).jpg
<iframe src="https://www.tube8.com/embed/amateur/listen-to-the-couple-before-and-after-sex/71122841/" frameborder=0 height=342 width=608 scrolling=no name="t8_embed_video"></iframe>,Amateur,Listen to the couple before and after sex,amateur;behind;the;scenes;big;tits;british;brunette;compilation;couple;girlfriend;hd;indian;interview;realcouples;stockings;talking;wife,https://ei3.t8cdn.com/videos/202001/01/272868771/original/12(m=eWdT8haaaa)(mh=E7DA2hR3OVgQesBr).jpg
<iframe src="https://www.tube8.com/embed/lesbian/girlsway-therapist-angela-white-scissors-with-sex-frustrated-babe/71122801/" frameborder=0 height=342 width=608 scrolling=no name="t8_embed_video"></iframe>,Lesbian,GIRLSWAY Therapist Angela White Scissors with Sex Frustrated Babe,australian;big;natural;tits;brunette;cunnilingus;diana;grace;eating;pussy;girl;on;girl;girlsway;hd;huge;tits;kissing;lesbian;lesbians;lesbians;scissoring;natural;tits;pussy;licking;pussy;rubbing;reality;scissoring;shaved;tribbing,https://ei3.t8cdn.com/videos/202001/07/274726281/original/12(m=eWdT8haaaa)(mh=skXuj4bHyKm9yVei).jpg
<iframe src="https://www.tube8.com/embed/group%20sex/hot-sexy-teen-masturbating-sleepwalking-stepbro/58109851/" frameborder=0 height=342 width=608 scrolling=no name="t8_embed_video"></iframe>,Group Sex,Hot sexy teen masturbating Sleepwalking Stepbro,4some;big;tits;blonde;blowjob;brunettes;cowgirl;deep;throat;foursome;hairy;hd;latina;orgy;pov;reverse;cowgirl;teen;teen-porn;teen-sex;teenporn;teensex,https://ei1.t8cdn.com/201901/19/58109851/240x180/8.jpg
<iframe src="https://www.tube8.com/embed/blowjob/stunnin-gblonde-perfect-blowjob-babe/63193971/" frameborder=0 height=342 width=608 scrolling=no name="t8_embed_video"></iframe>,Blowjob,Stunnin gBlonde Perfect Blowjob Babe,beautiful;bj;blonde;cfnm;cock;sucking;cocksucker;cumshot;eleganxia;network;erotic;felluciablowhd;handjob;hd;milf;mom;mother;music;oral;sex;sensual,https://ei3.t8cdn.com/videos/201906/03/227338041/original/15(m=eWdT8haaaa)(mh=bRjt18GUVNtAmdbA).jpg
<iframe src="https://www.tube8.com/embed/amateur/blonde-tatoo-bank-sex/71106391/" frameborder=0 height=342 width=608 scrolling=no name="t8_embed_video"></iframe>,Amateur,blonde tatoo bank sex,amateur;amateur;anal;hd,https://ei1.t8cdn.com/202001/17/71106391/240x180/10.jpg
<iframe src="https://www.tube8.com/embed/teen/tmwvrnet---sweet-angelina---lazy-student-gets-sex-chance/70855461/" frameborder=0 height=342 width=608 scrolling=no name="t8_embed_video"></iframe>,Teen,TmwVRnet - Sweet Angelina - Lazy student gets sex chance,big;boobs;blowjob;cowgirl;cum;in;mouth;doggy;style;facial;handjob;hardcore;hd;medium;tits;pov;reality;redhead;student;tmwvrnet;virtual;young,https://ei3.t8cdn.com/videos/201911/14/261646152/original/11(m=eWdT8haaaa)(mh=ThT_wmWHVj-92zrK).jpg
<iframe src="https://www.tube8.com/embed/erotic/this-is-the-kind-of-girl-we-have-in-russia.../64141461/" frameborder=0 height=342 width=608 scrolling=no name="t8_embed_video"></iframe>,Erotic,This Is The Kind Of Girl We Have In Russia...,amateur;cam;chaturbate;dance;hd;homevideo;livecam;masturbation;russian;sex;toys;solo;strip;vibe;webcam;wet;pussy;young,https://ei1.t8cdn.com/201907/10/64141461/240x180/14.jpg
<iframe src="https://www.tube8.com/embed/erotic/all-natural-redhead-babe-lacy-lennon-enjoys-masturbating-intensely/62416621/" frameborder=0 height=342 width=608 scrolling=no name="t8_embed_video"></iframe>,Erotic,All Natural Redhead Babe Lacy Lennon Enjoys Masturbating Intensely,adult;toys;all;natural;fingering;hd;lacy;lennon;masturbate;masturbating;masturbation;perky;tits;real;boobs;redhead;sex;toy;shaved;pussy;solo;girl,https://ei3.t8cdn.com/videos/201904/03/216413731/original/8(m=eWdT8haaaa)(mh=aOM8fe3OekwrS7wS).jpg
<iframe src="https://www.tube8.com/embed/amateur/mofos---amateur-thicc-latina-alina-belle-rides-big-cock/70991321/" frameborder=0 height=342 width=608 scrolling=no name="t8_embed_video"></iframe>,Amateur,MOFOS - Amateur Thicc latina Alina Belle rides big cock,amateur;big;ass;big;booty;big;cock;blowjob;curvy;hd;interracial;mgvideos;mofos;mofosnetwork;phat;ass;porhub;pornohub;pov;sex;tape;thicc,https://ei3.t8cdn.com/videos/202001/11/275755731/original/11(m=eWdT8haaaa)(mh=S8xmpiPHIHviMg_k).jpg
<iframe src="https://www.tube8.com/embed/milf/big-booty-babe-with-awesome-tits-fucked-hard/63568211/" frameborder=0 height=342 width=608 scrolling=no name="t8_embed_video"></iframe>,Milf,Big booty babe with awesome tits fucked hard,big;booty;big;butt;big;tits;blowjob;brunette;cowgirl;hardcore;hardcore-sex;hd;riding;thicc,https://ei1.t8cdn.com/201906/25/63568211/240x180/11.jpg
<iframe src="https://www.tube8.com/embed/hardcore/footsiebabes-pink-pedicure-toes-for-cock-that-goes-in-ass%21/61412571/" frameborder=0 height=342 width=608 scrolling=no name="t8_embed_video"></iframe>,Hardcore,FootsieBabes Pink Pedicure Toes for Cock that Goes in Ass!,anal;anal;sex;ass;fuck;blowjob;feet;foot;fetish;foot;fetish;anal;foot;fuck;foot;sex;footsiebabes;footworship;hd;latina;natural;tits;petite;small;tits,https://ei3.t8cdn.com/videos/201904/02/216275591/original/12(m=eWdT8haaaa)(mh=JVOc7ihs6R0Mh5yE).jpg
<iframe src="https://www.tube8.com/embed/teen/amateur-brunette-fucking-hard/59056861/" frameborder=0 height=342 width=608 scrolling=no name="t8_embed_video"></iframe>,Teen,Amateur brunette fucking hard,amateur;blowjob;hardcore;young;tattoos;brunette;couple;pussy;licking;orgasm;big;tits;fake;tits;reverse;cowgirl;doggy;style;bathroom;sex;18stream;,https://ei3.t8cdn.com/videos/201702/24/107385892/original/12(m=eWdT8haaaa)(mh=md0VC9YWBcFL9eyw).jpg
<iframe src="https://www.tube8.com/embed/teen/brigette-aime--jennifer-gold---06/63508921/" frameborder=0 height=342 width=608 scrolling=no name="t8_embed_video"></iframe>,Teen,Brigette Aime -Jennifer Gold - 06,big;tits;office;sex;vintage;doggy;amateur;amateur;dilf;daddy;hardcore;bubble;butt;riding;cowgirl;standing;fuck;reverse;cowgirl;masturbation;facial;,https://ei1.t8cdn.com/201906/23/63508921/240x180/16.jpg
<iframe src="https://www.tube8.com/embed/threesome/lexi-knows-what-makes-him-cum/63442951/" frameborder=0 height=342 width=608 scrolling=no name="t8_embed_video"></iframe>,Threesome,Lexi knows what makes him cum,3some;anal;ass;to;mouth;big;cock;blonde;blowjob;cum;swapping;cumshot;eating;pussy;facials;gonzo;hardcore;hardcore-sex;hd;kissing;lexi;belle;mff;rimming,https://ei1.t8cdn.com/201906/22/63442951/240x180/1.jpg
<iframe src="https://www.tube8.com/embed/public/mirko-urosevic-pevac-zvezde-granda-sex-chat/71088641/" frameborder=0 height=342 width=608 scrolling=no name="t8_embed_video"></iframe>,Public,Mirko Urosevic pevac zvezde granda sex chat,Public;mirko;urosevic;pevac;mirko;urosevic;seks;mirko;;zvezde;granda;seks;zvezde;granda;seks;pevac;mirko;kurva;mirko;seks;beograd;Sex;Simulator;sex;serbia;sex;australia;peder;sada;mazo;mali;kurac;veliki;kurac;biseksualac,https://ei1.t8cdn.com/202001/16/71088641/240x180/12.jpg
<iframe src="https://www.tube8.com/embed/anal/horny-blonde-babe-has-hardcore-anal-sex/64001081/" frameborder=0 height=342 width=608 scrolling=no name="t8_embed_video"></iframe>,Anal,Horny blonde babe has hardcore anal sex,anal;analcreampie;blonde-hardcore;hd;horny-blonde-babe,https://ei1.t8cdn.com/201907/07/64001081/240x180/13.jpg
<iframe src="https://www.tube8.com/embed/threesome/family-strokes-daddy-fucks-companion%27-compeer%27s-step-daughter-every-the/59387371/" frameborder=0 height=342 width=608 scrolling=no name="t8_embed_video"></iframe>,Threesome,Family strokes daddy fucks companion' compeer's step daughter every The,3some;college;cowgirl;daddy;dilf;ebony;face;sitting;hd;missionary;orgasm;pussy;licking;teen;teen-booty;teen-porn;teen-sex;teenporn;teensex;threeway,https://ei1.t8cdn.com/201903/01/59387371/240x180/8.jpg
<iframe src="https://www.tube8.com/embed/amateur/castingcouch-x-blonde-chloe-scott-fingered-and-fucked-by-casting-agent/71091621/" frameborder=0 height=342 width=608 scrolling=no name="t8_embed_video"></iframe>,Amateur,CASTINGCOUCH-X Blonde Chloe Scott fingered and fucked by casting agent,amateur;blonde;blowjob;bubble;butt;castingcouch;x;chloe;scott;drilled;facial;hardcore;hd;hd;hottie;natural;tits;pov;blowjob;sex;small;tits,https://ei3.t8cdn.com/videos/201705/25/117836691/original/14(m=eWdT8haaaa)(mh=-D9TvJhA_izY-467).jpg
<iframe src="https://www.tube8.com/embed/public/helpless-teens---brandi-bae---bombshell-gets-broken/71091141/" frameborder=0 height=342 width=608 scrolling=no name="t8_embed_video"></iframe>,Public,Helpless Teens - Brandi Bae - Bombshell Gets Broken,bdsm;bondage;curvy;dsl;hardcore;hd;helplessteens;hitchhiker;kink;outside;public;rough;rough;sex;teenager;thick;young,https://ei3.t8cdn.com/videos/201907/02/232864861/original/12(m=eWdT8haaaa)(mh=_8lwUPUQIUaTdN1h).jpg
<iframe src="https://www.tube8.com/embed/public/vipsexvault---czech-brunette-teen-gets-all-horny-in-the-taxi/71091091/" frameborder=0 height=342 width=608 scrolling=no name="t8_embed_video"></iframe>,Public,VIPSEXVAULT - Czech Brunette Teen Gets All Horny In The Taxi,big;cock;butt;clit;rubbing;orgasm;cowgirl;fucked;in;traffic;fuckedintraffic;hd;letsdoeit;lingerie;natural;tits;outside;public;reverse;cowgirl;rough;sloppy;blowjob;vip;sex;vault;vipsexvault,https://ei3.t8cdn.com/videos/201909/06/246592961/original/14(m=eWdT8haaaa)(mh=m6i1SY80JGVBKNNV).jpg
<iframe src="https://www.tube8.com/embed/teen/loan4k.-loan-agency-can-give-girl-money-if-she-satisfies-manager/71091071/" frameborder=0 height=342 width=608 scrolling=no name="t8_embed_video"></iframe>,Teen,LOAN4K. Loan agency can give girl money if she satisfies manager,agent;audition;casting;czech;casting;czech;couple;money;doggystyle;fuck;for;money;hd;interview;loan4k;missionary;money;sex;for;money;small;boobs;teenager;young,https://ei3.t8cdn.com/videos/201909/17/248983601/original/12(m=eWdT8haaaa)(mh=zLwscbssa4cmMEIs).jpg
<iframe src="https://www.tube8.com/embed/hardcore/deeper.-athena-faris-doesn%27t-let-things-go-unpunished/71091051/" frameborder=0 height=342 width=608 scrolling=no name="t8_embed_video"></iframe>,Hardcore,Deeper. Athena Faris Doesn't Let Things Go Unpunished,big;dick;blowjob;brunette;cowgirl;deeper;doggystyle;dominant;woman;domination;facial;hand;cuffs;hd;kinky;pussy;licking;riding;rough;rough;sex;spoon;spooning,https://ei3.t8cdn.com/videos/201909/20/249610101/original/5(m=eWdT8haaaa)(mh=qUnty4XUhVYq02AV).jpg
<iframe src="https://www.tube8.com/embed/hardcore/dirty-schoolgirl-masturbation-with-leggy-fishnet-lover-melanie-memphis/71091041/" frameborder=0 height=342 width=608 scrolling=no name="t8_embed_video"></iframe>,Hardcore,Dirty schoolgirl masturbation with leggy fishnet lover Melanie Memphis,anal;porn;ddf;porn;euro;teen;erotica;euroteenerotica;fingering;porn;hd;high;heels;porn;hungarian;masturbate;masturbation;porn;melanie;memphis;mini;skirt;porn;natural;tits;schoolgirl;porn;sex;toys;porn;small;tits;teen;porn,https://ei3.t8cdn.com/videos/201909/30/251833192/original/12(m=eWdT8haaaa)(mh=wvbZyjRDlPlruORD).jpg
<iframe src="https://www.tube8.com/embed/group%20sex/kennedy-dream-interracial-gangbang/71091511/" frameborder=0 height=342 width=608 scrolling=no name="t8_embed_video"></iframe>,Group Sex,Kennedy Dream Interracial Gangbang,bbc;big;black;cock;big;cock;blowjob;deepthroat;dogfartnetwork;doggy;gangbang;group;hardcore;hd;interracial;orgy;pornstar;riding;small;tits;spitroast,https://ei3.t8cdn.com/videos/201711/01/139297662/original/12(m=eWdT8haaaa)(mh=dJ4O5BGDUJSl7P_A).jpg
<iframe src="https://www.tube8.com/embed/blowjob/hot-housewife-shanda-fay-gives-tongue-loving-kitchen-blowjob/71091451/" frameborder=0 height=342 width=608 scrolling=no name="t8_embed_video"></iframe>,Blowjob,Hot Housewife Shanda Fay Gives Tongue Loving Kitchen BlowJob,big;cock;big;tits;blowjob;canadian;cum;in;mouth;cumshot;hardcore;hd;kitchen;milf;lingerie;mature;milf;oral;sex;pantyhose;redhead;shandafay;sucking;vna;girls,https://ei3.t8cdn.com/videos/201802/15/154809412/original/8(m=eWdT8haaaa)(mh=y9Vn5SgqdTOr_uhR).jpg
<iframe src="https://www.tube8.com/embed/erotic/tmwvrnet---free-dee-%26-julia-parker---blonde-on-brunette-sex-games/71090991/" frameborder=0 height=342 width=608 scrolling=no name="t8_embed_video"></iframe>,Erotic,TmwVRnet - Free Dee & Julia Parker - Blonde-on-brunette sex games,blonde;brunette;fingering;group;hd;lesbian;masturbate;masturbation;petite;reality;shaved;small;tits;striptease;teenager;tmwvrnet;virtual;young,https://ei3.t8cdn.com/videos/201911/19/262727562/original/15(m=eWdT8haaaa)(mh=6EZbdJKFyOmeJdne).jpg
<iframe src="https://www.tube8.com/embed/asian/ibuki-loves-the-feeling-of-cock-working-her-pissy-cunt/71090961/" frameborder=0 height=342 width=608 scrolling=no name="t8_embed_video"></iframe>,Asian,Ibuki loves the feeling of cock working her pissy cunt,asian;cock;sucking;collar;dick;riding;handcuffs;hd;hot;milf;japanese;kissing;nice;ass;pink;pussy;pussy;stimulation;sex;toys;shaved;pussy;shiofuky;squirting;vibrator,https://ei3.t8cdn.com/videos/201911/24/263929562/original/11(m=eWdT8haaaa)(mh=MQBBW8Gn2jnb792M).jpg
<iframe src="https://www.tube8.com/embed/amateur/skinny-girlfriend-fucked-by-her-boyfriends-big-cock/71091401/" frameborder=0 height=342 width=608 scrolling=no name="t8_embed_video"></iframe>,Amateur,Skinny girlfriend fucked by her boyfriends big cock,amateur;big;boobs;big;cock;big;tits;blowjob;cumshot;facial;fucking;homegrownbigcock;homemade;masturbate;masturbating;sex;shaved;toy,https://ei3.t8cdn.com/videos/201809/04/181493891/original/2(m=eWdT8haaaa)(mh=MGBhm0HyICg-JUjq).jpg
<iframe src="https://www.tube8.com/embed/amateur/ssbbw-gets-fucked-by-a-younger-thinner-guy/71090921/" frameborder=0 height=342 width=608 scrolling=no name="t8_embed_video"></iframe>,Amateur,SSBBW gets fucked by a younger thinner guy,amateur;bbw;belly;big;boobs;blowjob;chubby;fat;hd;natural;tits;obese;realsexpass;saggy;tits;ssbbw;titfuck;younger,https://ei3.t8cdn.com/videos/201912/03/265917662/original/12(m=eWdT8haaaa)(mh=FHeq56KQ_U6zvBeM).jpg
<iframe src="https://www.tube8.com/embed/amateur/fucking-sex-machine-and-vibrator-aften-opal-atk/71090911/" frameborder=0 height=342 width=608 scrolling=no name="t8_embed_video"></iframe>,Amateur,Fucking Sex Machine and Vibrator Aften Opal ATK,adult;toys;aften;opal;atkgalleria;fucking;machine;fucking;machines;hd;kink;masturbate;petite;sex;machine;sex;machine;orgasm;sex;machines;shaking;orgasm,https://ei3.t8cdn.com/videos/201912/05/266477472/original/16(m=eWdT8haaaa)(mh=EtyKKXXoEuliYTQz).jpg
<iframe src="https://www.tube8.com/embed/milf/alura-jenson-sexpov-1/71091371/" frameborder=0 height=342 width=608 scrolling=no name="t8_embed_video"></iframe>,Milf,Alura Jenson Sexpov 1,sex;pov;roleplay;simulated;sex;point;of;view;big;tits;bigass;doggy;bigtits;blonde;fake;tits;italian;masturbating;pov;shavedpussy;thicc;,https://ei3.t8cdn.com/videos/201810/17/187852111/original/10(m=eWdT8haaaa)(mh=lZIXLqHO2SonF0xz).jpg
<iframe src="https://www.tube8.com/embed/erotic/inked-gurlz---emo-babe-plays-with-her-curvy-bod/71090851/" frameborder=0 height=342 width=608 scrolling=no name="t8_embed_video"></iframe>,Erotic,Inked Gurlz - Emo Babe Plays with her Curvy Bod,adult;toys;alt;girl;big;boobs;blonde;chubby;curvy;emo;goth;hd;inked;girls;inkedgurlz;piercings;sex;toys;short;hair;solo;tattoo;teen,https://ei3.t8cdn.com/videos/201912/11/267870462/original/12(m=eWdT8haaaa)(mh=d9UTOR0SUBytO_PU).jpg
<iframe src="https://www.tube8.com/embed/milf/curvy-milf-toni-lace-from-scotland-plays-with-sex-toys/71090811/" frameborder=0 height=342 width=608 scrolling=no name="t8_embed_video"></iframe>,Milf,Curvy milf Toni Lace from Scotland plays with sex toys,british;milf;british;mom;curvy;milf;hd;lelani;tizzie;masturbation;mature;toys;mature;women;milf;solo;milf;toys;mom;toys;olderwomanfun;strip;toni;lace,https://ei3.t8cdn.com/videos/201912/16/269052181/original/11(m=eWdT8haaaa)(mh=XU1hdwV31pCE6h23).jpg
<iframe src="https://www.tube8.com/embed/big%20dick/18vr-make-up-sex-with-busty-inked-teen-gf-liya-silver/71090771/" frameborder=0 height=342 width=608 scrolling=no name="t8_embed_video"></iframe>,Big Dick,18VR Make-Up Sex With Busty Inked Teen GF Liya Silver,18vr;3d;big;cock;big;tits;blowjob;brunette;hardcore;hd;inked;licking;pussy;make;up;pov;shower;tattoo;teen;virtual;reality;vr;porn,https://ei3.t8cdn.com/videos/201912/19/269777581/original/12(m=eWdT8haaaa)(mh=5GZ9NceAfkzZU-D6).jpg
<iframe src="https://www.tube8.com/embed/milf/christmas-feet-sex-with-stunning-busty-latina-sofi-ryan/71090741/" frameborder=0 height=342 width=608 scrolling=no name="t8_embed_video"></iframe>,Milf,Christmas Feet Sex With Stunning Busty Latina Sofi Ryan,big;boobs;christmas;cum;on;feet;curvy;feet;sex;foot;fuck;foot;porn;hd;holidays;kink;latina;loveherfeet;pink;nail;polish;santa;santa;claus;shaved;xmas,https://ei3.t8cdn.com/videos/201912/22/270605761/original/12(m=eWdT8haaaa)(mh=lTKu5m0GiBk84mo3).jpg
<iframe src="https://www.tube8.com/embed/milf/mom-gets-banged-by-associate%27-playfellow-and-sexy-big-tits-hd-horny-milf/59513781/" frameborder=0 height=342 width=608 scrolling=no name="t8_embed_video"></iframe>,Milf,Mom gets banged by associate' playfellow and sexy big tits hd Horny MILF,big;tits;blowjob;blowjob-eyes;brunette;family-taboo;fingering;hd;isis;love;missionary;pornstar;pussy;licking;shaved;teen;teen-porn;teen-sex;teenporn,https://ei1.t8cdn.com/201903/04/59513781/240x180/9.jpg
<iframe src="https://www.tube8.com/embed/asian/trikepatrol-big-tits-mixed-flilipino-fucks-big-dick/71091161/" frameborder=0 height=342 width=608 scrolling=no name="t8_embed_video"></iframe>,Asian,TRIKEPATROL Big Tits Mixed Flilipino Fucks Big Dick,amateur;asian;big;dick;big;tits;blowjob;curvy;facial;filipino;hardcore;hd;hd;missionary;retro;reverse;cowgirl;sex;trikepatrol,https://ei3.t8cdn.com/videos/201906/26/231610142/original/11(m=eWdT8haaaa)(mh=TUiUBrGPjBfq_95q).jpg
<iframe src="https://www.tube8.com/embed/fetish/extreme-tied-up-and-rough-soles-when-a-stranger-calls/59636311/" frameborder=0 height=342 width=608 scrolling=no name="t8_embed_video"></iframe>,Fetish,Extreme tied up and rough soles When A Stranger Calls,amateur;amateur-bondage;bdsm;bondage;brunette;cowgirl;extreme;hardcore;hd;pervert;perverted;rough;stand;and;carry;teen-porn;teen-sex;teenporn;teensex,https://ei1.t8cdn.com/201903/07/59636311/240x180/2.jpg
<iframe src="https://www.tube8.com/embed/blowjob/she-wants-all-the-cum/71091631/" frameborder=0 height=342 width=608 scrolling=no name="t8_embed_video"></iframe>,Blowjob,She Wants All The Cum,artistic;bj;blonde;cfnm;cock;sucking;cumshot;deep;throat;erotic;fellatio;felluciablowhd;handjobs;hd;hd;head;instructional;milf;milf;oral;sex;sensual,https://ei3.t8cdn.com/videos/201705/05/115427691/original/8(m=eWdT8haaaa)(mh=86JHmqNbGtvAfchq).jpg
<iframe src="https://www.tube8.com/embed/teen/babes---cute-petite-blonde-aubrey-sinclair-loves-shower-sex/71090161/" frameborder=0 height=342 width=608 scrolling=no name="t8_embed_video"></iframe>,Teen,BABES - Cute petite blonde Aubrey Sinclair loves shower sex,babes;babes.com;blonde;blowjob;cumshot;female;friendly;hardcore;hd;mgvideos;petite;porhub;porn;for;women;pornohub;romatic;shower;small;tits;wet,https://ei3.t8cdn.com/videos/202001/15/276887731/original/11(m=eWdT8haaaa)(mh=grocTeYp6AGnyXcM).jpg
<iframe src="https://www.tube8.com/embed/hardcore/female-fake-taxi-sabien-demonia-gets-her-gigantic-tits-out-for-thrills/71090391/" frameborder=0 height=342 width=608 scrolling=no name="t8_embed_video"></iframe>,Hardcore,Female Fake Taxi Sabien Demonia gets her Gigantic tits out for thrills,big;ass;big;boobs;big;cock;blowjob;bouncing;tits;butt;female;fake;taxi;gigantic;tits;hd;huge;tits;massive;boobs;pov;reality;rough;rough;sex,https://ei3.t8cdn.com/videos/202001/16/276987331/original/13(m=eWdT8haaaa)(mh=bvevSZa0Rjoi_b3v).jpg
<iframe src="https://www.tube8.com/embed/asian/reality-kings---petite-asian-avery-black-deepthroats-bbc/71090151/" frameborder=0 height=342 width=608 scrolling=no name="t8_embed_video"></iframe>,Asian,Reality Kings - Petite Asian Avery Black deepthroats bbc,big;black;cock;blowjob;hardcore;hd;interracial;mgvideos;porhub;pornohub;reality;kings;realitykings;skinny;small;boobs;sneaky;sex;teen;teenager;young,https://ei3.t8cdn.com/videos/202001/16/277061281/original/11(m=eWdT8haaaa)(mh=xiNAwryopmAcTrwS).jpg
<iframe src="https://www.tube8.com/embed/group%20sex/comrade-punish-face-deep-throat-challenge/59703141/" frameborder=0 height=342 width=608 scrolling=no name="t8_embed_video"></iframe>,Group Sex,comrade punish face Deep Throat Challenge,4some;brunettes;college;sluts;doggy;style;dorm;face;sitting;foursome;hd;knee;socks;missionary;orgasms;party;pov;pussy;licking;sex-party;teen-porn;teensex,https://ei1.t8cdn.com/201903/09/59703141/240x180/7.jpg
<iframe src="https://www.tube8.com/embed/threesome/teen-throat-gang-and-big-tit-fucks-white-first-time-duddyly-family/60298031/" frameborder=0 height=342 width=608 scrolling=no name="t8_embed_video"></iframe>,Threesome,Teen throat gang and big tit fucks white first time duddyly Family,3some;babes;blonde;brunette;college;sluts;doggy;style;hd;orgasms;point;of;view;taboo;tattoos;teen;teen-porn;teen-sex;teenporn;teensex;threeway;young,https://ei1.t8cdn.com/201903/25/60298031/240x180/14.jpg
<iframe src="https://www.tube8.com/embed/hardcore/wankz--female-boss-finds-hard-cock-in-office/70989251/" frameborder=0 height=342 width=608 scrolling=no name="t8_embed_video"></iframe>,Hardcore,WANKZ- Female Boss Finds Hard Cock In Office,babe;big;boobs;blowjob;boss;hardcore;hd;milf;mom;mother;office;redhead;sex;sexy;tits;wankz,https://ei3.t8cdn.com/videos/201705/30/118448371/original/5(m=eWdT8haaaa)(mh=BkGprUj9KviVxzJO).jpg
<iframe src="https://www.tube8.com/embed/mature/anna-fucks-a-gargantuan-dildo-in-her-car/70989101/" frameborder=0 height=342 width=608 scrolling=no name="t8_embed_video"></iframe>,Mature,Anna fucks a gargantuan dildo in her car,adult;toys;amateur;bizarre;blond;dilation;dildo;extreme;fetish;fucks;insertion;kink;masturbation;mature;old;sex;toy;sicflics;solo,https://ei3.t8cdn.com/videos/201712/04/143941652/original/5(m=eWdT8haaaa)(mh=HEkdlDsQ3P2c9JRr).jpg
<iframe src="https://www.tube8.com/embed/hardcore/bbw-reverse-gangbang/70956221/" frameborder=0 height=342 width=608 scrolling=no name="t8_embed_video"></iframe>,Hardcore,BBW reverse gangbang,alexxxis;allure;bbw;blowjob;brunette;chubby;chunky;erin;green;fat;fat;ass;group;sex;hardcore;hd;jeffsmodels;lady;lynn;marliese;morgan;plumper,https://ei3.t8cdn.com/videos/201702/23/107291602/original/12(m=eWdT8haaaa)(mh=nO1pENN4w7M22VxF).jpg
<iframe src="https://www.tube8.com/embed/asian/phim-sex-viet-nam-hoc-sinh-lo-clip-voi-ban-trai/71072261/" frameborder=0 height=342 width=608 scrolling=no name="t8_embed_video"></iframe>,Asian,phim sex viet nam hoc sinh lo clip voi ban trai,Asian;Anal;Asian;Big;Tits;viet;nam;sex;viet;nam;viet;nam;sex;phim;sex;viet;nam;vu;to;hoc;sinh,https://ei1.t8cdn.com/202001/16/71072261/240x180/15.jpg
<iframe src="https://www.tube8.com/embed/amateur/phim-sex-viet-nam-thu-dam-bang-chuoi-cuc-dam/71072051/" frameborder=0 height=342 width=608 scrolling=no name="t8_embed_video"></iframe>,Amateur,phim sex viet nam thu dam bang chuoi cuc dam,viet;nam;Vietnamese;Sex;Viet;Nam;Thu;Dam;tu;suong;dua;leo;phim;sex;viet;nam;viet;nam;sex,https://ei1.t8cdn.com/202001/16/71072051/240x180/13.jpg
<iframe src="https://www.tube8.com/embed/mature/disgusting-sex-with-very-skinny-mature-pussy/65157991/" frameborder=0 height=342 width=608 scrolling=no name="t8_embed_video"></iframe>,Mature,Disgusting sex with very skinny mature pussy,blowjob;blowjob;cum-in-mouth;disgusting;eating;pussy;facial;hairy;hd;older;woman;skinny;skinny-pussy;skinny-sex;small-tits;thin;very-skinny,https://ei1.t8cdn.com/201908/08/65157991/240x180/3.jpg
<iframe src="https://www.tube8.com/embed/teen/badoinkvr-sex-addicted-teen-adriana-chechik-squirts-all-over-you/70818371/" frameborder=0 height=342 width=608 scrolling=no name="t8_embed_video"></iframe>,Teen,BaDoinkVR Sex Addicted Teen Adriana Chechik Squirts All Over You,3d;babe;badoink;vr;badoinkvr;big;cock;brunette;deep;throat;fingering;foot;fetish;hd;natural;tits;nympho;pov;squirting;thick;dick;virtual;reality;vr;porn,https://ei3.t8cdn.com/videos/201910/04/252682711/original/11(m=eWdT8haaaa)(mh=s0Zt4I0ctk6M8Yox).jpg
<iframe src="https://www.tube8.com/embed/asian/cris-taliana-likes-giving-blowjobs/65008421/" frameborder=0 height=342 width=608 scrolling=no name="t8_embed_video"></iframe>,Asian,Cris Taliana likes giving blowjobs,pov;small;tits;brunette;casting;young;interview;Cris;Taliana;blowjob;oral;sex;hardcore;facial;cumshot;missionary;shaved;fellatio;,https://ei1.t8cdn.com/201908/04/65008421/240x180/13.jpg
<iframe src="https://www.tube8.com/embed/erotic/unbelievable-solo-sex-with-beauty-lili/70989031/" frameborder=0 height=342 width=608 scrolling=no name="t8_embed_video"></iframe>,Erotic,Unbelievable solo sex with beauty Lili,big;boobs;brunette;dildo;hd;masturbate;masturbation;milf;natural;tits;pornstar;pornstreamlive;sex;shaved;solo;solo;orgasm,https://ei3.t8cdn.com/videos/201807/16/174752791/original/11(m=eWdT8haaaa)(mh=4ZWchLuQATLXZgP_).jpg
<iframe src="https://www.tube8.com/embed/amateur/finally-get-married-sex-pov/70890871/" frameborder=0 height=342 width=608 scrolling=no name="t8_embed_video"></iframe>,Amateur,Finally get married Sex pov,blonde;married;pov;sex;babe;big;butt;big;ass;HD;SexPOV;teen;,https://ei3.t8cdn.com/videos/201801/05/148643812/original/9(m=eWdT8haaaa)(mh=arJ64ZArQqW6R8RJ).jpg
<iframe src="https://www.tube8.com/embed/fetish/fake-taxi-texas-patti-and-her-wild-fucking-ride-in-uk/71060161/" frameborder=0 height=342 width=608 scrolling=no name="t8_embed_video"></iframe>,Fetish,Fake Taxi Texas Patti and her Wild Fucking Ride in UK,american;big;cock;big;tits;blowjob;brunette;fake;taxi;fakehub;faketaxi;german;hardocre;hd;mom;mother;pornstar;real;sex;red;underwear;rough;rough;sex,https://ei3.t8cdn.com/videos/202001/15/276748641/original/12(m=eWdT8haaaa)(mh=dSC_rDAkkG8B5d1-).jpg
<iframe src="https://www.tube8.com/embed/amateur/tiny4k-busty-blonde-kendall-kayden-fucked-and-facialed/71058181/" frameborder=0 height=342 width=608 scrolling=no name="t8_embed_video"></iframe>,Amateur,Tiny4k Busty blonde Kendall Kayden fucked and facialed,4k;60fps;babe;bald;pussy;big;cock;blonde;blowjob;busty;drilled;facial;hardcore;hd;hd;hottie;kendall;kayden;perfect;tits;sex;tiny4k,https://ei3.t8cdn.com/videos/201705/30/118477221/original/15(m=eWdT8haaaa)(mh=KW-P2Xnrto1fdnT1).jpg
<iframe src="https://www.tube8.com/embed/big%20dick/badoinkvr-step-sister-angelika-grays-changes-sex-toy-for-a-big-d/71057361/" frameborder=0 height=342 width=608 scrolling=no name="t8_embed_video"></iframe>,Big Dick,BaDoinkVR Step Sister Angelika Grays Changes Sex Toy For A Big D,3d;badoink;vr;badoinkvr;big;cock;blowjob;doggy;hd;petite;pov;riding;sex;toys;small;tits;step;sister;stepfamily;roleplay;taboo;virtual;reality;vr;porn,https://ei3.t8cdn.com/videos/201912/13/268414372/original/15(m=eWdT8haaaa)(mh=FvAqst3oNFN9JbXd).jpg
<iframe src="https://www.tube8.com/embed/group%20sex/lusty-english-sluts-enjoy-a-christmas-gangbang-party/71057321/" frameborder=0 height=342 width=608 scrolling=no name="t8_embed_video"></iframe>,Group Sex,Lusty English sluts enjoy a Christmas gangbang party,big;boobs;big;dick;british;brunette;cock;sucking;cumshot;doggystyle;fishnets;group;hd;missionary;orgy;rough;sluts;spitroast;ukpornparty,https://ei3.t8cdn.com/videos/201912/19/269893711/original/7(m=eWdT8haaaa)(mh=P641foXAmS350Dc5).jpg
<iframe src="https://www.tube8.com/embed/group%20sex/linda-sweet-has-no-time-for-another-dick.-she-love%27s-bukkake-germangoogirls/71057201/" frameborder=0 height=342 width=608 scrolling=no name="t8_embed_video"></iframe>,Group Sex,Linda Sweet has no time for another dick. she love's Bukkake Germangoogirls,ass;fuck;blowbang;blowjob;bukkake;cum;cum;in;mouth;cumshot;cumshots;facial;gangbang;germangoogirls;hardcore;hd;swallow;unshaved;pussy;unshaved;redhead,https://ei3.t8cdn.com/videos/202001/02/273266411/original/5(m=eWdT8haaaa)(mh=DXmU1GSAMIped-NG).jpg
<iframe src="https://www.tube8.com/embed/step%20fantasy/syren-demer-sexpov/71057961/" frameborder=0 height=342 width=608 scrolling=no name="t8_embed_video"></iframe>,Step Fantasy,Syren Demer Sexpov,sexpov;pov;roleplay;simulated;sex;blowjob;reverse;cowgirl;missionary;step;mother;step;son;big;tits;mom;mother;milf;,https://ei3.t8cdn.com/videos/201809/22/184117191/original/13(m=eWdT8haaaa)(mh=e08ET4pgVy1kHmrn).jpg
<iframe src="https://www.tube8.com/embed/amateur/foot-pampering-and-femdom-feet-porn/71057941/" frameborder=0 height=342 width=608 scrolling=no name="t8_embed_video"></iframe>,Amateur,Foot Pampering And Femdom Feet Porn,arches;feet;clips;foot;femdom;foot;fetish;foot;porn;foot;sex;foot;worship;foot;worshiping;footjobs;girl;feet;hd;heels;kink;point;of;view;socks;soles;toes,https://ei3.t8cdn.com/videos/201810/02/185791421/original/4(m=eWdT8haaaa)(mh=R3lWZLUdyg8LfzX4).jpg
<iframe src="https://www.tube8.com/embed/hardcore/5-girls-one-after-the-other---the-sex-marathon%21/71057921/" frameborder=0 height=342 width=608 scrolling=no name="t8_embed_video"></iframe>,Hardcore,5 girls one after the other - the sex marathon!,big;boobs;blonde;blowjob;brunette;cock;sucking;colorclimax;cowgirl;cumshot;doggy;style;milf;missionary;reverse;cowgirl;sex;vintage,https://ei3.t8cdn.com/videos/201901/04/200055711/original/5(m=eWdT8haaaa)(mh=sUICjQS54n1np3vu).jpg
<iframe src="https://www.tube8.com/embed/fetish/letsdoeit---chubby-german-amateur-fucked-hard-by-her-uncle/71057881/" frameborder=0 height=342 width=608 scrolling=no name="t8_embed_video"></iframe>,Fetish,LETSDOEIT - Chubby German Amateur Fucked Hard By Her Uncle,big;boobs;butt;chubby;climax;clit;rubbing;orgasm;deepthroat;deutschland;report;deutschlandreport;hard;rough;sex;hd;huge;natural;tits;lets;doe;it;letsdoeit;orgasm;pierced;nipples;rough;stockings,https://ei3.t8cdn.com/videos/201904/01/216063871/original/12(m=eWdT8haaaa)(mh=x_SApbZGZjp-PiSX).jpg
<iframe src="https://www.tube8.com/embed/hardcore/vipsexvault--kinky-girlfriend-surprises-boyfriend-with-busty-teen-susi-gal/71057731/" frameborder=0 height=342 width=608 scrolling=no name="t8_embed_video"></iframe>,Hardcore,VIPSEXVAULT -Kinky Girlfriend Surprises BoyFriend With Busty Teen Susi Gal,3some;babe;big;ass;big;tits;cowgirl;hd;high;heels;letsdoeit;lingerie;los;consoladores;losconsoladores;reverse;cowgirl;rough;sexy;lingerie;fuck;spanish;tattoo;vip;sex;vault;vipsexvault,https://ei3.t8cdn.com/videos/201909/09/247267161/original/10(m=eWdT8haaaa)(mh=v6Nw5IKdOK2g1r6Y).jpg
<iframe src="https://www.tube8.com/embed/public/risky-public-sex-in-the-car-after-outdoor-fucking-with-louise-louellen-and/71057691/" frameborder=0 height=342 width=608 scrolling=no name="t8_embed_video"></iframe>,Public,Risky public sex in the car after outdoor fucking with Louise Louellen and,amateur;blowjob;british;car;daring;hd;louise;louellen;marino;outdoor;outside;pee;piss;public;rebecca;lee;roadtrips;roadtripsuk;sex,https://ei3.t8cdn.com/videos/201909/28/251334182/original/12(m=eWdT8haaaa)(mh=dVO78RjTyNwdjm6S).jpg
<iframe src="https://www.tube8.com/embed/erotic/beauty-angels---mishelle-klein---microphone%2C-stick-or-sex-toy%3F/71057621/" frameborder=0 height=342 width=608 scrolling=no name="t8_embed_video"></iframe>,Erotic,"Beauty-Angels - Mishelle Klein - Microphone, stick or sex toy?",adult;toys;babe;beautyangels;brunette;hd;hd;video;masturbate;masturbation;medium;tits;petite;shaved;socks;solo;striptease;teenager;toys;young,https://ei3.t8cdn.com/videos/201910/30/258214082/original/10(m=eWdT8haaaa)(mh=gk5PsPNOnAyTRcwp).jpg
<iframe src="https://www.tube8.com/embed/teen/hunt4k.-hunter-cherche-du-sexe-genial-pour-de-largent-au-bowling/71057611/" frameborder=0 height=342 width=608 scrolling=no name="t8_embed_video"></iframe>,Teen,HUNT4K. Hunter cherche du sexe genial pour de largent au bowling,amateur;cuckold;cash;cash;for;sex;cock;sucking;cuckold;czech;couple;money;hd;hunt4k;petite;point;of;view;pov;public;teenager;teens;for;cash;wife;for;cash;young,https://ei3.t8cdn.com/videos/201910/30/258244962/original/14(m=eWdT8haaaa)(mh=nQm87s-EQ4zWhhnn).jpg
<iframe src="https://www.tube8.com/embed/fetish/latina-teen-with-big-tits-gets-plowed-in-live-sex-show-after-deepthroating/71057511/" frameborder=0 height=342 width=608 scrolling=no name="t8_embed_video"></iframe>,Fetish,Latina Teen With Big Tits Gets Plowed in Live Sex Show After Deepthroating,adult;toys;all;natural;big;boobs;big;tits;brunette;fingering;hd;jay;smooth;latin;latina;masturbation;pussy;licking;real;tits;toys;trimmed;violet;starr;wildoncam,https://ei3.t8cdn.com/videos/201911/29/264983492/original/16(m=eWdT8haaaa)(mh=oXlWBHUAeWne2QzW).jpg
<iframe src="https://www.tube8.com/embed/teen/petite-swinger-charli-is-getting-nailed-by-a-lucky-geek/71058271/" frameborder=0 height=342 width=608 scrolling=no name="t8_embed_video"></iframe>,Teen,Petite swinger Charli is getting nailed by a lucky geek,amateur;blowjob;couple;ethnic;fucking;hardcore;hd;homemade;latina;newbie;oral;sex;petite;real;swinger;tiny,https://ei3.t8cdn.com/videos/201701/11/101975972/original/8(m=eWdT8haaaa)(mh=w7vZrF0csmyJw0En).jpg
<iframe src="https://www.tube8.com/embed/amateur/a-hot-milf-wants-her-ass-fucked-hard/71057471/" frameborder=0 height=342 width=608 scrolling=no name="t8_embed_video"></iframe>,Amateur,A HOT MILF Wants Her Ass Fucked HARD,anal;ass;fuck;cum;play;swallow;cumshot;dirty;talk;doggystyle;female;orgasm;guy;fingering;pussy;hardcore;hd;milf;missionary;pierced;nipples;pov;rough;sex;shaved;pussy;tampahousewives,https://ei3.t8cdn.com/videos/201912/06/266659832/original/13(m=eWdT8haaaa)(mh=pvxMjcskY48kaQ-8).jpg
<iframe src="https://www.tube8.com/embed/hardcore/sexy-lesbian-play-with-aaliyah-love-and-sovereign-syre/71058221/" frameborder=0 height=342 width=608 scrolling=no name="t8_embed_video"></iframe>,Hardcore,Sexy lesbian play with Aaliyah Love and Sovereign Syre,adult;toys;babe;blonde;boots;butt;plug;girl;on;girl;hardcore;hd;high;heels;hitachi;lesbo;natural;tits;pornstar;puba;sex;toys;shaved;pussy;skinny;small;tits;teen;totallesbian;vibrator,https://ei3.t8cdn.com/videos/201703/21/110475902/original/8(m=eWdT8haaaa)(mh=Tdf1cUKZ1a6WHSvV).jpg
<iframe src="https://www.tube8.com/embed/threesome/meat-stick-teen-and-young-big-booty-fighting-for-affection/59913931/" frameborder=0 height=342 width=608 scrolling=no name="t8_embed_video"></iframe>,Threesome,Meat stick teen and young big booty Fighting For Affection,3some;big;dick;blondes;college;sluts;family;handjob;hardcore;hardcore-sex;hd;missionary;pervert;point;of;view;pov;pov;small;tits;teen;teenporn;teensex,https://ei1.t8cdn.com/201903/15/59913931/240x180/6.jpg
<iframe src="https://www.tube8.com/embed/fetish/footsiebabes-lick-my-toes-%26-fuck-my-gape-poolside/70923471/" frameborder=0 height=342 width=608 scrolling=no name="t8_embed_video"></iframe>,Fetish,FootsieBabes Lick my Toes & Fuck my Gape Poolside,anal;ass;fuck;big;natural;tits;feet;foot;and;ass;foot;fuck;foot;sex;foot;worship;footsiebabes;hd;outdoor;outside;pool;public;toe;licking;toe;sucking;toes,https://ei3.t8cdn.com/videos/201911/25/264162562/original/15(m=eWdT8haaaa)(mh=wx6bYMTmLJyDdgBz).jpg
