sep=,
https://www.youporn.com/embed/15778052/fantasy-masturbation-in-outdoor-by-kana-miyashita-more-at-javhd-net/,,"Fantasy masturbation in outdoor by Kana Miyashita - More at javhd.net","japanese,nice teen,vibrator,solo girl,amateur,outdoor,toys,javhd,masturbation,fingering,swimsuit,interview",https://di1.ypncdn.com/202001/02/15778052/original/15/fantasy-masturbation-in-outdoor-by-kana-miyashita-more-at-javhd-net-15(m=eaf8Kgaaaa).jpg
https://www.youporn.com/embed/15702798/sexy-gymnastic-teen-zu-zu/,,"Sexy gymnastic teen Zu Zu","teen,petite,Czech,shaved,bridge,teen gymnast,young gymnast,flexible,small tits,young,hd,pose,nude,sensual",https://di1.ypncdn.com/201911/26/15702798/original/14/sexy-gymnastic-teen-zu-zu-14(m=eaf8Kgaaaa).jpg
https://www.youporn.com/embed/15783834/sexy-yanks-babe-lilith-masturbating-her-slit/,"1,27,52,55,65","Sexy Yanks Babe Lilith Masturbating Her Slit","Brunette,HD,Yanks Featured Video,amateur,solo,softcore,masturbation,small tits,petite,panties,pawg,undress",https://di1.ypncdn.com/202001/07/15783834/original/13/sexy-yanks-babe-lilith-masturbating-her-slit-13(m=eaf8Kgaaaa).jpg
https://www.youporn.com/embed/15794686/elena-proklova-underwater-mermaid-in-pink-dress/,"1,27,32,51,65","Elena Proklova underwater mermaid in pink dress","outdoor,solo,shaved,underwatershow,Elena Proklova,skinny dipping,petite,flexible,small tits,blonde,hd,perky tits",https://di1.ypncdn.com/202001/10/15794686/original/13/elena-proklova-underwater-mermaid-in-pink-dress-13(m=eaf8Kgaaaa).jpg
https://www.youporn.com/embed/15548756/smoking-hot-blonde-teen-loves-his-big-meaty-cock/,"1,9,15,32,47,51,54,93,111,117","Smoking hot blonde teen loves his big meaty cock","amateur,homemade,pick up,teen,hardcore,blowjob,petite,small tits,big cock,pussy licking,shaved,amateur teen,HomegrownVideo,blonde",https://di1.ypncdn.com/201908/28/15548756/original/14/smoking-hot-blonde-teen-loves-his-big-meaty-cock-14(m=eaf8Kgaaaa).jpg
https://www.youporn.com/embed/15699746/amateur-blonde-lesbians-fucking-with-toys-outdoors/,"1,7,15,26,32,44,51,54,62,109","Amateur blonde lesbians fucking with toys outdoors","amateur,homemade,lesbian,toy,fingering,pussy licking,big tits,blonde,shaved,natural tits,piercings,orgasm,HomegrownVideo",https://di1.ypncdn.com/201911/24/15699746/original/16/amateur-blonde-lesbians-fucking-with-toys-outdoors-16(m=eaf8Kgaaaa).jpg
https://www.youporn.com/embed/15127819/hot-blonde-toying-both-of-her-holes-on-webcam/,"1,2,32,35,51,54,55,66,99","Hot blonde toying both of her holes on webcam","amateur,masturbating,webcam,anal masturbation,petite,dildo,pawg,natural tits,shaved,female orgasm,teen",https://di1.ypncdn.com/201901/21/15127819/original/2/hot-blonde-toying-both-of-her-holes-on-webcam-2(m=eaf8Kgaaaa).jpg
https://www.youporn.com/embed/15669012/cindy-lou-fake-casting-in-cedar-rapids-hotel/,"1,10,32,36,41,65,137","cindy lou fake casting in cedar rapids hotel","blonde,braces,casting,casting couch,cedar rapids,crazy,first time,gymnast,hotel,iowa,nebraskacoeds,nervous,point of view,real,teenager,young",https://fi1-ph.ypncdn.com/videos/201911/05/259594312/original/14(m=eaf8Kgaaaa)(mh=FQA_Zd7mEtNM_Qsh).jpg
https://www.youporn.com/embed/15794704/bassza-meg-naked-and-flexible-blonde-teen/,,"Bassza Meg naked and flexible blonde teen","bridge,teen gymnast,young gymnast,gymnasts,teen,inked,busty,amateur,hd,solo,shaved,splits,blonde",https://di1.ypncdn.com/202001/10/15794704/original/6/bassza-meg-naked-and-flexible-blonde-teen-6(m=eaf8Kgaaaa).jpg
https://www.youporn.com/embed/15737628/maki-sarada-deals-cock-like-a-pro-and-makes-sure-to-swallow-more-at-slurpjp-com/,"1,9,38,65,71","Maki Sarada deals cock like a pro and makes sure to swallow - More at Slurpjp com","japanese,cum in mouth,mmf,masturbation,sex toys,pink pussy,amateur,blowjob,cumshot,threesome,ferame,vibrator",https://di1.ypncdn.com/201912/20/15737628/original/8/maki-sarada-deals-cock-like-a-pro-and-makes-sure-to-swallow-more-at-slurpjp-com-8(m=eaf8Kgaaaa).jpg
https://www.youporn.com/embed/15419820/yanks-mary-lou-works-hard-for-her-orgasm/,"1,27,51,55,65","Yanks Mary Lou Works Hard for Her Orgasm","LactatingShower,Tub Play,Yanks Featured Video,amateur,solo,softcore,water massage,shaved,blonde,hd,busty,masturbation",https://di1.ypncdn.com/201907/01/15419820/original/2/yanks-mary-lou-works-hard-for-her-orgasm-2(m=eaf8Kgaaaa).jpg
https://www.youporn.com/embed/15277599/young-blonde-slut-with-a-tight-body-fucks-an-older-man/,"1,9,15,54,66","Young blonde slut with a tight body fucks an older man","amateur,homemade,hardcore,blowjob,pussy licking,HomegrownVideo,blonde,doggystyle,tattoos,natural tits,old young",https://di1.ypncdn.com/201904/08/15277599/original/2/young-blonde-slut-with-a-tight-body-fucks-an-older-man-2(m=eaf8Kgaaaa).jpg
https://www.youporn.com/embed/15563318/19-black-slut-jennyx-with-twerking-booty-and-sexy-smile/,"1,6,8,27,35,44,55,65","19 black slut Jennyx with twerking booty and sexy smile","18,19,black-girl,personalty,teen,teenager,sexy-teen,ebony-teen,big-ass,huge-ass,black-teen,18-ebony,big butt,toys,dildos,ebony,solo girl,webcam,amateur",https://di1.ypncdn.com/201909/04/15563318/original/8/19-black-slut-jennyx-with-twerking-booty-and-sexy-smile-8(m=eaf8Kgaaaa).jpg
https://www.youporn.com/embed/15694460/bbc-king-nasir-tapping-redboned-vanity-vixen-mp4/,"1,6,8,65,111","bbc King Nasir tapping redboned vanity vixen.mp4","cock,amateur,pornstars,reality,ghetto,black,ebony,bbc,big dick,blowjob,deepthroat,gonzo,big butt,doggystyle,tattoos,thehabibshow,riding",https://di1.ypncdn.com/201911/20/15694460/original/9/bbc-king-nasir-tapping-redboned-vanity-vixen-mp4-9(m=eaf8Kgaaaa).jpg
https://www.youporn.com/embed/15431446/yanks-natalia-chaplin-s-body-shaking-orgasm/,"1,27,44,65,99","Yanks Natalia Chaplin's Body Shaking Orgasm","HD,Toys,Yanks Featured Video,amateur,solo,vibrator,milf,Natalia Chaplin,hd,female orgasm,blonde,dildo",https://di1.ypncdn.com/201907/06/15431446/original/15/yanks-natalia-chaplin-s-body-shaking-orgasm-15(m=eaf8Kgaaaa).jpg
https://www.youporn.com/embed/15133617/curly-hair-amateur-loves-having-her-mouth-fucked/,"1,9,36,47,52,54,62,66,109","Curly hair amateur loves having her mouth fucked","amateur,blowjob,petite,shaved,fingering,amateur blowjob,pov,sucking cock,brunette,natural tits,cum in mouth",https://di1.ypncdn.com/201901/24/15133617/original/8/curly-hair-amateur-loves-having-her-mouth-fucked-8(m=eaf8Kgaaaa).jpg
https://www.youporn.com/embed/15768000/katy-soroka-hairy-teen-underwater/,"1,27,32,48,65","Katy Soroka hairy teen underwater","underwatershow,watersports,Katy Soroka,solo girl,petite,european,hd,teen,amateur,pawg,skinny dipping,trimmed,small tits",https://di1.ypncdn.com/201912/24/15768000/original/13/katy-soroka-hairy-teen-underwater-13(m=eaf8Kgaaaa).jpg
https://www.youporn.com/embed/15701194/masturbating-in-public-place/,"1,27,30,55,62,65","Masturbating in public place","solo,masturbates,public,blonde,amateur,masturbate,masturbation,solo girl,HD,small tits,fingering,outdoors",https://di1.ypncdn.com/201911/25/15701194/original/10/masturbating-in-public-place-10(m=eaf8Kgaaaa).jpg
https://www.youporn.com/embed/15712926/pleasant-blonde-young-lady-with-fake-boobs-taking-a-shower/,"1,6,7,27,32,35,51,54,55,62,65,91","pleasant blonde young lady with fake boobs taking a shower","amateur,babe,big natural tits,big tits,blonde,teen,tits,webcam,blonde girl,boob,hd,girl",https://di1.ypncdn.com/201912/03/15712926/original/1/pleasant-blonde-young-lady-with-fake-boobs-taking-a-shower-1(m=eaf8Kgaaaa).jpg
https://www.youporn.com/embed/15788014/young-ebony-teen-doggystyle-creampie/,,"Young ebony teen doggystyle creampie","ebony,african,teen,young,doggystyle,creampie,internal cumshot,amateur,homemade,interracial,bubblebutt,big booty,hd",https://di1.ypncdn.com/202001/09/15788014/original/9/young-ebony-teen-doggystyle-creampie-9(m=eaf8Kgaaaa).jpg
https://www.youporn.com/embed/15288927/two-amateur-lesbians-take-turns-trying-out-their-toys/,"1,7,26,44,51,52,54,55,66,109","Two amateur lesbians take turns trying out their toys","amateur,homemade,lesbian,toy,trimmed,strapon,HomegrownVideo,dildo,masutrbate,masturbation,big butt,shaved,twenties,big tits",https://di1.ypncdn.com/201904/15/15288927/original/9/two-amateur-lesbians-take-turns-trying-out-their-toys-9(m=eaf8Kgaaaa).jpg
https://www.youporn.com/embed/15766234/ai-nashi-lands-a-lot-of-dick-in-her-tiny-holes-more-at-69avs-com/,,"Ai Nashi lands a lot of dick in her tiny holes - More at 69avs.com","asian,japanese,shaving pussy,fingering,cock sucking,doggy-style,group sex,shaved pussy,Ai Nashi,shave pussy,hd,ffm,amateur",https://di1.ypncdn.com/201912/23/15766234/original/13/ai-nashi-lands-a-lot-of-dick-in-her-tiny-holes-more-at-69avs-com-13(m=eaf8Kgaaaa).jpg
https://www.youporn.com/embed/15626832/dude-gives-it-to-a-hot-babe-and-cums-hard/,"1,2,51,65,111","Dude gives it to a hot babe and cums hard","amateur,anal,ass fuck,big ass,big tits,blonde,homemade,lovehomeporn,shaved pussy,pussy licking,vibrator,big dick,doggy,reverse cowgirl,tanlines,cum on ass",https://fi1-ph.ypncdn.com/videos/201910/09/253834651/original/12(m=eaf8Kgaaaa)(mh=2fgbSnRF8_FLoAKB).jpg
https://www.youporn.com/embed/15799538/vintage-tape-of-amateur-couple-doing-it-on-the-sofa/,"1,12,29,37,47,48,52,93","Vintage tape of amateur couple doing it on the sofa","wifebucket,amateur couples,homemade,couple,amateur,milf,vintage,retro,real amateur,real couples,homemade sex,vintage tape",https://di1.ypncdn.com/202001/14/15799538/original/13/vintage-tape-of-amateur-couple-doing-it-on-the-sofa-13(m=eaf8Kgaaaa).jpg
https://www.youporn.com/embed/15787766/18videoz-mika-sexually-liberated-cock-lover/,"1,32,47,48","18videoz - Mika - Sexually liberated cock lover","teen,blowjob,petite,amateur,european,missionary,skinny,brunette,spooning,doggy,riding,young",https://di1.ypncdn.com/202001/09/15787766/original/12/18videoz-mika-sexually-liberated-cock-lover-12(m=eaf8Kgaaaa).jpg
https://www.youporn.com/embed/15559904/fucking-my-hot-girlfriend-and-she-swallow-cum-after/,"1,12,36,47,52,65","Fucking my hot girlfriend and she swallow cum after","hardcore,brunette,girlfriend,pov,couples,big dick,missionary,doggystyle,bubble butt,blowjob,handjob,amateur,cumshot",https://di1.ypncdn.com/201909/02/15559904/original/16/fucking-my-hot-girlfriend-and-she-swallow-cum-after-16(m=eaf8Kgaaaa).jpg
https://www.youporn.com/embed/15605590/babe-with-big-boobs-riding-a-hard-bbc/,"1,7,65,66,111","babe with big boobs riding a hard bbc","amateur,bbc,big boobs,big tits,brunette,homemade,interracial,lovehomeporn,shaved pussy,anal,reverse cowgirl,spooning,cum on tits",https://fi1-ph.ypncdn.com/videos/201909/26/251026952/original/7(m=eaf8Kgaaaa)(mh=e67rc6hNvehSkxgG).jpg
https://www.youporn.com/embed/15735284/blonde-babe-masturbating-in-public-parking-lot/,,"Blonde babe masturbating in public parking lot","public,blonde,risky,petite,side of the road,dildo,adult toys,masturbation,medium tits,orgasm,outdoors,outside,amateur",https://di1.ypncdn.com/201912/18/15735284/original/10/blonde-babe-masturbating-in-public-parking-lot-10(m=eaf8Kgaaaa).jpg
https://www.youporn.com/embed/15627386/perfect-teen-girlfriend-sucks-big-dick-before-bed-and-swallows-cum/,"1,7,9,12,22,32,36,37,48,52,59,65,111,125","Perfect teen girlfriend sucks big dick before bed and swallows cum","Big tits,big natural tits,teen,big tits,big dick,british,amateur,couple,Cumshot,swallow,cum in mouth,blowjob,deep throat,brunette",https://di1.ypncdn.com/201910/10/15627386/original/1/perfect-teen-girlfriend-sucks-big-dick-before-bed-and-swallows-cum-1(m=eaf8Kgaaaa).jpg
https://www.youporn.com/embed/15620512/alone-with-my-new-step-son-ph5ccf668954d25-mp4/,"1,29,65","Alone With My New Step-Son-ph5ccf668954d25.mp4","brunette,milf,step son,step fantasy,doggy style,missionary,orgasm,tattoos,blowjob,pov,hd,side fucking,shaved",https://di1.ypncdn.com/201910/05/15620512/original/15/alone-with-my-new-step-son-ph5ccf668954d25-mp4-15(m=eaf8Kgaaaa).jpg
https://www.youporn.com/embed/15772656/sexy-babe-with-huge-round-ass-masturbates/,,"Sexy Babe With Huge Round Ass Masturbates","Cam4Free,Amateur,Webcam,Busty,Solo Girl,Toying,Dildo,Fingering,stockings,shaved,glasses,hd",https://di1.ypncdn.com/201912/28/15772656/original/8/sexy-babe-with-huge-round-ass-masturbates-8(m=eaf8Kgaaaa).jpg
https://www.youporn.com/embed/15800194/granny-watches-porn-before-fucking/,"1,9,28,47","Granny watches porn before fucking!","blowjob,cumshot,mature,maturendirty,staxxx,gilf,shaved,missionary,granny,small tits,masturbation,erect nipples,cougar",https://fi1-ph.ypncdn.com/videos/202001/14/276606071/original/12(m=eaf8Kgaaaa)(mh=sUH-qKT7FiuBG3dn).jpg
https://www.youporn.com/embed/15158043/hot-female-gets-orgasm-fucking-machine-so-fast-body-oil-and-pussy-hd/,"1,2,32,39,44,55,73,75","Hot Female gets Orgasm fucking machine so Fast & Body Oil and Pussy HD","adult toys,big ass,blessed,body oil,butt,female orgasm,fucking,fucking machine,oil ass,orgasm,rough,teen,teenager,young",https://fi1-ph.ypncdn.com/videos/201901/22/203247201/original/8(m=eaf8Kgaaaa)(mh=he_MS4wU_y8JCmK8).jpg
https://www.youporn.com/embed/15181329/regarde-moi-me-faire-baiser-pour-toi-couple-amateur-francais-sextwoo/,"1,13,49,52,65,73","Regarde moi me faire baiser pour toi - Couple amateur français Sextwoo -","amateur francais,bellatina french,big cock,candauliste,francaise baise hard,french amateur,french creampie,hard fuck,jolie francaise,orgasme francaise,perfect pussy fuck,sextwoo french,sexy girl",https://fi1-ph.ypncdn.com/videos/201812/12/196341601/original/8(m=eaf8Kgaaaa)(mh=X4Z7pYVh_vvYOBpA).jpg
https://www.youporn.com/embed/15718840/hot-friends-sister-in-yoga-pants-masturbates/,"1,27,55,62,65,99","Hot friends sister in yoga pants masturbates","yoga,fingering,young,teenager,shaved,natural tits,masturbating,webcam,orgasm,brunette,babe,big ass",https://di1.ypncdn.com/201912/06/15718840/original/10/hot-friends-sister-in-yoga-pants-masturbates-10(m=eaf8Kgaaaa).jpg
https://www.youporn.com/embed/15527986/liked-it-with-stepbrother-what-should-i-do-family-therapy-by-mihanika69/,"1,9,32,37,48,65,73,111,137","liked it with stepbrother! What should I do? FAMILY THERAPY by MihaNika69","amateur,beautiful teen,big boobs,big cock,blowjob,cum face,cumshot,family therapy,kink,mihanika69,russian homemade,step family,step sister,teenager,young",https://fi1-ph.ypncdn.com/videos/201907/06/233698711/thumbs_5/8(m=eaf8Kgaaaa)(mh=dK_hBm38W0GBHaDi).jpg
https://www.youporn.com/embed/15707866/mai-mariya-brings-orgasms-on-her-hairy-nasty-crack-with-sex-toys-more-at-hotajp-com/,"1,27,44,55,71","Mai Mariya brings orgasms on her hairy nasty crack with sex toys - More at hotajp.com","japanese,nice teen,small tits,amateur,masturbation,wet pussy,hairy pussy,sex toys,dildo,vibrator,pussy,alljapanesepass,female orgasm,solo girl,hairy",https://di1.ypncdn.com/201911/30/15707866/original/12/mai-mariya-brings-orgasms-on-her-hairy-nasty-crack-with-sex-toys-more-at-hotajp-com-12(m=eaf8Kgaaaa).jpg
https://www.youporn.com/embed/15560432/please-please-cum-on-my-face-and-give-full-load-in-my-mouth-amateur/,"1,9,32,53,65,73","Please Please Cum On My Face and Give Full Load in My Mouth Amateur","amateur,blowjob,boobs,cum in mouth,cum swallow,cumface,deepthroat,deepthroat tears,dick,facial,oral creampie,pulsating,redhead,suck,teen,throbbing",https://fi1-ph.ypncdn.com/videos/201908/09/240683601/original/8(m=eaf8Kgaaaa)(mh=4Z_WnmVy1yd0CZ8F).jpg
https://www.youporn.com/embed/15783212/35-yp-mp4/,"1,65",35-YP.mp4,"ebony,ebony teen,black teen,doggystyle,creampie,internal cumshot,young black,interracial creampie,amateur creampie,african teen,young ebony,Bambulax",https://di1.ypncdn.com/202001/06/15783212/original/13/35-yp-mp4-13(m=eaf8Kgaaaa).jpg
https://www.youporn.com/embed/15410160/compilation-ruined-orgasm-lianagood/,"1,11,22,32,36,37,44,48,73,79,85","Compilation ruined orgasm! - LianaGood","bdsm,big load,close up,cock tease,compilation cumshot,compilation handjob,cum,edging,exclusive,femdom,femdom handjob,mistress slave,pov,ruined orgasm,teenager,young",https://fi1-ph.ypncdn.com/videos/201905/25/225595421/original/8(m=eaf8Kgaaaa)(mh=ACsDpZJo24NE3XfZ).jpg
https://www.youporn.com/embed/15695210/teen-loves-to-deepthroat-suck/,"1,9,32,36,37,59,111","Teen Loves To Deepthroat Suck","teen,amateur,blowjob,oral,deepthroat,gagging,fellatio,homemade,young,big dick,sloppy",https://di1.ypncdn.com/201911/20/15695210/original/15/teen-loves-to-deepthroat-suck-15(m=eaf8Kgaaaa).jpg
https://www.youporn.com/embed/15503970/zazie-mp4/,"1,32,51,65",Zazie.mp4,"doctor,couples fucking,virgin,blowjob,doggystyle,blonde,petite,teen,shaved,bubble butt,side fuck,riding,cowgirl,masturbation,pussy licking,amateur",https://di1.ypncdn.com/201908/07/15503970/original/1/zazie-mp4-1(m=eaf8Kgaaaa).jpg
https://www.youporn.com/embed/15377215/step-sister-bathroom-creampie-meana-wolf/,"1,3,6,13,32,42,47,52,73,75,111,137","Step Sister Bathroom Creampie - Meana Wolf","amateur,asian teen,big cock,butt,creampie,family therapy,fantasy,intimate,perfect body,popular with women,real siblings,reality,related,seduced,teenager,young",https://fi1-ph.ypncdn.com/videos/201903/20/213994472/original/8(m=eaf8Kgaaaa)(mh=QkLrjL6ErhoX488A).jpg
https://www.youporn.com/embed/15289185/throbbing-cock-fills-her-mouth-of-cum-amateur-girlfriend-blowjob/,"1,7,9,18,32,37,65,73,111","Throbbing Cock Fills Her Mouth Of Cum, Amateur Girlfriend Blowjob","amateur blowjob,big boobs,big cock,blowjob brunette,blowjob swallow,brunette big tits,cum swallow,hot sexy naked women,lingerie,pulsating cock,pulsating creampie,pulsating cumshot,sexy feet,sexy legs,throbbing cock,veronika charm",https://fi1-ph.ypncdn.com/videos/201903/16/213397692/original/7(m=eaf8Kgaaaa)(mh=bDbO5IFvSF3xzvRw).jpg
https://www.youporn.com/embed/15787522/au-pair-studentin-und-touristin-abgeschleppt-german-guy-public-pick-up-skinny-tourist-teen-for-outdoor-casting/,"1,32,58,65,117","Au pair Studentin und touristin abgeschleppt - german guy public pick up skinny tourist teen for outdoor casting","german,amateur,teen,skinny,student,tourist,pick up,german pickup,casting,petite,blinddate,usertreffen,blowjob,tattoos,doggystyle,reverse cowgirl,small tits,missionary,riding",https://di1.ypncdn.com/202001/08/15787522/original/11/au-pair-studentin-und-touristin-abgeschleppt-german-guy-public-pick-up-skinny-tourist-teen-for-outdoor-casting-11(m=eaf8Kgaaaa).jpg
https://www.youporn.com/embed/15636672/room-service-empleada-es-seducida-por-huesped-mientras-limpiaba-el-cuarto/,"1,6,37,39,49,52,65,73,75,137","ROOM SERVICE! Empleada es seducida por huésped mientras limpiaba el cuarto","big ass,butt,cumshot,hotel maid,hotel sex,jolla,jolla pr,jollapr,latin,latina,mark stones,orgasm,room service,seduction,squirt,squirting",https://fi1-ph.ypncdn.com/videos/201908/23/243681871/original/8(m=eaf8Kgaaaa)(mh=de27-hJx1rCLH0mN).jpg
https://www.youporn.com/embed/15354747/playful-pussy-fucking-and-squirting-lactating-tits-dropping-milk/,"1,22,37,39,73","Playful pussy fucking and squirting. Lactating tits dropping milk.","boobs,close up,cock,cumshot,handjob,huge,lactating,lactation,orgasm,playful,pussy,squirt,squirter,teasing,tits",https://fi1-ph.ypncdn.com/videos/201905/17/224161171/original/8(m=eaf8Kgaaaa)(mh=hhvg5JJ4e8YUCRfN).jpg
https://www.youporn.com/embed/15437218/schoolgirl-gets-an-accidental-creampie-from-her-teacher/,"1,13,32,52,65,73,117","Schoolgirl Gets An Accidental Creampie From Her Teacher","accidental creampie,after class,amateur,babe,creampie,knee high socks,petite,schoolgirl,socks,teacher,teen creampie,teenager,tinna angel,young",https://fi1-ph.ypncdn.com/videos/201905/07/222373501/thumbs_10/8(m=eaf8Kgaaaa)(mh=UluRETkhNNtM1iwS).jpg
https://www.youporn.com/embed/15789112/skinny-blonde-gf-worships-big-cock-pov-trueamateur/,"1,32,47,51","skinny blonde gf worships big cock POV - Trueamateur","amateur,blonde,pov,teen,teenager,trueamateur,trueamateurs,verified amateurs,young,eva elfie,doggy,blowjob,busty,pawg,cumshot",https://fi1-ph.ypncdn.com/videos/202001/09/275296211/original/15(m=eaf8Kgaaaa)(mh=936-WyDlUEHqa8Fy).jpg
https://www.youporn.com/embed/15299449/young-amateur-babe-in-stockings-rides-reverse-cowgirl-and-pussy-creampie/,"1,6,9,10,36,37,51,73","Young Amateur Babe In Stockings Rides Reverse Cowgirl and Pussy Creampie","ass,babe,booty,butt,couple,doggystyle,hd porn,lingerie,pawg,point of view,pov blowjob,reverse cowgirl,reverse cowgirl pov,stockings,teen,young couple",https://fi1-ph.ypncdn.com/videos/201903/03/210946561/original/8(m=eaf8Kgaaaa)(mh=zyZyXatmRPM8PUGJ).jpg
https://www.youporn.com/embed/15552698/beautiful-school-teacher-getting-pussy-fucked/,"1,52,65,117","Beautiful school teacher getting pussy fucked","hardcore,cumshot,brunette,amateur,small tits,doggystyle,missionary,cowgirl,riding,side fuck,blowjob",https://di1.ypncdn.com/201908/30/15552698/original/14/beautiful-school-teacher-getting-pussy-fucked-14(m=eaf8Kgaaaa).jpg
https://www.youporn.com/embed/15611366/japanese-love-kiss/,"1,7,33,71","Japanese love kiss","japanese,amateur,big tits,milf,straight sex,pussy licking,blowjob,licking,fingering,foreplay,vintage,retro,music,titjob,hairy,riding,cowgirl,missionary",https://di1.ypncdn.com/201909/30/15611366/original/12/japanese-love-kiss-12(m=eaf8Kgaaaa).jpg
https://www.youporn.com/embed/15582236/teen-gets-analized-on-chair/,"1,2,9,58,59,65,66","Teen gets analized on chair","anal,hardcore,cumswallow,stockings,big butt,doggystyle,brunette,german,homemade,blowjob,couples,swallow,cum in mouth,ass to mouth,deepthroat,handjob",https://di1.ypncdn.com/201909/15/15582236/original/1/teen-gets-analized-on-chair-1(m=eaf8Kgaaaa).jpg
https://www.youporn.com/embed/15342237/she-swallow-it-all-big-cumshot-in-mouth-after-sensual-blowjob/,"1,7,9,22,25,37,48,59,73","She swallow it all! big cumshot in mouth after sensual blowjob","amateur blowjob,big boobs,blowjob swallow,cum mouth,cum swallow,cumshot,handjob,italian blowjob,italian handjob,sensual blowjob,sensual handjob",https://fi1-ph.ypncdn.com/videos/201905/16/223955571/thumbs_10/6(m=eaf8Kgaaaa)(mh=0R1h3DXVMiJSFcqE).jpg
https://www.youporn.com/embed/15601202/teen-with-big-boobs-squirts-for-the-first-time-on-my-cock-chessie-rae/,"1,7,32,37,39,51,65,73","Teen with big boobs squirts for the first time on my cock - Chessie Rae","amateur couple,amateur teen,big boobs,big natural tits,big tit teen,big tits,big tits missionary,chessie rae,loud moaning,missionary,point of view,skinny teen big tits,squirting,teen squirt,teenager,young",https://fi1-ph.ypncdn.com/videos/201908/18/242523681/thumbs_39/4(m=eaf8Kgaaaa)(mh=914c4yB_fYcr3HDs).jpg
https://www.youporn.com/embed/15249647/the-flare-watch-how-bae-takes-this-big-black-dick-in-her-ass/,"1,2,6,8,47,73,75,111","The Flare - Watch how Bae takes this big black dick in her ass","anal,ass fuck,bbc,bent over,big ass,big cock,big dick,black,butt,ebony anal,from behind,phat ass,tattoos",https://fi1-ph.ypncdn.com/videos/201802/25/155940472/original/8(m=eaf8Kgaaaa)(mh=Ie8W00fzqnQDqHRX).jpg
https://www.youporn.com/embed/15482920/teen-emily-white-is-horny-for-ulf-larsen/,,"Teen Emily White is horny for Ulf Larsen","pierced,ulf larsen,slim,horny,ukraine,grandpa,pissing,dirty talking,taboo,norwegian,wet pussy,old-young",https://di1.ypncdn.com/201907/28/15482920/original/3/teen-emily-white-is-horny-for-ulf-larsen-3(m=eaf8Kgaaaa).jpg
https://www.youporn.com/embed/15400920/3138125-hot-latina-mp4/,"1,2,6,27,44,49,55",3138125_hot_latina.mp4,"Colombian,dildo,solo,masturbate,masturbation,solo girl,webcam,homemade,latina,squirt,squirting,big butt,big ass,anal",https://di1.ypncdn.com/201906/24/15400920/original/4/3138125-hot-latina-mp4-4(m=eaf8Kgaaaa).jpg
https://www.youporn.com/embed/15602174/hot-babe-in-sexy-lingerie-likes-sex/,"1,2,51,65,66","hot babe in sexy lingerie likes sex","amateur,anal,ass fuck,blonde,cowgirl,homemade,interracial,lovehomeporn,shaved pussy,bbc,lingerie,reverse cowgirl,creampie",https://fi1-ph.ypncdn.com/videos/201909/24/250615121/original/9(m=eaf8Kgaaaa)(mh=U05yRUN2VU0sl_BZ).jpg
https://www.youporn.com/embed/15764222/blonde-milf-with-glasses-squirting/,"1,28,29,35,39,44,51,55,65,99","Blonde MILF with Glasses SQUIRTING","blonde,milf,glasses,short hair,squirt,squirting,hairy pussy,mature,old woman,granny,masturbating,amateur",https://di1.ypncdn.com/201912/21/15764222/original/12/blonde-milf-with-glasses-squirting-12(m=eaf8Kgaaaa).jpg
https://www.youporn.com/embed/15404044/mmmm-nice-ass-and-wet-pussy-riding-dildo/,"1,6,10,32,44,51,55,65,73","MMMM nice ass and wet pussy riding dildo","amateur teen,big ass,blonde,blonde girl,butt,fit girl,fit teen,hot girl,littlebuffbabe,masturbate,perfect body,sexy tattooed girl,teenager,wet pussy sound,young",https://fi1-ph.ypncdn.com/videos/201905/05/221878271/original/8(m=eaf8Kgaaaa)(mh=S0fMsrssGYTbeU8Y).jpg
https://www.youporn.com/embed/15599222/big-dick-barely-penetrates-tight-pussy/,"1,32,36,37,47,65,73","Big dick barely penetrates tight pussy","big cock,big dick,cumshot,pov,pov sex,pussy,teen,tight pussy,young,shaved,moaning,point of view",https://fi1-ph.ypncdn.com/videos/201907/23/237161781/original/8(m=eaf8Kgaaaa)(mh=DuHsHG1TDDx7C_79).jpg
https://www.youporn.com/embed/15122503/watching-my-hot-girlfriend-play-with-her-tight-pussy/,"1,27,46,52,62,66","Watching my hot girlfriend play with her tight pussy","amateur,masturbating,fingering,petite,skinny,amateur masturbating,small boobs,homegrown,pawg,brunette,bush,dildo",https://di1.ypncdn.com/201901/18/15122503/original/6/watching-my-hot-girlfriend-play-with-her-tight-pussy-6(m=eaf8Kgaaaa).jpg
https://www.youporn.com/embed/15783572/step-mom-margarita-brutal-dildo-wet-pussy-stretch-in-sauna/,"1,29,44,51,65","step-mom margarita brutal dildo wet pussy stretch in sauna","adult toys,behind the scenes,bts,first time,masturbate,milf,nebraskacoeds,nervous,sauna,shot at home,shaved,solo girl,amateur",https://fi1-ph.ypncdn.com/videos/201908/22/243364721/original/6(m=eaf8Kgaaaa)(mh=aApqg_VlpgcYylQ-).jpg
https://www.youporn.com/embed/15623756/latina-girl-giving-a-handjob-before-hard-fucking/,,"Latina girl giving a handjob before hard fucking","amateur,blowjob,doggy style,handjob,homemade,latina,lovehomeporn,outdoors,big booty,poolside,bbc,spooning,doggy,cum on tits",https://fi1-ph.ypncdn.com/videos/201910/07/253411071/original/8(m=eaf8Kgaaaa)(mh=Utpc4xb-Inx4TJ0z).jpg
https://www.youporn.com/embed/15585126/two-hard-cocks-for-a-tiny-asshole/,,"two hard cocks for a tiny asshole","amateur,blowjob,double penetration,dp,lovehomeporn,shaved pussy,big toy,bbc,interracial,mmf,gape,pawg,matural tits,facial",https://fi1-ph.ypncdn.com/videos/201909/16/248857661/original/14(m=eaf8Kgaaaa)(mh=XhrJwLIhsjDnut3O).jpg
https://www.youporn.com/embed/15637974/sexy-blonde-wife-is-tired-of-her-husbands-tiny-cock/,"1,9,15,29,47,51,55,93,117","Sexy blonde wife is tired of her husbands tiny cock","amateur,homemade,milf,blowjob,hardcore,petite,small tits,wife,blonde,masturbating,trimmed,pussy licking,HomegrownVideo",https://di1.ypncdn.com/201910/17/15637974/original/2/sexy-blonde-wife-is-tired-of-her-husbands-tiny-cock-2(m=eaf8Kgaaaa).jpg
https://www.youporn.com/embed/15796528/sexy-lesbians-annabelle-and-sinn-masturbating/,"1,26,32,62,65","Sexy Lesbians Annabelle And Sinn Masturbating","HD,Lesbian,Yanks Featured Video,amateur,softcore,orgasm,petite,hd,young,brunette,pawg,small tits,masturbation",https://di1.ypncdn.com/202001/11/15796528/original/8/sexy-lesbians-annabelle-and-sinn-masturbating-8(m=eaf8Kgaaaa).jpg
https://www.youporn.com/embed/15279479/fucking-my-perfect-girlfriend/,"1,2,6,7,15,29,37,55,73","Fucking My Perfect Girlfriend","anal,ass,ass fuck,big ass,big boobs,booty,butt,cum,masturbate,milf,mom,mother,natural,pawg,thick white girl,tits",https://fi1-ph.ypncdn.com/videos/201904/05/216656452/original/8(m=eaf8Kgaaaa)(mh=LGXJoQLKthr1GMSG).jpg
https://www.youporn.com/embed/15694738/jessica-albanka-hot-virgin-masturbation/,"1,27,32,55,65","Jessica Albanka hot virgin masturbation","innocent girl,confirmation,solo,virgin,defloration,erotic,Jessica Albanka,sensual,hd,petite,panties,teen,leggy",https://di1.ypncdn.com/201911/20/15694738/original/6/jessica-albanka-hot-virgin-masturbation-6(m=eaf8Kgaaaa).jpg
https://www.youporn.com/embed/15160537/observed-and-fucked-in-the-maldives-little-caprice/,"1,30,36,73","Observed and fucked in the maldives - little caprice","amateur,best ass,big cock,blowjob,czech,deepthroat,doggystyle pov,fucked stalker,homemade,intimate,natural tits,outside,perfect body,point of view,public,reverse cowgirl,sex on the maldives",https://fi1-ph.ypncdn.com/videos/201901/19/202617511/original/8(m=eaf8Kgaaaa)(mh=S_g7rNN9hJVgOCqm).jpg
https://www.youporn.com/embed/15160545/impresionante-anal-a-hermoso-culo-latino/,"1,2,6,13,36,49,73,75","IMPRESIONANTE ANAL A HERMOSO CULO LATINO","acabando dentro,chorreada de leche,cojidas fuertes,colas xxx,corridas vagina,culo perfecto,culonas,culos ricos,latina anal,pijas grandes,venezolana anal,voy acabar",https://fi1-ph.ypncdn.com/videos/201901/07/200606781/thumbs_35/8(m=eaf8Kgaaaa)(mh=plGOz6aH4HrEDoQI).jpg
https://www.youporn.com/embed/15783316/young-black-amateur-creampie/,"1,65","Young black amateur creampie","ebony,teen,young,black,african,creampie,amateur,homemade,internal cumshot,shaved,Bambulax",https://di1.ypncdn.com/202001/06/15783316/original/14/young-black-amateur-creampie-14(m=eaf8Kgaaaa).jpg
https://www.youporn.com/embed/15594054/horny-amateur-anal-fucking-with-a-busty-hottie/,"1,9,65","horny amateur anal fucking with a busty hottie","amateur,big ass,blowjob,cowgirl,homemade,lovehomeporn,shaved pussy,doggy style,deep throat,side fucking,cumshot,small tits,brunette",https://fi1-ph.ypncdn.com/videos/201909/20/249695401/original/2(m=eaf8Kgaaaa)(mh=UrW1xc1IYWdegG3J).jpg
https://www.youporn.com/embed/15783288/elle-suce-plusieurs-mecs-au-bord-de-la-route/,"1,9,21,28,48,65,105,143","Elle suce plusieurs mecs au bord de la route","gangbang,amateur,suce,nympho,mature,nature,voyeur,public,blowjob,oral,oral sex,cuckold",https://di1.ypncdn.com/202001/06/15783288/original/2/elle-suce-plusieurs-mecs-au-bord-de-la-route-2(m=eaf8Kgaaaa).jpg
https://www.youporn.com/embed/15777224/sloppy-blowjob-with-bella-in-sauna/,"1,9,32,111","sloppy blowjob with bella in sauna","afterhoursexposed,bj,blowjob,petite,point of view,pov,spinner,teenager,young,big dick,amateur,busty,teen,cumshot",https://fi1-ph.ypncdn.com/videos/201910/14/254775041/original/7(m=eaf8Kgaaaa)(mh=ukJTXcKObUQur6cw).jpg
https://www.youporn.com/embed/15721058/nasty-phoenixxx-starr-slobs-spits-n-slober-on-rich-da-piper/,"1,9,29,36,65","nasty phoenixxx starr slobs spits n slober on rich da piper","cock,amateur,pornstars,reality,ghetto,black,ebony,thehabibshow,blowjob,sloppy,deepthroat,gagging,pov,tattoos,handjob,milf",https://di1.ypncdn.com/201912/08/15721058/original/13/nasty-phoenixxx-starr-slobs-spits-n-slober-on-rich-da-piper-13(m=eaf8Kgaaaa).jpg
https://www.youporn.com/embed/15687184/reife-hausfrau-blaest-mir-im-urlaub-spontan-den-schwanz/,"1,9,29,36,65","Reife Hausfrau blaest mir im Urlaub spontan den Schwanz","amateur,homemade,german,deutsche,mature,blowjob,point of view,handjob,big tits,pov,big butt,curvy,milf,bikini,outdoor",https://di1.ypncdn.com/201911/15/15687184/original/4/reife-hausfrau-blaest-mir-im-urlaub-spontan-den-schwanz-4(m=eaf8Kgaaaa).jpg
https://www.youporn.com/embed/15701348/amateur-busty-blonde-bbw-gets-fucked-outdoors/,,"Amateur busty blonde BBW gets fucked outdoors","amateur,homemade,masturbating,blowjob,outdoors,big tits,shaved,toy,blonde,pussy licking,vibrator,chubby,redhead,lingerie,doggy",https://di1.ypncdn.com/201911/25/15701348/original/11/amateur-busty-blonde-bbw-gets-fucked-outdoors-11(m=eaf8Kgaaaa).jpg
https://www.youporn.com/embed/15659292/fucked-to-tears-by-bbc-massive-cum-shot-unloaded-on-my-tits/,"1,25,29,47,73,111","Fucked to tears by BBC. Massive cum-shot unloaded on my tits!","bbc white pussy,beautiful agony,big boobs,big cock,black stockings,cheating wife,crying orgasm,cum onto tits,hotwife,mom,mother,multiple orgasm,pawg,real homemade wife,real swingers,verified amateurs",https://fi1-ph.ypncdn.com/videos/201910/26/257363411/thumbs_13/8(m=eaf8Kgaaaa)(mh=PtB1OnqHBuTjcuXh).jpg
https://www.youporn.com/embed/15796792/cute-blonde-teen-rides-huge-alien-dildo-anal/,"1,2,6,10,27,32,36,39,44,48,51,65,99,109","CUTE BLONDE TEEN RIDES HUGE ALIEN DILDO ANAL","snapchat,anal,dildo,teen,amateur,solo girl,riding dildo,huge dildo,anal toys,cute blonde,juicy ass,horny teen",https://di1.ypncdn.com/202001/12/15796792/original/6/cute-blonde-teen-rides-huge-alien-dildo-anal-6(m=eaf8Kgaaaa).jpg
https://www.youporn.com/embed/15369441/busty-brunette-wants-to-have-her-tight-hole-fucked-hard/,"1,7,9,15,47,52,54,66","Busty brunette wants to have her tight hole fucked hard","amateur,blowjob,pussy licking,big tits,brunette,69,shaved,missionary,doggystyle,cowgirl,busty",https://di1.ypncdn.com/201906/06/15369441/original/15/busty-brunette-wants-to-have-her-tight-hole-fucked-hard-15(m=eaf8Kgaaaa).jpg
https://www.youporn.com/embed/15795788/public-german-swinger-beach-orgy/,"1,21,30,58,65","public german swinger beach orgy","orgy,public,amateur,german,swinger,outdoor,groupsex,beach,teens,hd,busty,dick riding,cum on tits",https://di1.ypncdn.com/202001/11/15795788/original/5/public-german-swinger-beach-orgy-5(m=eaf8Kgaaaa).jpg
https://www.youporn.com/embed/15797098/ebony-teen-doggystyle-and-creampie/,,"Ebony teen doggystyle and creampie","ebony,black,african,chocolate,teen,young,interracial,doggystyle,creampie,internal cumshot,amateur,homemade,pov,couples,bambulax",https://di1.ypncdn.com/202001/12/15797098/original/3/ebony-teen-doggystyle-and-creampie-3(m=eaf8Kgaaaa).jpg
https://www.youporn.com/embed/15721068/rome-major-goddess-fucking-this-sexy-newbie-mila-mclaren/,"1,8,29,38,65","rome major goddess fucking this sexy newbie mila mclaren","amateur,ebony,threesome,gag,missionary,shaved,mmf,bbc,Rome Major,mila mclaren,thicc,hd",https://di1.ypncdn.com/201912/08/15721068/original/8/rome-major-goddess-fucking-this-sexy-newbie-mila-mclaren-8(m=eaf8Kgaaaa).jpg
https://www.youporn.com/embed/15586270/gorgeuos-smoking-milf-is-doing-nasty-things-with-her-toys/,"1,7,27,29,35,44,47,52,55,65,99","Gorgeuos Smoking Milf is doing Nasty things with her Toys","wet pussy,shaved pussy,mature,cougar,masturbation,dildo,big tit,stocking,solo,solo girl,webcam,big tits,milf,orgasm,female orgasm",https://di1.ypncdn.com/201909/17/15586270/original/2/gorgeuos-smoking-milf-is-doing-nasty-things-with-her-toys-2(m=eaf8Kgaaaa).jpg
https://www.youporn.com/embed/15390091/handwerker-fickt-mich/,"1,9,32,47,58,73,111","Handwerker fickt mich","big cock,deutsch teen,german amateur,german teen,leggings fuck,teenager,young",https://fi1-ph.ypncdn.com/videos/201903/05/211306521/thumbs_5/8(m=eaf8Kgaaaa)(mh=v-tAhdYcHCf3XUiR).jpg
https://www.youporn.com/embed/15633158/asian-dildo-riding/,"1,3,27,32,44,52,55,99","Asian dildo riding","Dildo,creamy pussy,teen,dildo riding,Asian,solo,solo girl,dildo,compilation,masturbate,masturbation,orgasm,female orgasm",https://di1.ypncdn.com/201910/14/15633158/original/7/asian-dildo-riding-7(m=eaf8Kgaaaa).jpg
https://www.youporn.com/embed/15424566/amateur-sexy-franzi-laundry-room-f-wmv/,"1,2,12,58",Amateur.Sexy.Franzi-Laundry.Room.F.wmv,"german,amateur,anal,blonde,couples,blowjob,doggystyle,small tits,petite,gonzo,close up,face fuck,cumshot,cum in mouth",https://di1.ypncdn.com/201907/03/15424566/original/16/amateur-sexy-franzi-laundry-room-f-wmv-16(m=eaf8Kgaaaa).jpg
https://www.youporn.com/embed/15601118/i-showed-my-friend-how-the-teacher-punished-me-solazola/,"1,9,10,18,32,36,47,65,73","I showed my friend how the teacher punished me - SolaZola","amateur,backtoschool2019,big cock,blowjob,cum face,cum glasses,little bitch,point of view,pov blowjob,punished teen,pussy licking,schoolgirl,sweet teen,teenager,young",https://fi1-ph.ypncdn.com/videos/201909/14/248424111/thumbs_5/13(m=eaf8Kgaaaa)(mh=ZlE0h8WSMa3H5DSf).jpg
https://www.youporn.com/embed/15569756/aa4b37ba-f8c8-4def-85cf-43f203ea3839-mov/,"1,27,48,51,55,62,99,117",AA4B37BA-F8C8-4DEF-85CF-43F203EA3839.MOV,"sexy,blonde,hot,tattoos,septum piercing,masturbating,orgasm,beautiful,babe,young,teenager,amateur,bra,panties,fingering,homemade",https://di1.ypncdn.com/201909/07/15569756/original/1/aa4b37ba-f8c8-4def-85cf-43f203ea3839-mov-1(m=eaf8Kgaaaa).jpg
https://www.youporn.com/embed/15774364/18-years-old-pawg-brunette-squirting/,"1,6,7,27,32,35,39,44,52,55,65","18 Years Old PAWG Brunette SQUIRTING","beautiful,18,young,pawg,girl,squirt,squirting,teen,big tits,brunette,orgasm,female ejaculation,masturbate,masturbation",https://di1.ypncdn.com/201912/29/15774364/original/4/18-years-old-pawg-brunette-squirting-4(m=eaf8Kgaaaa).jpg
https://www.youporn.com/embed/15376613/orgasm-on-my-mounted-dildo/,"1,6,46,55,65","Orgasm on my mounted dildo","orgasm,dildo,amateur,masturbation,ass,masturbate,toy,HD,big butt,big ass",https://di1.ypncdn.com/201906/11/15376613/original/4/orgasm-on-my-mounted-dildo-4(m=eaf8Kgaaaa).jpg
https://www.youporn.com/embed/15783552/try-not-to-cum-big-titty-goth-girls-compilation/,"1,7,9,11,13,32,37,49,53,55,65,123,141","Try Not To Cum Big Titty Goth Girls Compilation","big tits,goth girls,goth,big tits goth,teens,young,cum on tits,creampie,compilation,big titty,tattoos,tattoo",https://di1.ypncdn.com/202001/07/15783552/original/3/try-not-to-cum-big-titty-goth-girls-compilation-3(m=eaf8Kgaaaa).jpg
https://www.youporn.com/embed/15784504/ebony-teen-stepdaughter-creampied/,"1,8,65,66,111","ebony teen stepdaughter creampied","ebony,black,african,young,teen,stepdaughter,creampie,internal cumshot,amateur,homemade,bambulax,big dick,white dick,shaved,missionary",https://di1.ypncdn.com/202001/07/15784504/original/5/ebony-teen-stepdaughter-creampied-5(m=eaf8Kgaaaa).jpg
https://www.youporn.com/embed/15121879/spanked-milf-submissive/,"1,9,18,29,65,137","Spanked milf submissive","bdsm,fetish,amateur,submissive,hardcore,milf,deepthroat,blowjob,spanking,stockings,riding,cowgirl,doggystyle,reverse cowgirl,european,reality,pascalssluttysubs,tattoos",https://di1.ypncdn.com/201901/18/15121879/original/7/spanked-milf-submissive-7(m=eaf8Kgaaaa).jpg
https://www.youporn.com/embed/15626818/slut-is-happy-to-get-dirty/,"1,2,9,49,65","slut is happy to get dirty","amateur,anal,ass fuck,blowjob,cumshot,homemade,lovehomeporn,shaved pussy,small tits,reverse cowgirl,latina,doggy,facial",https://fi1-ph.ypncdn.com/videos/201910/09/253826941/original/8(m=eaf8Kgaaaa)(mh=THxfz6MC4jIjAqhw).jpg
https://www.youporn.com/embed/15419630/sex-mit-dem-ex-doggy-creampie-vom-ex-mann/,"1,7,9,13,28,29,47,51,58,73","Sex mit dem Ex - Doggy Creampie vom Ex-Mann","amateur blowjob,amateur couple,blonde,blonde milf,deutsche milf,doggystyle,german amateur,german blonde,german creampie,german milf,mature creampie,mom,mother,old,pure mature",https://fi1-ph.ypncdn.com/videos/201712/31/147890082/original/8(m=eaf8Kgaaaa)(mh=X_osHk6xVbyzmkCc).jpg
https://www.youporn.com/embed/15575290/sex-machine-fuck-me-so-hard-my-cunt-pulsating-and-squirt/,"1,35,39,44,55,65,73,75","Sex Machine Fuck Me so Hard. My Cunt Pulsating and Squirt","adult toys,big cunt,big pussy,creamy pussy,female ejaculation,female orgasm,hard orgasm squirt,masturbate,orgasm,piss,real woman orgasm,sex machine,squirt,squirting,squirting orgasm,webcam",https://fi1-ph.ypncdn.com/videos/201907/22/236972031/thumbs_15/2(m=eaf8Kgaaaa)(mh=Us4DMm7N94WsARG7).jpg
https://www.youporn.com/embed/15716518/he-fuck-his-friend-drunk/,"1,7,47,66","He Fuck His Friend Drunk","ass fuck,homemade,real amateur,drunk,big tits,amateur,cuckold,cuck,blonde,cucking,wife",https://di1.ypncdn.com/201912/05/15716518/original/9/he-fuck-his-friend-drunk-9(m=eaf8Kgaaaa).jpg
https://www.youporn.com/embed/15733134/elle-avale-tous-en-moins-de-10mins/,"1,9,12,36,37,48,65","Elle avale tous en moins de 10mins","pipe,cum,cumshoot,ejaculation,facial cumshot,amateur,suce,pov,teen couple,blowjob,fellatio,homemade,brunette,handjob,oral,cum in mouth,european",https://di1.ypncdn.com/201912/17/15733134/original/9/elle-avale-tous-en-moins-de-10mins-9(m=eaf8Kgaaaa).jpg
https://www.youporn.com/embed/15707596/big-black-ass-stuffed-to-the-brim/,"1,2,8,65,111","big black ass stuffed to the brim","black,ebony,pussy,big tits,big boobs,real,natural,amateur,girlfriend,cheating,hot,kissing,big cock,anal,teen,big butt,reverse cowgirl,bbc,big dick,rimming,pussy licking,anal creampie",https://di1.ypncdn.com/201911/29/15707596/original/13/big-black-ass-stuffed-to-the-brim-13(m=eaf8Kgaaaa).jpg
https://www.youporn.com/embed/15724098/blonde-in-yellow-latex-leggings/,"1,18,36,51,58,65","Blonde in yellow latex leggings","blonde,latex,yellow,leggings,cumshoot,hand job,fetish,german,girls,catsuit,reverse cowgirl,riding,blowjob,cowgirl,pov,point of view,shaved,petite",https://di1.ypncdn.com/201912/10/15724098/original/14/blonde-in-yellow-latex-leggings-14(m=eaf8Kgaaaa).jpg
https://www.youporn.com/embed/15796540/small-jugged-yanks-melody-masturbating/,"1,27,32,62","Small Jugged Yanks Melody Masturbating","HD,Shaved Pussy,amateur,solo,softcore,masturbation,orgasm,undressing,panties,small tits,fingering,blonde,young,petite",https://di1.ypncdn.com/202001/11/15796540/original/12/small-jugged-yanks-melody-masturbating-12(m=eaf8Kgaaaa).jpg
https://www.youporn.com/embed/15784832/tanned-mom-gently-sucks-her-huge-dildo/,"1,7,27,29,65","tanned mom gently sucks her huge dildo","adult toys,big boobs,cam 4,cam4,jack off instruction,joi,natural tits,dildo,amateur,brunette,mature,big tits",https://fi1-ph.ypncdn.com/videos/202001/07/274726001/original/8(m=eaf8Kgaaaa)(mh=RsBuG4KSYy0DJBO6).jpg
https://www.youporn.com/embed/15122085/ebony-submissive-throated/,"1,8,9,65,97","Ebony submissive throated","bdsm,fetish,amateur,submissive,maledom,hardcore,deepthroat,fingering,ebony,rough sex,hd,face fuck,teen,messy blowjob",https://di1.ypncdn.com/201901/18/15122085/original/11/ebony-submissive-throated-11(m=eaf8Kgaaaa).jpg
https://www.youporn.com/embed/15782588/swingers-club-gangbang-orgy-with-dee-siren/,"1,6,7,9,16,21,29,30,47,51,65,81,93,105","Swingers Club Gangbang Orgy with Dee Siren","gangbang,orgy,swinger,hotwife,slutwife,big tits ass,milf gangbang,milf orgy,big tits orgy,big ass gangbang,hotwife swinger,swingers club orgy",https://di1.ypncdn.com/202001/06/15782588/original/8/swingers-club-gangbang-orgy-with-dee-siren-8(m=eaf8Kgaaaa).jpg
https://www.youporn.com/embed/15665742/very-sexy-college-girls-competing-for-cash-in-wild-wet-tshirt-contest/,"1,10,30,32,65,117,137,141","very sexy college girls competing for cash in wild wet tshirt contest","big boobs,contest,flashing,outside,petite,public,risky,skin to win,southbeachcoeds,spring break,teenager,wet t,wet t shirt,wet tshirt,wild,young",https://fi1-ph.ypncdn.com/videos/201911/03/259057912/original/11(m=eaf8Kgaaaa)(mh=QiBHOxhrecC5zG8U).jpg
https://www.youporn.com/embed/15689162/yanks-bbw-amber-fingering-her-pussy/,,"Yanks BBW Amber Fingering Her Pussy","Brunette,HD,Rubbing,Yanks Featured Video,amateur,solo,softcore,masturbation,corset,busty,hd,female orgasm",https://di1.ypncdn.com/201911/16/15689162/original/8/yanks-bbw-amber-fingering-her-pussy-8(m=eaf8Kgaaaa).jpg
https://www.youporn.com/embed/15795874/----------/,"1,2,9,11,12,32,35,47,48,50,52,61,65,79,91,97,99,111,115,127,137","Домашнее Порно Минет Куни Секс Качок Андрей Булаткин Трахает Подругу ЭроВидеоЧат","Домашнее порно,Русский секс,Настоящий живой,Андрей Bulatkin Porno,Глубокий минет,Девушка мастурбирует член,Задницу трахал,Сладкая киска,Сука сосет,сперма на лице,сосать член,HD1080P",https://di1.ypncdn.com/202001/11/15795874/original/12/-----------12(m=eaf8Kgaaaa).jpg
https://www.youporn.com/embed/15458540/sucking-hubby-s-cock-as-fuckbuddy-pounds-me-and-cums-inside-my-pussy/,"1,9,13,29,38,51,65,73","Sucking hubby's cock as fuckbuddy pounds me and cums inside my pussy","blonde blowjob,blonde sucking cock,blowjob,cum in pussy,fuck buddy,fuck buddy cum,hot wife,hotwife,mfm,mfm threesome,milf,milf blowjob,milf sucking cock,mom,mother,sucking cock",https://fi1-ph.ypncdn.com/videos/201904/15/218433221/original/8(m=eaf8Kgaaaa)(mh=3-0m5q9T0nZugArr).jpg
https://www.youporn.com/embed/15525286/fucked-my-bestfriend-s-wife-while-he-s-was-at-work/,"1,6,36,47,99,109,111,125,137","FUCKED MY BESTFRIEND'S WIFE WHILE HE'S WAS AT WORK","reverse-cowgirl,phat ass,pov,big ass,big butt,big dick,bubble butt,stripper,bouncing ass,pawg,nice ass,point of view,ass clapping,doggy style,orgasm,homemade,cock riding,amateurs",https://di1.ypncdn.com/201908/18/15525286/original/16/fucked-my-bestfriend-s-wife-while-he-s-was-at-work-16(m=eaf8Kgaaaa).jpg
https://www.youporn.com/embed/15788354/hot-tits-katy-soroka-brunette-teen-underwater-naked/,,"Hot tits Katy Soroka brunette teen underwater naked","underwatershow,Katy Soroka,Russian,hd,teen,bikini,skinny dipping,pawg,petite,brunette,small tits,young",https://di1.ypncdn.com/202001/09/15788354/original/14/hot-tits-katy-soroka-brunette-teen-underwater-naked-14(m=eaf8Kgaaaa).jpg
https://www.youporn.com/embed/15796470/two-wild-randy-lesbos-wants-to-get-plowed/,,"Two Wild Randy Lesbos Wants To Get Plowed","Sweetcams,webcam,toying,amateurs,pawg,fingering,emo,petite,lesbians,young,hd,tattoo",https://di1.ypncdn.com/202001/11/15796470/original/13/two-wild-randy-lesbos-wants-to-get-plowed-13(m=eaf8Kgaaaa).jpg
https://www.youporn.com/embed/15692172/body-biker-rally-contest-at-the-abate-of-iowa-biker-rally/,,"body biker rally contest at the abate of iowa biker rally","big boobs,contest,nebraskacoeds,outside,public,public nudity,reality,skin to win,teenager,wet t,wet t shirt,wet tshirt,amateurs,bilkini",https://fi1-ph.ypncdn.com/videos/201911/18/262588392/original/16(m=eaf8Kgaaaa)(mh=E6bJ6ttLYFbBHMVE).jpg
https://www.youporn.com/embed/15694466/chocolate-fetish-doll-sexy-milf-play-with-that-pussy-mp4/,,"chocolate fetish doll sexy milf play with that pussy.mp4","amateur,black,ebony,bubblebutt,oiled,phat ass,lingerie,ass worship,pole dance,twerk,long hair,hd,masturbation,close up",https://di1.ypncdn.com/201911/20/15694466/original/7/chocolate-fetish-doll-sexy-milf-play-with-that-pussy-mp4-7(m=eaf8Kgaaaa).jpg
https://www.youporn.com/embed/15391871/cum-3-times-in-40-seconds-post-orgasm-torture/,"1,22,32,37,48,73,79,85,117","Cum 3 times in 40 seconds & Post orgasm torture","bondage slave,chastity,edging,femdom,femdom handjob,handjob bondage,handjob cumshot,handjob multiple cum,handjob torture,male bondage,multiple cumshots,post orgasm torture,ruined orgasm,speed handjob,spoiled orgasm,tease cock",https://fi1-ph.ypncdn.com/videos/201905/18/224328361/original/8(m=eaf8Kgaaaa)(mh=w9rhGiiDozRpdfDS).jpg
https://www.youporn.com/embed/15619466/only-girls-homemade-party/,"1,7,26,44,65","only girls homemade party","Amateur,real,natural,lesbian,lgbt,girls,new,wet,masturbate,hot,MILF,teen,mom,young,fingering,kiss,lick,big boobs,big tits,strapon,pussy licking,threesome",https://di1.ypncdn.com/201910/05/15619466/original/10/only-girls-homemade-party-10(m=eaf8Kgaaaa).jpg
https://www.youporn.com/embed/15781400/threesome-with-a-skinny-indian-babe-and-2-horny-guys/,"1,38,65,121","Threesome with a skinny Indian babe and 2 horny guys","skinny indian girls,indian sex tapes,indian porntapes,indian Doggy Style,mmf,blowjob,missionary,hairy,small tits,petite,amateur,doggystyle,spitroast,threesome,cumshots",https://di1.ypncdn.com/202001/04/15781400/original/13/threesome-with-a-skinny-indian-babe-and-2-horny-guys-13(m=eaf8Kgaaaa).jpg
https://www.youporn.com/embed/15642686/my-husband-s-cock-impinges-on-my-vagina-and-my-vagina-squirts-urine-twice/,,"My husband's cock impinges on my vagina and my vagina squirts urine twice","亚洲,中国,中国的,家庭性爱,夫妻,性爱,性交,做爱,自拍,大鸡巴,性感,大屁股",https://di1.ypncdn.com/201910/19/15642686/original/16/my-husband-s-cock-impinges-on-my-vagina-and-my-vagina-squirts-urine-twice-16(m=eaf8Kgaaaa).jpg
https://www.youporn.com/embed/15788812/jacquieetmicheltv-chaleur-en-hiver-avec-cali-et-zhelia-mp4/,"1,16,21,29,48,65","jacquieetmicheltv - Chaleur en hiver avec Cali et Zhelia !.mp4","francaise,french,milf,lesbian,french amateur,massage,gros cul,anal,step mom,amateur francais,femdom,french gameuse,double penetration,foursome,lingerie,blowjob,doggy,dp,cumshots",https://di1.ypncdn.com/202001/09/15788812/original/10/jacquieetmicheltv-chaleur-en-hiver-avec-cali-et-zhelia-mp4-10(m=eaf8Kgaaaa).jpg
https://www.youporn.com/embed/15735070/amatoriale-inculata-wmv/,"1,2,44,66","amatoriale inculata.wmv","anal,anal plug,blonde,mature,couple,homemade,dildo,shaved,spanish,fingering",https://di1.ypncdn.com/201912/18/15735070/original/14/amatoriale-inculata-wmv-14(m=eaf8Kgaaaa).jpg
https://www.youporn.com/embed/15798816/tasty-trio-of-real-amateur-lesbians/,,"tasty trio of real amateur lesbians","3some,amateur,ass licking,ersties,hairy pussy,lesbian licking,lesbian pussy eating,lesbian threesome,lesbians kissing,orgasm,reality,interview",https://fi1-ph.ypncdn.com/videos/202001/13/276371301/original/16(m=eaf8Kgaaaa)(mh=nPhB0SlxDaU934Pp).jpg
https://www.youporn.com/embed/15788786/young-ebony-fucked-and-creampied/,"1,8,32,65,66","Young ebony fucked and creampied","ebony,black,african,creampie,internal cumshot,amateur,homemade,interracial,panty,teen,busty,shaved,close up,hd",https://di1.ypncdn.com/202001/09/15788786/original/14/young-ebony-fucked-and-creampied-14(m=eaf8Kgaaaa).jpg
https://www.youporn.com/embed/15637058/hot-brunette-loves-to-get-hardcore-fucked/,"1,7,52,65","Hot brunette loves to get hardcore fucked","amateur,big boobs,big tits,brunette,cumshot,hairy pussy,homemade,lovehomeporn,bush,pubes,natural,pussy licking,blowjob,doggy style,shower",https://fi1-ph.ypncdn.com/videos/201910/16/255302292/original/3(m=eaf8Kgaaaa)(mh=erLDBMhPY9YMc7Lx).jpg
https://www.youporn.com/embed/15788374/curly-hair-sofia-dolgovyaz-confirms-virginity-and-masturbates/,"1,27,32,48,65","Curly hair Sofia Dolgovyaz confirms virginity and masturbates","innocent girl,confirmation,solo,18yo,small tits,Sofia Dolgovyaz,english subtitles,hd,petite,pawg,brunette,amateur",https://di1.ypncdn.com/202001/09/15788374/original/16/curly-hair-sofia-dolgovyaz-confirms-virginity-and-masturbates-16(m=eaf8Kgaaaa).jpg
https://www.youporn.com/embed/15290673/my-sexy-brunette-girlfriend-finally-let-me-film-us/,"1,9,12,15,36,47,52,54,61,66,93,109,111,117,123","My sexy brunette girlfriend finally let me film us","amateur,homemade,hardcore,blowjob,pussy licking,pov,brunette,shaved,tattoos,heels,homegrown,HomegrownVideo",https://di1.ypncdn.com/201904/16/15290673/original/6/my-sexy-brunette-girlfriend-finally-let-me-film-us-6(m=eaf8Kgaaaa).jpg
https://www.youporn.com/embed/15622006/3sum-fucking-with-a-hot-brunette-babe/,"1,16,38,65,66","3sum fucking with a hot brunette babe","3some,amateur,big tits,blowjob,brunette,double penetration,dp,homemade,lovehomeporn,shaved pussy,threesome,milf,shaved,mmf,tan lines",https://fi1-ph.ypncdn.com/videos/201910/06/253182371/original/6(m=eaf8Kgaaaa)(mh=0K57Z72lQ3MsAbv4).jpg
https://www.youporn.com/embed/15780692/massaging-young-tight-asian-girls/,"1,3,32,55","Massaging young tight Asian girls","asian,massage,thai,thaipussymassage,shaved,fingering,small tits,blowjob,missionary,teen,amateur,pussy massage",https://fi1-ph.ypncdn.com/videos/202001/04/273699581/original/9(m=eaf8Kgaaaa)(mh=ZZhCB-DsPgmm27v1).jpg
https://www.youporn.com/embed/15691124/little-red-riding-whore/,,"Little Red Riding Whore","slut wife,milf,female orgasm,small tits,tight pussy,tight ass,masturbating,clit rubbing,solo,hairy,orgasm,husband filming",https://di1.ypncdn.com/201911/18/15691124/original/7/little-red-riding-whore-7(m=eaf8Kgaaaa).jpg
https://www.youporn.com/embed/15575904/sexy-blonde-busty-babe-sucking-and-fucking-hard-cock/,"1,3,9,65,66","sexy blonde busty babe sucking and fucking hard cock","amateur,asian,blowjob,homemade,lovehomeporn,pov,shaved,busty,nipple play,blonde,hairy pussy,lactation,cumshot",https://fi1-ph.ypncdn.com/videos/201909/11/247782711/original/7(m=eaf8Kgaaaa)(mh=cuzwYASEfLrbRit9).jpg
https://www.youporn.com/embed/15736568/mitica-chantilly-m4v/,"1,9,47,48,51,117","mitica chantilly.m4v","oral,sex,blonde,pov,italian,point of view,blowjob,missionary,doggy style,amateurs,grandpa,teenager,teen-mature,natural tits,homemade",https://di1.ypncdn.com/201912/19/15736568/original/14/mitica-chantilly-m4v-14(m=eaf8Kgaaaa).jpg
https://www.youporn.com/embed/15300883/ebony-girlfriend-fucking-her-white-boyfriend/,"1,9,25,54,62","Ebony girlfriend fucking her white boyfriend","amateur,interracial,hardcore,blowjob,masturbating,toy,vibrator,piercing,saggy tits,fingering,HomegrownVideo",https://di1.ypncdn.com/201904/22/15300883/original/11/ebony-girlfriend-fucking-her-white-boyfriend-11(m=eaf8Kgaaaa).jpg
https://www.youporn.com/embed/15789334/trikepatrol-petite-asian-girl-enjoys-two-big-dicks-in-3some/,"1,3,32,38","TRIKEPATROL Petite Asian Girl Enjoys Two Big Dicks In 3some","3some,amateur,asian,big dick,blowjob,creampie,doggystyle,filipina,fmm,petite,small tits,threesome,trikepatrol,teen",https://fi1-ph.ypncdn.com/videos/202001/10/275357121/original/10(m=eaf8Kgaaaa)(mh=RiXYFBvzPLoEmRR3).jpg
https://www.youporn.com/embed/15735462/closeups-of-my-feet-while-getting-fucked-missionary-and-prone-bone-lelu-love/,"1,12,37,52,65","Closeups of my feet while getting fucked missionary and prone bone - Lelu Love","lelu-love,amateur,homemade,fetish,hd,hardcore,feet,foot,soles,cumshot,missionary,prone-bone,lelulove,romantic,couples,brunette,milf,doggystyle",https://di1.ypncdn.com/201912/18/15735462/original/2/closeups-of-my-feet-while-getting-fucked-missionary-and-prone-bone-lelu-love-2(m=eaf8Kgaaaa).jpg
https://www.youporn.com/embed/15557666/very-pretty-college-girl-gets-fucked-by-bad-boy/,"1,12,47,65,66","Very pretty college girl gets fucked by bad boy","hardcore,college,amateurs,blowjob,big tits,big butt,brunette,couples,handjob,homemade,missionary,straight sex,romantic,doggystyle",https://di1.ypncdn.com/201909/01/15557666/original/4/very-pretty-college-girl-gets-fucked-by-bad-boy-4(m=eaf8Kgaaaa).jpg
https://www.youporn.com/embed/15131729/big-tit-amateur-sucks-and-fucks-boyfriends-big-cock/,"1,2,7,9,47,52,54,66,109","Big tit amateur sucks and fucks boyfriends big cock","amateur,big tits,blowjob,natural tits,real couple,big naturals,69,First anal,reverse cowgirl,shaved,brunette",https://di1.ypncdn.com/201901/23/15131729/original/16/big-tit-amateur-sucks-and-fucks-boyfriends-big-cock-16(m=eaf8Kgaaaa).jpg
https://www.youporn.com/embed/15721088/slim-thick-bae-egypt-goes-deep-n-hard-on-bbc-french-boy/,"1,8,29,65,111","slim thick bae egypt goes deep n hard on bbc french boy","cock,amateur,pornstars,reality,ghetto,black,ebony,big dick,bbc,missionary,thehabibshow,blowjob,bubble butt,big tits,doggystyle",https://di1.ypncdn.com/201912/08/15721088/original/8/slim-thick-bae-egypt-goes-deep-n-hard-on-bbc-french-boy-8(m=eaf8Kgaaaa).jpg
https://www.youporn.com/embed/15692208/dante-s-indoor-pool-party-during-fantasy-fest-in-key-west-florida/,"1,30,32,65,137","dante's indoor pool party during fantasy fest in key west florida","bikini,flashing,milf,nebraskacoeds,outside,pool,public,teenager,young,Fantasy Fest,amateurs,big tits,contest,public nudity,wet t shirt,girl on girl",https://fi1-ph.ypncdn.com/videos/201911/18/262588542/original/8(m=eaf8Kgaaaa)(mh=bfNKuVdxfuAAhcig).jpg
https://www.youporn.com/embed/15133137/chubby-submissive-throats/,"1,18,65,137","Chubby submissive throats","bdsm,fetish,amateur,submissive,hd,deepthroat,maledom,wam,chubby,lingerie,stockings,PascalsSubsluts",https://di1.ypncdn.com/201901/24/15133137/original/12/chubby-submissive-throats-12(m=eaf8Kgaaaa).jpg
https://www.youporn.com/embed/15674092/yanks-elise-humps-her-hands/,,"Yanks Elise Humps Her Hands","Brunette,HD,Humping,Yanks Featured Video,amateur,solo,softcore,masturbation,Elise Graves,hd,big booty,shaved",https://di1.ypncdn.com/201911/09/15674092/original/8/yanks-elise-humps-her-hands-8(m=eaf8Kgaaaa).jpg
https://www.youporn.com/embed/15786772/deutsche-touristin-abgeschleppt-german-guy-public-pick-up-18yo-amateur-teen-tourist-au-pair-skinny-teen-for-casting/,"1,32,47,58,65","Deutsche touristin abgeschleppt - german guy public pick up 18yo amateur teen tourist au pair skinny teen for casting","german,deutsch,skinny,teen,pick up,casting,student,amateur,german pickup,petite,usertreffen,blowjob,tattoos,doggystyle,reverse cowgirl,small tits,missionary",https://di1.ypncdn.com/202001/08/15786772/original/12/deutsche-touristin-abgeschleppt-german-guy-public-pick-up-18yo-amateur-teen-tourist-au-pair-skinny-teen-for-casting-12(m=eaf8Kgaaaa).jpg
https://www.youporn.com/embed/15778554/double-anal-fist-fucked-latin-milf/,"1,18,29,65,87","Double Anal Fist Fucked Latin MILF","gape,gaping,dilation,fetish,amateur,bizarre,extreme,prolapse,fisting,double fist,milf,hd,latina",https://di1.ypncdn.com/202001/02/15778554/original/8/double-anal-fist-fucked-latin-milf-8(m=eaf8Kgaaaa).jpg
https://www.youporn.com/embed/15788842/redhead-german-gets-pussy-licked-and-screwed/,"1,29,47,65,66","Redhead german gets pussy licked and screwed","big ass,doggystyle,natural tits,pussy licking,redhead,shaved pussy,milf,amateur,homemade,hd,bbc,tattoo",https://di1.ypncdn.com/202001/09/15788842/original/15/redhead-german-gets-pussy-licked-and-screwed-15(m=eaf8Kgaaaa).jpg
https://www.youporn.com/embed/15799496/hot-gymnast-sofya-belaya-spreading-her-long-legs/,"1,7,18,27,32,51,54,56,65","Hot gymnast Sofya Belaya spreading her long legs","bridge,teen gymnast,teen ballerina,stretched pussy,young gymnast,gym,gymnasts,yoga,naked yoga,18yo,big tits,russian gymnast,FlexyTeens,softcore",https://di1.ypncdn.com/202001/14/15799496/original/11/hot-gymnast-sofya-belaya-spreading-her-long-legs-11(m=eaf8Kgaaaa).jpg
https://www.youporn.com/embed/15694456/alexis-love-knows-how-to-give-that-nasty-head-to-bbc-suga-slim-mp4/,"1,8,9,65,111","alexis love knows how to give that nasty head to bbc suga slim.mp4","cock,amateur,pornstars,reality,ghetto,black,ebony,blowjob,bbc,big dick,big tits,tattoos,sloppy,deepthroat,thicc,oil,thehabibshow",https://di1.ypncdn.com/201911/20/15694456/original/8/alexis-love-knows-how-to-give-that-nasty-head-to-bbc-suga-slim-mp4-8(m=eaf8Kgaaaa).jpg
https://www.youporn.com/embed/15775600/just-another-day-masturbating-in-the-bath-with-my-diving-mask-snorkel-on/,"1,27,29,62,65","Just another day masturbating in the bath with my diving mask snorkel on","lelu-love,amateur,homemade,fetish,hd,solo,snorkel,mask,bath,busty,shaved,fingering,milf",https://di1.ypncdn.com/201912/30/15775600/original/15/just-another-day-masturbating-in-the-bath-with-my-diving-mask-snorkel-on-15(m=eaf8Kgaaaa).jpg
https://www.youporn.com/embed/15802686/amateur-couple-fucking-for-breakfast/,"1,12,36","Amateur couple fucking for breakfast","amateur,bf gf,big ass fuck,big cock,butt,cum ass,gf blowjob,guy fingering pussy,homemade,masturbate,peepleak,phone sex,real couple homemade,selfie masturbation,shaved pussy fuck,young couple webcam",https://fi1-ph.ypncdn.com/videos/202001/16/277035191/original/8(m=eaf8Kgaaaa)(mh=d6cGlnlI840qcsE2).jpg
https://www.youporn.com/embed/15682300/ran-minami-sucks-the-dick-until-the-last-drop-of-cum-more-at-slurpjp-com/,,"Ran Minami sucks the dick until the last drop of cum - More at Slurpjp com","asian,japanese,car sex,amateur,fingering,pov,blowjob,outdoor,Ran Minami,white panties,hd,busty,teen",https://di1.ypncdn.com/201911/13/15682300/original/16/ran-minami-sucks-the-dick-until-the-last-drop-of-cum-more-at-slurpjp-com-16(m=eaf8Kgaaaa).jpg
https://www.youporn.com/embed/15589080/big-ass-hot-blonde-babe-is-ready-for-dicking/,"1,2,51,65,111","big ass hot blonde babe is ready for dicking","amateur,anal,ass fuck,big tits,blonde,blowjob,homemade,lovehomeporn,shaved pussy,mature,shaved,bbc,spooning,cum on tits",https://fi1-ph.ypncdn.com/videos/201909/18/249306641/original/13(m=eaf8Kgaaaa)(mh=pz14eINxFaKv1Vfw).jpg
https://www.youporn.com/embed/15733870/sima-lastova-hot-underwater-must-watch/,"1,27,32,48,65","Sima Lastova hot underwater must watch!","underwatershow,Russian,busty,euro,bikini,softcore,Sima Lastova,hd,skinny dipping,redhead,shaved,petite,amateur,teen,young",https://di1.ypncdn.com/201912/17/15733870/original/12/sima-lastova-hot-underwater-must-watch-12(m=eaf8Kgaaaa).jpg
https://www.youporn.com/embed/15692186/clubbing-and-getting-naked-in-fitting-room-of-bar/,"1,30,32,65,137","clubbing and getting naked in fitting room of bar","flashing,gone wild,naked in public,nebraskacoeds,outside,public,public nudity,reality,skinny,teenager,young,small tits,amateurs",https://fi1-ph.ypncdn.com/videos/201911/18/262588652/original/15(m=eaf8Kgaaaa)(mh=G83Kzvcb1xcASb1u).jpg
https://www.youporn.com/embed/15462756/la-vendeuse-perverse-et-ses-clientes-amatrices-compilation/,,"La vendeuse perverse et ses clientes - amatrices compilation","francais,francaise,france,french,porno amateur,amatrice,public,public nudity,public sex,exhib,exhibitionism,strapon",https://di1.ypncdn.com/201907/19/15462756/original/9/la-vendeuse-perverse-et-ses-clientes-amatrices-compilation-9(m=eaf8Kgaaaa).jpg
https://www.youporn.com/embed/15124731/fetish-sub-fucked-roughly/,"1,9,52,65,97","Fetish sub fucked roughly","bdsm,fetish,amateur,submissive,maledom,hardcore,deepthroat,roughsex,english subtitles,pounded,tiny nipples,messy blowjob,hd,face fuck",https://di1.ypncdn.com/201901/19/15124731/original/11/fetish-sub-fucked-roughly-11(m=eaf8Kgaaaa).jpg
https://www.youporn.com/embed/15737090/perverse-femdom-with-my-slave-jimmy/,"1,18,65,85","perverse femdom with my slave Jimmy","femdom,pissing,facesitting,mistress,pussy licking,penis pump,male slave,bondage,bdsm,fetish,kink,blowjob,small tits,petite,riding,cowgirl,amateur,rimming",https://di1.ypncdn.com/201912/19/15737090/original/3/perverse-femdom-with-my-slave-jimmy-3(m=eaf8Kgaaaa).jpg
https://www.youporn.com/embed/15788130/hot-petite-babe-gets-fucked-in-doggie-position/,"1,12,35,47,65","Hot Petite Babe Gets Fucked In Doggie Position","Sweetcams,blowjob,deepthroat,couple,brunette,webcam,hd,pawg,teen,emo,skinny,doggy,69",https://di1.ypncdn.com/202001/09/15788130/original/8/hot-petite-babe-gets-fucked-in-doggie-position-8(m=eaf8Kgaaaa).jpg
https://www.youporn.com/embed/15726144/serina-sucks-random-man-s-cock-then-swallows-his-jizz-more-at-slurpjp-com/,,"Serina sucks random man´s cock then swallows his jizz - More at Slurpjp com","japanese,car sex,glasses,hand work,hot milf,sexy lingerie,amateur,blowjob,lingerie,outdoor,handjob,ferame,natural tits",https://di1.ypncdn.com/201912/12/15726144/original/12/serina-sucks-random-man-s-cock-then-swallows-his-jizz-more-at-slurpjp-com-12(m=eaf8Kgaaaa).jpg
https://www.youporn.com/embed/15131675/slutty-amateur-sucks-her-pussy-juices-off-of-my-cock/,,"Slutty amateur sucks her pussy juices off of my cock","amateur,pussy licking,long nipples,tattoo,swallow,trimmed,pov,dirty talk,brunette,missionary,erect nipples",https://di1.ypncdn.com/201901/23/15131675/original/16/slutty-amateur-sucks-her-pussy-juices-off-of-my-cock-16(m=eaf8Kgaaaa).jpg
https://www.youporn.com/embed/15797968/birdie-is-a-first-timer-who-is-recently-single-and-has-thought-about-doing/,"1,41,52,65","Birdie is a first timer who is recently single and has thought about doing","birdie,desperateamateurs,first,interview,money,new,pawg,petite,redhead,shy,small tits,thot,white",https://fi1-ph.ypncdn.com/videos/202001/13/276223951/original/13(m=eaf8Kgaaaa)(mh=n1Frk-V86fD5W2fu).jpg
